customerID,churn_probability,Contract,InternetService,tenure,MonthlyCharges,TotalCharges,Churn
7590-VHVEG,0.6651,Month-to-month,DSL,1,29.85,29.85,No
5575-GNVDE,0.0432,One year,DSL,34,56.95,1889.5,No
3668-QPYBK,0.2999,Month-to-month,DSL,2,53.85,108.15,Yes
7795-CFOCW,0.0341,One year,DSL,45,42.3,1840.75,No
9237-HQITU,0.6907,Month-to-month,Fiber optic,2,70.7,151.65,Yes
9305-CDSKC,0.7696,Month-to-month,Fiber optic,8,99.65,820.5,Yes
1452-KIOVK,0.5025,Month-to-month,Fiber optic,22,89.1,1949.4,No
6713-OKOMC,0.312,Month-to-month,DSL,10,29.75,301.9,No
7892-POOKP,0.5946,Month-to-month,Fiber optic,28,104.8,3046.05,Yes
6388-TABGU,0.0115,One year,DSL,62,56.15,3487.95,No
9763-GRSKD,0.2149,Month-to-month,DSL,13,49.95,587.45,No
7469-LKBCI,0.0244,Two year,No,16,18.95,326.8,No
8091-TTVAX,0.1581,One year,Fiber optic,58,100.35,5681.1,No
0280-XJGEX,0.4419,Month-to-month,Fiber optic,49,103.7,5036.3,Yes
5129-JLPIS,0.4199,Month-to-month,Fiber optic,25,105.5,2686.05,No
3655-SNQYZ,0.0332,Two year,Fiber optic,69,113.25,7895.15,No
8191-XWSZG,0.007,One year,No,52,20.65,1022.95,No
9959-WOFKT,0.0391,Two year,Fiber optic,71,106.7,7382.25,No
4190-MFLUW,0.1602,Month-to-month,DSL,10,55.2,528.35,Yes
4183-MYFRB,0.5735,Month-to-month,Fiber optic,21,90.05,1862.9,No
8779-QRDMV,0.7251,Month-to-month,DSL,1,39.65,39.65,Yes
1680-VDCWW,0.0695,One year,No,12,19.8,202.25,No
1066-JKSGK,0.1996,Month-to-month,No,1,20.15,20.15,Yes
3638-WEABW,0.0127,Two year,DSL,58,59.9,3505.1,No
6322-HRPFA,0.0237,Month-to-month,DSL,49,59.6,2970.3,No
6865-JZNKO,0.1207,Month-to-month,DSL,30,55.3,1530.6,No
6467-CHFZW,0.4673,Month-to-month,Fiber optic,47,99.35,4749.15,Yes
8665-UTDHZ,0.4973,Month-to-month,DSL,1,30.2,30.2,Yes
5248-YGIJN,0.0145,Two year,DSL,72,90.25,6369.45,No
8773-HHUOZ,0.3288,Month-to-month,DSL,17,64.7,1093.1,Yes
3841-NFECX,0.0303,Two year,Fiber optic,71,96.35,6766.95,No
4929-XIHVW,0.6827,Month-to-month,Fiber optic,2,95.5,181.65,No
6827-IEAUQ,0.0301,One year,DSL,27,66.15,1874.45,No
7310-EGVHZ,0.2042,Month-to-month,No,1,20.2,20.2,No
3413-BMNZE,0.4059,Month-to-month,DSL,1,45.25,45.25,No
6234-RAAPL,0.0224,Two year,Fiber optic,72,99.9,7251.7,No
6047-YHPVI,0.6711,Month-to-month,Fiber optic,5,69.7,316.9,Yes
6572-ADKRS,0.2179,Month-to-month,Fiber optic,46,74.8,3548.3,No
5380-WJKOV,0.6244,Month-to-month,Fiber optic,34,106.35,3549.25,Yes
8168-UQWWF,0.697,Month-to-month,Fiber optic,11,97.85,1105.4,Yes
8865-TNMNX,0.1304,One year,DSL,10,49.55,475.7,No
9489-DEDVP,0.0107,Two year,DSL,70,69.2,4872.35,No
9867-JCZSP,0.0503,One year,No,17,20.75,418.25,No
4671-VJLCL,0.0118,Two year,DSL,63,79.85,4861.45,No
4080-IIARD,0.2962,Month-to-month,DSL,13,76.2,981.45,No
3714-NTNFO,0.4241,Month-to-month,Fiber optic,49,84.5,3906.7,No
5948-UJZLF,0.2999,Month-to-month,DSL,2,49.25,97.0,No
7760-OYPDY,0.7297,Month-to-month,Fiber optic,2,80.65,144.15,Yes
7639-LIAYI,0.0303,Two year,DSL,52,79.75,4217.8,No
2954-PIBKO,0.0064,Two year,DSL,69,64.15,4254.1,No
8012-SOUDQ,0.4975,Month-to-month,Fiber optic,43,90.25,3838.75,No
9420-LOJKX,0.471,Month-to-month,Fiber optic,15,99.1,1426.4,Yes
6575-SUVOI,0.2191,Month-to-month,DSL,25,69.5,1752.65,No
7495-OOKFY,0.6351,Month-to-month,Fiber optic,8,80.65,633.3,Yes
4667-QONEA,0.0215,One year,DSL,60,74.85,4456.35,No
1658-BYGOY,0.7891,Month-to-month,Fiber optic,18,95.45,1752.55,Yes
8769-KKTPH,0.135,One year,Fiber optic,63,99.65,6311.2,No
5067-XJQFU,0.186,One year,Fiber optic,66,108.45,7076.35,No
3957-SQXML,0.0163,Two year,No,34,24.95,894.3,No
5954-BDFSG,0.0687,Two year,Fiber optic,72,107.5,7853.7,No
0434-CSFON,0.554,Month-to-month,Fiber optic,47,100.5,4707.1,No
1215-FIGMP,0.27,Month-to-month,Fiber optic,60,89.9,5450.7,No
0526-SXDJP,0.006,Two year,DSL,72,42.1,2962.0,No
0557-ASKVU,0.1093,One year,DSL,18,54.4,957.1,No
5698-BQJOH,0.7361,Month-to-month,Fiber optic,9,94.4,857.25,Yes
5122-CYFXA,0.4932,Month-to-month,DSL,3,75.3,244.1,No
8627-ZYGSZ,0.2022,One year,Fiber optic,47,78.9,3650.35,No
3410-YOQBQ,0.0452,Two year,DSL,31,79.2,2497.2,No
3170-NMYVV,0.0041,Two year,No,50,20.15,930.9,No
7410-OIEDU,0.436,Month-to-month,Fiber optic,10,79.85,887.35,No
2273-QCKXA,0.3086,Month-to-month,DSL,1,49.05,49.05,No
0731-EBJQB,0.0156,One year,No,52,20.4,1090.65,No
1891-QRQSA,0.0782,Two year,Fiber optic,64,111.6,7099.0,No
8028-PNXHQ,0.004,Two year,No,62,24.25,1424.6,No
5630-AHZIL,0.2786,Month-to-month,DSL,3,64.5,177.4,No
2673-CXQEU,0.2078,One year,Fiber optic,56,110.5,6139.5,No
6416-JNVRK,0.0543,One year,DSL,46,55.65,2688.85,No
5590-ZSKRV,0.1758,Month-to-month,DSL,8,54.65,482.25,No
0191-ZHSKZ,0.2774,Month-to-month,DSL,30,74.75,2111.3,No
3887-PBQAO,0.026,One year,No,45,25.9,1216.6,No
5919-TMRGD,0.7342,Month-to-month,Fiber optic,1,79.35,79.35,Yes
8108-UXRQN,0.4332,Month-to-month,DSL,11,50.55,565.35,No
9191-MYQKX,0.5803,Month-to-month,Fiber optic,7,75.15,496.9,Yes
9919-YLNNG,0.3356,Month-to-month,Fiber optic,42,103.8,4327.5,No
0318-ZOPWS,0.0064,Two year,No,49,20.15,973.35,No
4445-ZJNMU,0.6812,Month-to-month,Fiber optic,9,99.3,918.75,No
4808-YNLEU,0.0878,One year,DSL,35,62.15,2215.45,No
1862-QRWPE,0.0042,Two year,No,48,20.65,1057.0,No
2796-NNUFI,0.0068,Two year,No,46,19.95,927.1,No
3016-KSVCP,0.2279,Month-to-month,DSL,29,33.75,1009.25,No
4767-HZZHQ,0.2368,Month-to-month,Fiber optic,30,82.05,2570.2,No
2424-WVHPL,0.6001,Month-to-month,Fiber optic,1,74.7,74.7,No
7233-PAHHL,0.0192,Two year,DSL,66,84.0,5714.25,No
6067-NGCEU,0.2467,Month-to-month,Fiber optic,65,111.05,7107.0,No
9848-JQJTX,0.0927,Two year,Fiber optic,72,100.9,7459.05,No
8637-XJIVR,0.5716,Month-to-month,Fiber optic,12,78.95,927.35,Yes
9803-FTJCG,0.0101,One year,DSL,71,66.85,4748.7,No
0278-YXOOG,0.1534,Month-to-month,No,5,21.05,113.85,Yes
3212-KXOCR,0.0048,Two year,No,52,21.0,1107.2,No
4598-XLKNJ,0.6252,Month-to-month,Fiber optic,25,98.5,2514.5,Yes
6380-ARCEH,0.1905,Month-to-month,No,1,20.2,20.2,No
3679-XASPY,0.2235,Month-to-month,No,1,19.45,19.45,No
7123-WQUHX,0.1722,One year,Fiber optic,38,95.0,3605.6,No
5386-THSLQ,0.036,One year,DSL,66,45.55,3027.25,No
3192-NQECA,0.0834,Two year,Fiber optic,68,110.0,7611.85,Yes
6180-YBIQI,0.4556,Month-to-month,DSL,5,24.3,100.2,No
6728-DKUCO,0.1553,One year,Fiber optic,72,104.15,7303.05,No
9750-BOOHV,0.069,One year,DSL,32,30.15,927.65,No
8597-CWYHH,0.2208,One year,Fiber optic,43,94.35,3921.3,No
2848-YXSMW,0.0014,Two year,No,72,19.4,1363.25,No
0486-HECZI,0.2886,Month-to-month,Fiber optic,55,96.75,5238.9,Yes
4549-ZDQYY,0.0148,One year,DSL,52,57.95,3042.25,No
5712-AHQNN,0.4029,Month-to-month,Fiber optic,43,91.65,3954.1,No
4846-WHAFZ,0.5008,Month-to-month,Fiber optic,37,76.5,2868.15,Yes
5256-SKJGO,0.026,Two year,DSL,64,54.6,3423.5,No
3071-VBYPO,0.4749,Month-to-month,Fiber optic,3,89.85,248.4,No
9560-BBZXK,0.0303,Two year,DSL,36,31.05,1126.35,No
5299-RULOA,0.6908,Month-to-month,Fiber optic,10,100.25,1064.65,Yes
8402-OOOHJ,0.0075,Two year,No,41,20.65,835.15,No
9445-ZUEQE,0.2788,Month-to-month,Fiber optic,27,85.2,2151.6,No
1091-SOZGA,0.2105,One year,Fiber optic,56,99.8,5515.45,No
2928-HLDBA,0.1738,Month-to-month,No,6,20.7,112.75,No
0404-SWRVG,0.7468,Month-to-month,Fiber optic,3,74.4,229.55,Yes
6497-TILVL,0.1995,Month-to-month,DSL,7,50.7,350.35,No
7219-TLZHO,0.1519,Month-to-month,No,4,20.85,62.9,No
4622-YNKIJ,0.1167,Two year,Fiber optic,33,88.95,3027.65,No
4412-YLTKF,0.61,Month-to-month,Fiber optic,27,78.05,2135.5,Yes
6734-PSBAW,0.0036,Two year,No,72,23.55,1723.95,No
3930-ZGWVE,0.1911,Month-to-month,No,1,19.75,19.75,No
2639-UGMAZ,0.0615,One year,DSL,71,56.45,3985.35,No
2876-GZYZC,0.6985,Month-to-month,Fiber optic,13,85.95,1215.65,No
6207-WIOLX,0.2714,Month-to-month,DSL,25,58.6,1502.65,Yes
8587-XYZSF,0.0051,Two year,DSL,67,50.55,3260.1,No
3091-FYHKI,0.6951,Month-to-month,DSL,1,35.45,35.45,Yes
2372-HWUHI,0.3971,Month-to-month,DSL,2,44.35,81.25,Yes
7799-LGRDP,0.0116,Two year,No,43,25.7,1188.2,No
7850-VWJUU,0.3702,Month-to-month,Fiber optic,23,75.0,1778.5,No
3774-VBNXY,0.0026,Two year,No,64,20.2,1277.75,No
6217-KDYWC,0.003,Two year,No,57,19.6,1170.55,No
0390-DCFDQ,0.6605,Month-to-month,Fiber optic,1,70.45,70.45,Yes
3146-MSEGF,0.0169,Two year,DSL,72,88.05,6425.65,No
4080-OGPJL,0.2888,Month-to-month,DSL,8,71.15,563.65,Yes
1095-WGNGG,0.112,Two year,Fiber optic,61,101.05,5971.25,No
2636-SJDOU,0.0671,One year,Fiber optic,64,84.3,5289.05,No
1131-QQZEB,0.0025,Two year,No,71,23.95,1756.2,No
5716-EZXZN,0.0351,Two year,Fiber optic,65,99.05,6416.7,No
6837-BJYDQ,0.0984,One year,No,3,19.6,61.35,No
2135-RXIHG,0.5018,Month-to-month,DSL,1,45.65,45.65,Yes
6440-DKQGE,0.0717,One year,DSL,30,64.5,1929.95,No
3466-BYAVD,0.2269,Month-to-month,DSL,15,69.5,1071.4,No
3780-YVMFA,0.4283,Month-to-month,DSL,8,68.55,564.35,No
3874-EQOEP,0.6316,Month-to-month,Fiber optic,7,95.0,655.5,Yes
1679-JRFBR,0.1182,One year,Fiber optic,70,108.15,7930.55,No
9073-ZZIAY,0.0123,Two year,DSL,62,86.1,5215.25,No
3077-RSNTJ,0.1234,Month-to-month,No,6,19.7,113.5,No
6551-GNYDG,0.5543,Month-to-month,Fiber optic,14,80.9,1152.8,No
9167-APMXZ,0.6069,Month-to-month,Fiber optic,22,84.15,1821.95,No
2749-CTKAJ,0.035,One year,No,22,20.15,419.9,No
6371-NZYEG,0.0519,Two year,DSL,16,64.25,1024.0,No
7554-NEWDD,0.0576,Two year,No,10,25.7,251.6,No
8992-VONJD,0.2324,Month-to-month,DSL,13,56.0,764.55,No
0867-MKZVY,0.4256,Month-to-month,Fiber optic,20,82.4,1592.35,Yes
4482-EWFMI,0.704,Month-to-month,Fiber optic,2,69.7,135.2,No
4648-YPBTM,0.0255,Two year,DSL,53,73.9,3958.25,No
2907-ILJBN,0.0574,One year,No,11,20.6,233.9,No
6345-FZOQH,0.0013,Two year,No,69,19.9,1363.45,No
3376-BMGFE,0.5801,Month-to-month,Fiber optic,4,70.9,273.0,Yes
5997-OPVFA,0.0142,Two year,DSL,72,89.05,6254.45,No
3445-HXXGF,0.1419,Month-to-month,DSL,58,45.3,2651.2,Yes
1159-WFSGR,0.1182,Month-to-month,No,16,20.4,321.4,No
7654-YWJUF,0.0705,One year,Fiber optic,43,84.25,3539.25,No
1875-QIVME,0.7461,Month-to-month,Fiber optic,2,104.4,242.8,Yes
6727-IOTLZ,0.0673,Two year,DSL,14,81.95,1181.75,No
0691-JVSYA,0.2266,One year,Fiber optic,53,94.85,5000.2,Yes
5918-VUKWP,0.0281,One year,No,32,20.55,654.55,No
1744-JHKYS,0.0892,Month-to-month,No,34,24.7,780.2,No
2656-FMOKZ,0.6359,Month-to-month,Fiber optic,15,74.45,1145.7,Yes
2070-FNEXE,0.4719,Month-to-month,Fiber optic,7,76.45,503.6,Yes
5947-SGKCL,0.6226,Month-to-month,Fiber optic,15,105.35,1559.25,No
3712-PKXZA,0.0092,One year,No,61,20.55,1252.0,No
6317-YPKDH,0.4686,Month-to-month,DSL,1,29.95,29.95,Yes
6582-OIVSP,0.3584,Month-to-month,DSL,1,45.3,45.3,No
9367-WXLCH,0.5747,Month-to-month,Fiber optic,8,84.5,662.65,Yes
5524-KHNJP,0.0656,One year,DSL,33,74.75,2453.3,No
1918-ZBFQJ,0.5565,Month-to-month,Fiber optic,13,79.25,1111.65,Yes
1024-GUALD,0.6487,Month-to-month,DSL,1,24.8,24.8,Yes
4827-USJHP,0.2368,Month-to-month,DSL,20,51.8,1023.85,No
8167-GJLRN,0.4811,Month-to-month,DSL,3,30.4,82.15,No
0956-SYCWG,0.0883,One year,No,13,19.65,244.8,No
8017-UVSZU,0.1118,Month-to-month,DSL,40,56.6,2379.1,No
7100-FQPRV,0.0532,One year,DSL,43,71.9,3173.35,No
2472-OVKUP,0.663,Month-to-month,Fiber optic,6,91.0,531.0,Yes
2984-RGEYA,0.0017,Two year,No,69,19.75,1375.4,No
9680-NIAUV,0.046,Two year,Fiber optic,72,109.7,8129.3,No
2146-EGVDT,0.0019,Two year,No,59,19.3,1192.7,No
2604-IJPDU,0.3909,Month-to-month,Fiber optic,20,96.55,1901.65,No
9178-JHUVJ,0.0261,Two year,No,24,24.1,587.4,No
6168-YBYNP,0.3736,Month-to-month,Fiber optic,59,111.35,6519.75,No
7255-SSFBC,0.0659,Two year,Fiber optic,72,112.25,8041.65,No
3645-DEYGF,0.1741,Month-to-month,No,1,20.75,20.75,No
9323-HGFWY,0.2335,One year,Fiber optic,27,101.9,2681.15,No
8544-GOQSH,0.3773,Month-to-month,Fiber optic,14,80.05,1112.3,No
3363-DTIVD,0.0554,Two year,Fiber optic,71,105.55,7405.5,No
7018-WBJNK,0.5422,Month-to-month,Fiber optic,13,78.3,1033.95,No
9142-KZXOP,0.1651,Month-to-month,Fiber optic,44,68.85,2958.95,No
7674-YTAFD,0.1748,One year,Fiber optic,33,79.95,2684.85,No
6348-SNFUS,0.0073,Two year,DSL,72,55.45,4179.2,No
1285-OKIPP,0.6652,Month-to-month,Fiber optic,1,79.9,79.9,Yes
7825-ECJRF,0.4616,Month-to-month,Fiber optic,19,106.6,1934.45,Yes
1347-KTTTA,0.1062,One year,Fiber optic,64,102.45,6654.1,No
7841-TZDMQ,0.4125,Month-to-month,DSL,2,46.0,84.5,Yes
4195-NZGTA,0.5816,Month-to-month,DSL,1,25.25,25.25,No
7157-SMCFK,0.0023,Two year,No,61,19.75,1124.2,No
4709-LKHYG,0.0298,One year,No,29,20.0,540.05,No
2504-DSHIH,0.5981,Month-to-month,Fiber optic,23,86.8,1975.85,No
0699-NDKJM,0.1072,Month-to-month,DSL,57,58.75,3437.45,No
9286-BHDQG,0.0032,Two year,DSL,72,45.25,3139.8,No
0230-WEQUW,0.0112,Two year,DSL,66,56.6,3789.2,No
2040-LDIWQ,0.0228,Two year,DSL,65,84.2,5324.5,No
6496-JDSSB,0.6349,Month-to-month,Fiber optic,8,80.0,624.6,No
9408-SSNVZ,0.6876,Month-to-month,Fiber optic,4,70.15,268.35,Yes
4443-EMBNA,0.0034,Two year,No,71,24.75,1836.9,No
6469-MRVET,0.1951,One year,No,1,20.2,20.2,No
0742-MOABM,0.2151,Month-to-month,DSL,4,50.05,179.35,Yes
5961-VUSRV,0.0948,One year,No,12,19.35,219.35,No
6778-JFCMK,0.2034,One year,DSL,24,50.6,1288.75,No
6341-JVQGF,0.0705,One year,DSL,31,81.15,2545.75,No
2232-DMLXU,0.3982,Month-to-month,DSL,1,55.2,55.2,Yes
4811-JBUVU,0.4376,Month-to-month,Fiber optic,30,89.9,2723.15,No
0945-TSONX,0.0295,Two year,DSL,47,85.3,4107.25,No
2651-ZCBXV,0.0692,Two year,Fiber optic,54,108.0,5760.65,No
3316-UWXUY,0.1564,Month-to-month,Fiber optic,50,93.5,4747.5,No
8937-RDTHP,0.5456,Month-to-month,Fiber optic,1,84.6,84.6,Yes
7083-MIOPC,0.0015,Two year,No,72,20.25,1566.9,No
1984-GPTEH,0.0903,Month-to-month,No,29,25.15,702.0,No
1251-KRREG,0.4358,Month-to-month,DSL,2,54.4,114.1,Yes
0621-JFHOL,0.1311,Two year,DSL,10,29.6,299.05,No
9903-LYSAB,0.6208,Month-to-month,Fiber optic,18,73.15,1305.95,No
0094-OIFMO,0.7345,Month-to-month,Fiber optic,11,95.0,1120.3,Yes
9227-UAQFT,0.0247,Two year,No,16,19.75,284.35,No
7301-ABVAD,0.0175,Two year,DSL,72,86.6,6350.5,No
6614-FHDBO,0.0512,Two year,Fiber optic,72,109.2,7878.3,No
7576-ASEJU,0.0538,One year,DSL,41,74.7,3187.65,No
9058-HRZSV,0.1568,Month-to-month,Fiber optic,65,94.4,6126.15,No
4522-AKYLR,0.4214,Month-to-month,DSL,13,54.8,731.3,No
0221-WMXNQ,0.534,Month-to-month,Fiber optic,4,75.35,273.4,No
0303-UNCIP,0.0782,One year,DSL,41,65.0,2531.8,No
9947-OTFQU,0.583,Month-to-month,Fiber optic,15,74.4,1074.3,Yes
0322-YINQP,0.351,Month-to-month,DSL,1,48.55,48.55,Yes
0959-WHOKV,0.2566,One year,Fiber optic,42,99.0,4298.45,No
4075-JFPGR,0.1702,One year,Fiber optic,51,93.5,4619.55,No
4629-NRXKX,0.5789,Month-to-month,Fiber optic,2,70.4,147.15,Yes
9514-JDSKI,0.6264,Month-to-month,DSL,1,40.2,40.2,Yes
3282-ZISZV,0.0712,One year,DSL,32,83.7,2633.3,No
3675-YDUPJ,0.1728,Month-to-month,No,10,19.85,193.05,No
4111-BNXIF,0.028,Two year,DSL,67,59.55,4103.9,No
7017-VFHAY,0.0422,Two year,Fiber optic,61,115.1,7008.15,No
6655-LHBYW,0.1162,One year,Fiber optic,50,114.35,5791.1,No
4959-JOSRX,0.4283,Month-to-month,DSL,2,44.6,80.55,Yes
5046-NUHWD,0.3966,Month-to-month,DSL,29,45.0,1228.65,No
7273-TEFQD,0.7015,Month-to-month,DSL,3,41.15,132.2,Yes
3606-TWKGI,0.7564,Month-to-month,Fiber optic,13,106.9,1364.3,Yes
7529-ZDFXI,0.3982,Month-to-month,Fiber optic,57,89.85,4925.35,No
7605-BDWDC,0.0493,Two year,DSL,31,49.85,1520.1,No
1950-KSVVJ,0.1141,One year,Fiber optic,45,113.3,5032.25,No
0123-CRBRT,0.0138,Two year,DSL,61,88.1,5526.75,No
6292-TOSSS,0.0077,Two year,No,50,24.9,1195.25,No
3197-ARFOY,0.3846,Month-to-month,Fiber optic,19,105.0,2007.25,No
6323-AYBRX,0.0022,Two year,No,59,19.35,1099.6,Yes
7014-ZZXAW,0.0042,Two year,No,71,24.25,1732.95,No
4385-GZQXV,0.6418,Month-to-month,Fiber optic,16,94.45,1511.2,Yes
7633-MVPUY,0.0126,Two year,DSL,57,59.75,3450.15,No
6366-ZGQGL,0.4977,Month-to-month,DSL,1,24.8,24.8,Yes
4716-HHKQH,0.5828,Month-to-month,Fiber optic,20,107.05,2172.05,No
5940-AHUHD,0.5415,Month-to-month,Fiber optic,1,70.6,70.6,Yes
6432-TWQLB,0.5732,Month-to-month,Fiber optic,5,85.4,401.1,Yes
4484-GLZOU,0.5105,Month-to-month,Fiber optic,52,105.05,5624.85,Yes
3179-GBRWV,0.2182,Month-to-month,DSL,21,64.95,1339.8,No
8645-KWHJO,0.5459,Month-to-month,DSL,14,55.0,771.95,No
4130-MZLCC,0.2838,Month-to-month,DSL,5,50.55,244.75,No
0314-TKOSI,0.1935,Month-to-month,DSL,6,55.15,322.9,No
8229-MYEJZ,0.3131,Month-to-month,DSL,10,51.2,498.25,No
2080-SRCDE,0.2151,Month-to-month,No,1,25.4,25.4,No
9577-WJVCQ,0.033,Month-to-month,DSL,68,54.45,3687.75,No
9512-UIBFX,0.4737,Month-to-month,Fiber optic,18,95.15,1779.95,Yes
6202-DYYFX,0.354,One year,Fiber optic,22,76.0,1783.6,No
3808-HFKDE,0.3453,Month-to-month,DSL,20,44.35,927.15,No
5583-SXDAG,0.6348,Month-to-month,Fiber optic,1,70.0,70.0,Yes
3488-PGMQJ,0.6504,Month-to-month,Fiber optic,8,74.5,606.55,Yes
3580-REOAC,0.3206,Month-to-month,DSL,10,44.85,435.4,Yes
7534-BFESC,0.5932,Month-to-month,Fiber optic,24,76.1,1712.7,Yes
3727-OWVYD,0.038,One year,DSL,35,61.2,2021.2,No
2294-SALNE,0.1037,One year,Fiber optic,23,86.8,1940.8,No
4847-TAJYI,0.7934,Month-to-month,Fiber optic,6,89.35,567.8,No
1563-IWQEX,0.1251,Month-to-month,No,12,19.7,220.35,No
8203-XJZRC,0.1836,Month-to-month,No,1,20.25,20.25,No
6556-DBKZF,0.031,Two year,Fiber optic,71,76.05,5436.45,No
6851-WEFYX,0.678,Month-to-month,Fiber optic,35,100.8,3437.5,No
2985-JUUBZ,0.3195,Month-to-month,DSL,40,74.55,3015.75,No
6390-DSAZX,0.4967,Month-to-month,Fiber optic,1,73.6,73.6,Yes
0895-LMRSF,0.1997,One year,DSL,23,64.9,1509.8,No
8098-LLAZX,0.8418,Month-to-month,Fiber optic,4,95.45,396.1,Yes
8266-VBFQL,0.6434,Month-to-month,Fiber optic,4,90.4,356.65,No
8181-YHCMF,0.0122,Two year,DSL,68,60.3,4109.0,No
2240-HSJQD,0.3066,Month-to-month,Fiber optic,38,81.85,3141.7,No
1248-DYXUB,0.004,Two year,No,52,24.8,1229.1,No
0265-EDXBD,0.5297,Month-to-month,Fiber optic,32,74.9,2303.35,Yes
4115-BNPJY,0.0388,Two year,DSL,29,75.55,2054.4,No
3167-SNQPL,0.4992,Month-to-month,Fiber optic,38,101.15,3741.85,No
4091-TVOCN,0.0715,One year,DSL,48,78.75,3682.45,No
1098-TDVUQ,0.2774,Month-to-month,No,1,19.25,19.25,No
7277-OZCGZ,0.4131,Month-to-month,Fiber optic,22,89.05,1886.25,No
1557-EMYVT,0.0692,Two year,Fiber optic,43,115.05,4895.1,No
2799-ARNLO,0.6964,Month-to-month,Fiber optic,5,69.35,341.6,No
7563-BIUPC,0.7074,Month-to-month,Fiber optic,5,80.6,415.55,Yes
5027-YOCXN,0.1021,One year,Fiber optic,51,110.05,5686.4,No
3973-SKMLN,0.0016,Two year,No,71,19.9,1355.1,No
2321-OMBXY,0.0341,One year,DSL,38,80.3,3058.65,Yes
2840-XANRC,0.6989,Month-to-month,Fiber optic,24,93.15,2231.05,Yes
6745-JEFZB,0.3833,Month-to-month,Fiber optic,35,91.5,3236.35,No
5020-ZSTTY,0.044,One year,DSL,54,82.45,4350.1,Yes
9880-TDQAC,0.0173,Two year,DSL,72,60.0,4264.0,No
8705-WZCYL,0.5243,Month-to-month,DSL,1,44.8,44.8,No
7102-JJVTX,0.0912,One year,DSL,9,48.6,422.3,No
8626-PTQGE,0.0148,Two year,DSL,69,60.05,4176.7,No
4983-CLMLV,0.3272,Month-to-month,Fiber optic,52,102.7,5138.1,No
5701-YVSVF,0.6292,Month-to-month,Fiber optic,11,82.9,880.05,No
5804-LEPIM,0.7434,Month-to-month,Fiber optic,2,70.35,139.05,Yes
5697-GOMBF,0.4588,Month-to-month,DSL,28,35.9,973.65,No
2739-CACDQ,0.5946,Month-to-month,Fiber optic,17,82.65,1470.05,No
9385-EHGDO,0.0134,Two year,No,35,19.85,739.35,No
9498-FIMXL,0.1169,One year,No,8,19.2,161.95,No
2379-GYFLQ,0.2109,One year,Fiber optic,46,94.9,4422.95,No
0122-OAHPZ,0.7092,Month-to-month,Fiber optic,7,73.85,511.25,Yes
2868-SNELZ,0.5844,Month-to-month,Fiber optic,2,80.6,155.8,Yes
4322-RCYMT,0.0299,One year,DSL,68,75.8,5293.95,Yes
6680-NENYN,0.2292,Two year,Fiber optic,43,104.6,4759.85,Yes
2088-IEBAU,0.0279,Two year,DSL,68,88.15,6148.45,No
7982-VCELR,0.4322,Month-to-month,Fiber optic,36,94.8,3565.65,No
1343-EHPYB,0.4003,Month-to-month,Fiber optic,63,103.4,6603.0,Yes
6035-BXTTY,0.1057,Month-to-month,DSL,32,54.65,1830.1,No
6885-PKOAM,0.0097,Two year,DSL,71,85.75,6223.8,No
7520-HQWJU,0.0468,Month-to-month,DSL,66,67.45,4508.65,No
9639-BUJXT,0.0053,One year,No,63,20.5,1328.15,No
5924-SNGKP,0.0206,One year,No,41,20.25,865.0,No
0021-IKXGC,0.7988,Month-to-month,Fiber optic,1,72.1,72.1,No
2034-GDRCN,0.7756,Month-to-month,Fiber optic,2,90.4,168.2,Yes
8966-SNIZF,0.0021,Two year,No,70,19.45,1303.5,No
6243-OZGFH,0.5493,Month-to-month,DSL,23,44.95,996.85,No
4654-DLAMQ,0.0961,One year,Fiber optic,64,97.0,6430.9,No
0513-RBGPE,0.0209,Two year,DSL,37,62.8,2278.75,No
5160-UXJED,0.0983,One year,DSL,17,44.6,681.4,No
4115-NZRKS,0.7916,Month-to-month,Fiber optic,7,89.15,574.35,No
0219-YTZUE,0.6095,Month-to-month,Fiber optic,4,84.8,371.9,Yes
0623-IIHUG,0.4516,Month-to-month,DSL,21,41.9,840.1,Yes
4572-DVCGN,0.6012,Month-to-month,Fiber optic,10,80.25,846.0,Yes
3351-NGXYI,0.4122,Month-to-month,DSL,16,54.1,889.0,No
8984-EYLLL,0.1013,Two year,Fiber optic,64,105.25,6823.4,No
9057-MSWCO,0.1797,Month-to-month,DSL,27,30.75,805.1,Yes
9833-TGFHX,0.2447,One year,Fiber optic,42,97.1,4016.75,No
9294-TDIPC,0.1287,Month-to-month,No,5,20.2,83.75,No
5229-DTFYB,0.1087,Two year,Fiber optic,41,98.8,3959.15,No
0104-PPXDV,0.02,One year,DSL,58,50.3,2878.55,No
5176-LMJXE,0.009,Two year,No,47,20.55,945.7,No
3583-KRKMD,0.4122,Month-to-month,Fiber optic,18,75.9,1373.05,No
1010-DIAUQ,0.6361,Month-to-month,Fiber optic,5,96.5,492.55,Yes
9069-LGEUL,0.2165,Month-to-month,DSL,23,59.95,1406.0,No
7302-ZHMHP,0.2164,Month-to-month,No,1,19.15,19.15,No
9571-EDEBV,0.1753,One year,Fiber optic,71,98.65,6962.85,No
3520-FJGCV,0.0396,Two year,Fiber optic,72,112.6,8126.65,No
6563-VRERX,0.0215,One year,No,33,20.6,690.25,No
0259-GBZSH,0.7835,Month-to-month,Fiber optic,2,85.65,181.5,Yes
6122-EFVKN,0.0314,Two year,DSL,24,35.75,830.8,No
2805-EDJPQ,0.1118,One year,Fiber optic,56,99.75,5608.4,No
6862-CQUMB,0.4154,Month-to-month,Fiber optic,37,96.1,3646.8,No
7156-MXBJE,0.0691,One year,DSL,43,85.1,3662.25,No
6158-HDPXZ,0.5033,Month-to-month,DSL,1,25.35,25.35,No
9601-BRXPO,0.5618,Month-to-month,Fiber optic,25,104.95,2566.5,Yes
2863-IMQDR,0.0201,Two year,DSL,61,89.65,5308.7,No
5686-CMAWK,0.3174,One year,Fiber optic,17,86.75,1410.25,No
5651-CRHKQ,0.144,One year,Fiber optic,41,86.2,3339.05,No
6905-NIQIN,0.3034,Month-to-month,DSL,1,50.65,50.65,Yes
8204-YJCLA,0.0144,Two year,DSL,72,64.8,4732.35,No
5167-ZFFMM,0.704,Month-to-month,Fiber optic,1,90.85,90.85,Yes
6583-SZVGP,0.1366,Two year,Fiber optic,48,108.1,5067.45,No
4895-TMWIR,0.1479,Month-to-month,No,11,19.95,214.75,Yes
0533-BNWKF,0.3552,Month-to-month,Fiber optic,55,85.45,4874.7,Yes
1708-PBBOA,0.0907,One year,DSL,42,54.75,2348.45,No
8782-LKFPK,0.3913,Month-to-month,Fiber optic,44,90.4,4063.0,No
5522-JBWMO,0.3713,Month-to-month,DSL,1,44.0,44.0,No
3597-MVHJT,0.5913,Month-to-month,Fiber optic,27,95.6,2595.25,No
9774-NRNAU,0.3203,Month-to-month,DSL,27,84.8,2309.55,No
0224-RLWWD,0.5721,Month-to-month,DSL,2,44.3,89.3,No
9967-ATRFS,0.091,Month-to-month,No,19,19.9,367.55,No
3951-NJCVI,0.6171,Month-to-month,Fiber optic,42,95.05,3944.5,No
2977-CEBSX,0.0199,Two year,DSL,66,90.05,5965.95,No
0177-PXBAT,0.4201,Month-to-month,Fiber optic,33,109.9,3694.7,No
6599-CEBNN,0.302,Month-to-month,Fiber optic,34,73.95,2524.45,Yes
2519-ERQOJ,0.4191,Month-to-month,DSL,33,54.6,1803.7,No
5876-QMYLD,0.0366,One year,No,23,20.05,415.1,No
2277-AXSDC,0.0261,One year,No,32,19.75,624.15,No
9442-JTWDL,0.0658,One year,No,11,20.05,237.7,No
0979-PHULV,0.2603,Month-to-month,Fiber optic,69,99.45,7007.6,Yes
3067-SVMTC,0.0091,One year,DSL,68,55.9,3848.8,No
5495-GPSRW,0.0344,Two year,No,20,19.7,419.4,No
7606-BPHHN,0.0027,Two year,No,72,19.8,1468.75,No
4742-DRORA,0.1007,One year,Fiber optic,60,95.4,5812.0,No
0111-KLBQG,0.4647,Month-to-month,Fiber optic,32,93.95,2861.45,No
4800-VHZKI,0.2395,Month-to-month,No,1,19.9,19.9,Yes
7989-CHGTL,0.2789,Month-to-month,No,1,19.6,19.6,Yes
0334-GDDSO,0.7513,Month-to-month,Fiber optic,3,81.35,233.7,Yes
4163-NCJAK,0.0293,One year,No,46,24.45,1066.15,No
5233-AOZUF,0.5336,Month-to-month,Fiber optic,29,74.95,2149.05,No
5973-EJGDP,0.2345,Month-to-month,Fiber optic,51,87.35,4473.0,No
1996-DBMUS,0.2678,Month-to-month,Fiber optic,48,70.65,3545.05,No
7916-VCCPB,0.3504,Month-to-month,Fiber optic,16,73.25,1195.75,No
4686-GEFRM,0.0536,Two year,Fiber optic,70,98.7,6858.9,No
5249-QYHEX,0.0149,Two year,No,40,24.8,1024.7,No
0578-SKVMF,0.4124,Month-to-month,Fiber optic,22,83.3,1845.9,Yes
5564-NEMQO,0.6169,Month-to-month,Fiber optic,1,75.3,75.3,Yes
2233-FAGXV,0.2511,Month-to-month,No,5,24.3,132.25,No
5605-IYGFG,0.5969,Month-to-month,Fiber optic,7,69.85,515.45,No
7663-ZTEGJ,0.17,One year,Fiber optic,29,100.55,2830.45,No
3935-TBRZZ,0.0167,One year,No,44,25.7,1110.5,No
8111-BKVDS,0.251,Month-to-month,DSL,10,40.7,449.3,No
2055-SIFSS,0.0847,Month-to-month,DSL,55,51.65,2838.55,No
2806-MLNTI,0.299,One year,Fiber optic,52,105.1,5376.4,No
8734-DKSTZ,0.6397,Month-to-month,Fiber optic,10,85.95,858.6,No
4360-PNRQB,0.5256,Month-to-month,Fiber optic,18,75.6,1395.05,No
6152-ONASV,0.0114,One year,DSL,68,58.25,3975.7,No
9063-ZGTUY,0.0136,Month-to-month,No,61,19.4,1182.55,Yes
7781-HVGMK,0.0114,Two year,DSL,72,65.2,4784.45,No
2181-UAESM,0.32,Month-to-month,DSL,2,53.45,119.5,No
2957-LOLHO,0.3214,Month-to-month,DSL,12,45.4,518.9,Yes
6048-NJXHX,0.0178,Two year,No,41,19.75,899.45,No
2320-SLKMB,0.2529,Month-to-month,DSL,26,44.45,1183.8,No
4980-URKXC,0.0194,One year,No,36,20.85,720.05,No
4376-KFVRS,0.0471,Two year,Fiber optic,72,114.05,8468.2,No
5886-VLQVU,0.4184,Month-to-month,Fiber optic,35,89.85,3161.2,No
3577-AMVUX,0.2684,Month-to-month,DSL,1,55.05,55.05,No
0771-WLCLA,0.5293,Month-to-month,Fiber optic,16,112.95,1882.55,No
5628-RKIFK,0.3406,Month-to-month,Fiber optic,49,101.55,5070.4,No
0206-TBWLC,0.1465,One year,Fiber optic,54,114.65,6049.5,No
2937-FTHUR,0.2882,Month-to-month,DSL,18,64.8,1166.7,No
1910-FMXJM,0.3923,Month-to-month,Fiber optic,36,80.4,2937.65,No
7752-XUSCI,0.4274,Month-to-month,Fiber optic,60,105.9,6396.45,Yes
4110-PFEUZ,0.5477,Month-to-month,Fiber optic,1,69.55,69.55,Yes
0732-OCQOC,0.0106,Two year,No,52,25.05,1270.25,No
5168-MSWXT,0.6943,Month-to-month,Fiber optic,8,94.75,759.55,No
1090-ESELR,0.0264,Two year,Fiber optic,72,105.5,7611.55,No
8592-PLTMQ,0.0071,One year,No,64,24.7,1642.75,No
5760-WRAHC,0.1897,Month-to-month,DSL,22,69.75,1545.4,No
8847-GEOOQ,0.106,Month-to-month,DSL,60,60.2,3582.4,No
0256-LTHVJ,0.5065,Month-to-month,Fiber optic,28,81.05,2227.1,Yes
4785-FCIFB,0.0046,Two year,No,61,24.4,1417.9,No
8313-NDOIA,0.6628,Month-to-month,Fiber optic,24,104.15,2494.65,No
5149-CUZUJ,0.1701,One year,Fiber optic,28,92.9,2768.35,No
0942-KOWSM,0.0372,Two year,DSL,30,80.8,2369.3,No
4237-CLSMM,0.1907,Month-to-month,No,2,20.0,38.0,No
1452-VOQCH,0.7375,Month-to-month,Fiber optic,1,75.1,75.1,No
4719-UMSIY,0.1491,Month-to-month,No,6,19.65,100.9,No
6614-VBEGU,0.2945,Month-to-month,DSL,24,69.45,1614.05,No
0880-TKATG,0.6801,Month-to-month,Fiber optic,4,101.15,385.9,Yes
3811-VBYBZ,0.7826,Month-to-month,Fiber optic,7,99.8,673.25,Yes
1480-BKXGA,0.0628,Two year,Fiber optic,72,116.05,8404.9,No
2996-XAUVF,0.0137,Two year,DSL,70,40.05,2799.75,No
9076-AXYIK,0.0979,Two year,Fiber optic,64,102.1,6538.45,No
5968-XQIVE,0.1451,One year,Fiber optic,72,89.7,6588.95,No
8896-RAZCR,0.007,Two year,No,44,19.9,868.1,No
4640-UHDOS,0.3729,Month-to-month,DSL,13,55.95,734.35,Yes
4933-IKULF,0.0662,One year,No,17,20.65,330.6,No
3583-EKAPL,0.5779,Month-to-month,DSL,1,55.0,55.0,Yes
1304-BCCFO,0.4347,Month-to-month,DSL,9,70.05,564.4,No
4104-PVRPS,0.0926,Month-to-month,DSL,24,53.6,1315.35,No
9399-APLBT,0.6431,Month-to-month,Fiber optic,1,74.7,74.7,Yes
2359-KMGLI,0.5301,Month-to-month,Fiber optic,24,80.25,1861.5,Yes
3780-DDGSE,0.2436,Month-to-month,DSL,35,76.05,2747.2,No
4431-EDMIQ,0.2538,Month-to-month,DSL,7,75.7,554.05,No
0306-JAELE,0.6684,Month-to-month,Fiber optic,5,96.1,453.4,Yes
6227-HWPWX,0.4097,Month-to-month,Fiber optic,15,69.0,994.8,Yes
0486-LGCCH,0.0302,Two year,No,11,19.65,225.75,No
0447-BEMNG,0.1179,Month-to-month,DSL,48,45.3,2145.0,Yes
4612-SSVHJ,0.6473,Month-to-month,Fiber optic,20,81.45,1671.6,No
5168-MQQCA,0.149,One year,Fiber optic,72,108.5,8003.8,No
5949-XIKAE,0.6085,Month-to-month,Fiber optic,8,83.55,680.05,Yes
7971-HLVXI,0.0554,Two year,Fiber optic,72,84.5,6130.85,No
9094-AZPHK,0.7229,Month-to-month,Fiber optic,15,100.15,1415.0,No
3649-JPUGY,0.0183,Two year,DSL,72,88.6,6201.95,No
4472-LVYGI,0.1561,Two year,DSL,0,52.55,0.0,No
8372-JUXUI,0.7336,Month-to-month,Fiber optic,1,74.35,74.35,Yes
3552-CTCYF,0.0991,Two year,Fiber optic,63,104.8,6597.25,No
6778-YSNIH,0.535,Month-to-month,DSL,2,59.0,114.15,No
0388-EOPEX,0.5752,Month-to-month,Fiber optic,2,74.4,139.4,Yes
5756-OZRIO,0.0453,One year,DSL,61,64.05,3902.6,No
6579-JPICP,0.1987,Month-to-month,No,1,20.4,20.4,No
8205-OTCHB,0.2023,One year,DSL,22,43.75,903.6,Yes
4134-BSXLX,0.0661,Month-to-month,DSL,28,60.9,1785.65,No
0505-SPOOW,0.0024,Two year,No,70,19.8,1397.65,No
6235-VDHOM,0.5474,Month-to-month,DSL,5,28.45,131.05,Yes
7783-YKGDV,0.5436,Month-to-month,Fiber optic,12,99.7,1238.45,Yes
4374-YMUSQ,0.1721,One year,Fiber optic,34,116.25,3899.05,No
4513-CXYIX,0.0336,Two year,Fiber optic,71,80.7,5676.0,No
3957-HHLMR,0.0206,One year,DSL,70,65.2,4543.15,No
7803-XOCCZ,0.1287,Month-to-month,Fiber optic,52,84.05,4326.8,No
5736-YEJAX,0.008,Two year,DSL,69,79.45,5502.55,No
5609-CEBID,0.679,Month-to-month,Fiber optic,20,94.1,1782.4,Yes
8981-FJGLA,0.5337,Month-to-month,Fiber optic,11,78.0,851.8,No
7218-HKQFK,0.6696,Month-to-month,Fiber optic,2,94.2,167.5,Yes
4636-QRJKY,0.6135,Month-to-month,Fiber optic,6,80.5,502.85,Yes
1135-LMECX,0.1837,Month-to-month,No,1,19.85,19.85,No
4332-MUOEZ,0.1809,One year,Fiber optic,20,94.3,1818.3,No
8535-SFUTN,0.3632,Month-to-month,Fiber optic,61,106.45,6300.15,No
5956-VKDTT,0.7738,Month-to-month,Fiber optic,5,74.35,334.8,Yes
8677-HDZEE,0.3224,Month-to-month,Fiber optic,56,105.45,5916.95,No
2475-MROZF,0.2365,Month-to-month,Fiber optic,30,95.0,2852.4,No
9412-GHEEC,0.3724,Month-to-month,Fiber optic,40,104.8,4131.95,Yes
3482-ABPKK,0.0384,One year,DSL,28,54.3,1546.3,No
6705-LXORM,0.669,Month-to-month,Fiber optic,5,70.05,302.6,No
0257-ZESQC,0.3671,Month-to-month,Fiber optic,27,75.2,1929.35,Yes
7531-GQHME,0.1199,Month-to-month,No,12,20.05,265.45,No
5174-ITUMV,0.2242,One year,Fiber optic,67,105.4,6989.45,No
4109-CYRBD,0.336,Month-to-month,DSL,29,51.6,1442.0,No
0913-XWSCN,0.2105,Month-to-month,Fiber optic,55,85.5,4713.4,No
6825-UYPFK,0.4091,Month-to-month,Fiber optic,23,75.6,1758.6,Yes
8397-MVTAZ,0.6184,Month-to-month,Fiber optic,34,100.05,3480.0,Yes
0750-EBAIU,0.1239,One year,Fiber optic,52,91.25,4738.3,No
8606-CIQUL,0.0535,Two year,Fiber optic,72,115.75,8399.15,No
3571-DPYUH,0.1041,One year,Fiber optic,58,94.7,5430.35,No
7601-GNDYK,0.0089,Two year,No,35,19.6,686.95,No
0356-OBMAC,0.0817,Two year,Fiber optic,56,99.9,5706.3,No
8067-NIOYM,0.0215,Two year,No,24,21.1,490.65,No
1403-GYAFU,0.0016,Two year,No,70,20.05,1360.25,No
4234-XTNEA,0.7363,Month-to-month,Fiber optic,2,79.95,174.45,No
1297-VQDRP,0.1587,One year,Fiber optic,68,107.15,7379.8,No
9282-IZGQK,0.7918,Month-to-month,Fiber optic,1,85.0,85.0,Yes
5348-CAGXB,0.7152,Month-to-month,Fiber optic,12,89.55,1021.75,No
0621-HJWXJ,0.1973,Month-to-month,Fiber optic,63,81.55,5029.05,No
5844-QVTAT,0.0509,One year,DSL,33,58.45,1955.4,No
8905-IAZPF,0.1338,One year,Fiber optic,69,95.65,6744.2,No
5394-MEITZ,0.0211,Two year,DSL,60,80.6,4946.7,No
6859-QNXIQ,0.0504,Two year,Fiber optic,72,113.1,8248.5,No
2782-LFZVW,0.4153,Month-to-month,DSL,11,58.95,601.6,No
2866-IKBTM,0.1835,Month-to-month,No,1,19.55,19.55,No
1342-JPNKI,0.6512,Month-to-month,Fiber optic,10,86.05,834.1,Yes
2817-NTQDO,0.2872,Month-to-month,DSL,13,45.55,597.0,Yes
7129-AZJDE,0.2531,One year,Fiber optic,34,78.95,2647.2,No
6986-IJDHX,0.2636,Month-to-month,Fiber optic,39,86.3,3266.0,Yes
2560-PPCHE,0.1476,One year,Fiber optic,65,105.05,6744.25,No
4676-MQUEA,0.1844,One year,Fiber optic,50,101.9,5265.5,No
8138-EALND,0.1183,Month-to-month,No,15,19.75,311.6,No
3580-HYCSP,0.0605,Two year,Fiber optic,72,110.3,7966.9,No
1352-HNSAW,0.0496,Two year,Fiber optic,72,115.6,8220.4,No
2075-PUEPR,0.0028,Two year,No,55,19.35,1153.25,No
1982-FEBTD,0.0307,Two year,No,23,25.6,514.75,No
5301-GAUUY,0.3974,Month-to-month,Fiber optic,32,80.35,2596.15,Yes
5791-KAJFD,0.044,One year,DSL,56,68.75,3808.0,No
2654-VBVPB,0.2003,Month-to-month,No,1,19.9,19.9,No
1154-HYWWO,0.0357,One year,DSL,38,70.6,2708.2,No
2501-XWWTZ,0.5148,Month-to-month,Fiber optic,11,70.2,760.05,No
3716-UVSPD,0.4193,Month-to-month,DSL,1,49.3,49.3,No
6815-ABQFQ,0.2138,One year,Fiber optic,56,107.25,6033.3,No
7343-EOBEU,0.3078,Month-to-month,No,3,23.6,89.05,No
3701-SFMUH,0.2715,Month-to-month,DSL,7,69.7,516.15,No
6103-LIANB,0.1235,Two year,Fiber optic,59,99.5,5861.75,No
7319-VENRZ,0.2782,Month-to-month,DSL,7,64.3,445.95,No
5846-NEQVZ,0.0059,Two year,DSL,71,70.85,4973.4,No
6967-QIQRV,0.2183,One year,Fiber optic,15,101.9,1667.25,No
5781-RFZRP,0.0067,Two year,DSL,71,73.5,5357.75,No
0939-YAPAF,0.6327,Month-to-month,Fiber optic,35,100.25,3527.6,Yes
0308-IVGOK,0.2292,One year,DSL,11,40.4,422.6,No
7293-LSCDV,0.004,Two year,No,60,19.25,1103.25,No
7025-WCBNE,0.0208,Two year,DSL,47,59.6,2754.0,No
5756-JYOJT,0.118,One year,DSL,11,64.9,697.25,No
4710-FDUIZ,0.1664,One year,Fiber optic,56,100.3,5614.45,Yes
6030-REHUX,0.5959,Month-to-month,Fiber optic,28,110.85,3204.4,No
9548-LIGTA,0.013,Two year,DSL,61,81.05,4747.65,No
5150-LJNSR,0.1607,One year,Fiber optic,31,98.05,3082.1,No
8270-RKSAP,0.6356,Month-to-month,Fiber optic,9,70.5,597.9,No
6522-YRBXD,0.4798,Month-to-month,Fiber optic,35,94.55,3365.4,No
2640-LYMOV,0.2437,Month-to-month,No,2,19.65,38.8,No
1218-VKFPE,0.1138,Month-to-month,No,12,19.0,233.55,Yes
3627-FHKBK,0.4498,Month-to-month,Fiber optic,1,75.3,75.3,Yes
2865-TCHJW,0.8067,Month-to-month,Fiber optic,4,89.2,346.2,Yes
1423-BMPBQ,0.2288,Month-to-month,No,1,19.0,19.0,No
2393-DIVAI,0.2612,Month-to-month,No,3,20.0,61.7,No
5192-EBGOV,0.7912,Month-to-month,Fiber optic,1,85.7,85.7,Yes
4568-KNYWR,0.0201,Two year,DSL,52,63.25,3342.45,No
8752-IMQOS,0.0896,One year,No,5,20.1,85.1,No
0742-LAFQK,0.0728,Two year,Fiber optic,72,99.15,7422.1,No
0795-LAFGP,0.015,Two year,DSL,71,90.4,6668.05,No
0619-OLYUR,0.0572,Two year,Fiber optic,72,111.9,8071.05,No
5512-IDZEI,0.024,One year,No,46,24.9,1174.8,No
0459-SPZHJ,0.0167,Two year,DSL,63,83.5,5435.0,No
0215-BQKGS,0.2246,Month-to-month,Fiber optic,30,84.3,2438.6,No
9244-ZVAPM,0.3541,Month-to-month,DSL,1,45.6,45.6,No
0719-SYFRB,0.2449,Month-to-month,DSL,12,61.65,713.75,Yes
8208-EUMTE,0.0506,Two year,DSL,16,54.85,916.15,No
5172-MIGPM,0.3006,Month-to-month,DSL,4,65.55,237.2,No
1710-RCXUS,0.187,One year,Fiber optic,51,90.35,4614.55,No
0374-FIUCA,0.0034,Two year,No,65,20.4,1414.45,No
5839-SUYVZ,0.3752,Month-to-month,Fiber optic,16,74.55,1170.5,No
5173-ZXXXL,0.1094,One year,No,2,19.95,47.7,No
1096-ADRUX,0.0839,One year,Fiber optic,66,74.25,4859.25,No
2001-MCUUW,0.1344,Two year,Fiber optic,46,108.65,4903.2,No
2731-GJRDG,0.2601,One year,Fiber optic,32,109.55,3608.0,No
4723-BEGSG,0.0104,Two year,DSL,72,86.65,6094.25,No
6516-NKQBO,0.0212,Two year,DSL,38,81.0,3084.9,No
8672-OAUPW,0.015,One year,DSL,51,47.85,2356.75,No
8207-DMRVL,0.0294,Two year,Fiber optic,72,114.55,8306.05,No
3419-SNJJD,0.2462,Month-to-month,Fiber optic,65,105.25,6786.4,Yes
6543-CPZMK,0.4737,Month-to-month,DSL,9,29.95,248.95,Yes
4765-OXPPD,0.1277,Month-to-month,DSL,9,65.0,663.05,Yes
2804-ETQDK,0.0022,Two year,No,66,20.55,1357.1,No
6689-VRRTK,0.2706,One year,Fiber optic,44,109.8,4860.35,No
7138-GIRSH,0.0244,Two year,DSL,50,69.5,3418.2,No
9396-ZSFLL,0.2787,Month-to-month,DSL,15,48.85,631.4,No
6464-KEXXH,0.4741,Month-to-month,DSL,8,25.25,186.3,No
7134-MJPDY,0.1884,One year,Fiber optic,66,102.85,6976.75,No
5240-CAOYT,0.1356,Month-to-month,Fiber optic,57,87.55,4884.85,No
4059-IIEBK,0.6132,Month-to-month,Fiber optic,7,78.55,522.95,No
4881-JVQOD,0.5295,Month-to-month,DSL,10,34.55,362.6,No
0516-UXRMT,0.1263,One year,Fiber optic,62,92.05,5755.8,No
4851-BQDNX,0.2414,One year,Fiber optic,40,85.05,3355.65,No
5148-HKFIR,0.0202,Two year,No,20,19.7,406.95,No
1009-IRMNA,0.1736,Month-to-month,No,7,20.0,137.6,Yes
3003-CMDUU,0.5566,Month-to-month,Fiber optic,25,95.15,2395.7,No
5016-IBERQ,0.4631,Month-to-month,Fiber optic,23,84.25,1968.1,No
6797-UCJHZ,0.1589,One year,Fiber optic,66,104.6,6819.45,No
2469-DTSGX,0.0861,Two year,Fiber optic,72,111.65,7943.45,No
4554-YGZIH,0.2954,Month-to-month,Fiber optic,49,90.05,4547.25,Yes
5099-BAILX,0.3821,Month-to-month,Fiber optic,43,110.75,4687.9,Yes
9931-KGHOA,0.0728,Month-to-month,DSL,46,55.0,2473.95,No
1775-KWJKQ,0.008,Two year,DSL,72,89.85,6562.9,No
7665-VIGUD,0.0684,One year,No,10,20.35,176.3,No
9411-TPQQV,0.094,One year,DSL,40,54.55,2236.2,No
7207-RMRDB,0.3656,Month-to-month,Fiber optic,65,105.5,6985.65,Yes
7954-MLBUN,0.1292,Two year,Fiber optic,31,99.45,3109.9,No
2077-DDHJK,0.0055,Two year,DSL,68,70.9,4911.35,No
4913-EHYUI,0.1837,One year,Fiber optic,56,104.55,5794.65,Yes
0195-IESCP,0.7248,Month-to-month,Fiber optic,10,85.25,855.3,Yes
9574-BOSMD,0.0025,Two year,No,68,25.4,1620.2,No
4580-TMHJU,0.1181,Month-to-month,DSL,43,56.15,2499.3,Yes
0970-ETWGE,0.7748,Month-to-month,Fiber optic,1,89.55,89.55,Yes
4908-XAXAY,0.2227,One year,Fiber optic,49,89.85,4287.2,No
8404-VLQFB,0.2117,Month-to-month,No,15,25.25,394.85,No
1626-ERCMM,0.7599,Month-to-month,Fiber optic,20,94.55,1899.65,Yes
0887-HJGAR,0.4335,Month-to-month,DSL,1,45.7,45.7,Yes
2391-IPLOP,0.0664,One year,DSL,50,69.65,3442.15,No
5644-PDMZC,0.7505,Month-to-month,Fiber optic,2,89.5,161.5,Yes
3509-GWQGF,0.3732,Month-to-month,Fiber optic,24,70.0,1732.6,No
9576-ANLXO,0.6331,Month-to-month,Fiber optic,3,69.55,222.3,Yes
2024-BASKD,0.6398,Month-to-month,Fiber optic,1,74.6,74.6,Yes
5845-BZZIB,0.0101,Two year,No,35,20.1,655.3,No
1140-UKVZG,0.1275,Month-to-month,No,17,24.8,475.25,No
4160-AMJTL,0.2301,Month-to-month,No,8,19.65,164.3,Yes
5183-SNMJQ,0.5631,Month-to-month,Fiber optic,10,95.1,865.1,No
8100-PNJMH,0.0153,Two year,DSL,68,88.85,6132.7,No
7838-LAZFO,0.0518,One year,DSL,45,78.8,3597.5,No
4464-JCOLN,0.1034,One year,No,2,19.85,35.9,Yes
2085-JVGAD,0.0327,Month-to-month,No,37,20.35,697.65,No
5650-VDUDS,0.562,Month-to-month,DSL,4,24.25,96.05,Yes
8095-WANWK,0.2659,Month-to-month,DSL,10,45.25,428.7,No
3030-ZKIWL,0.1999,Month-to-month,No,1,20.05,20.05,No
9565-FLVCG,0.0139,Two year,DSL,65,69.55,4459.15,No
8755-OGKNA,0.0025,Two year,No,57,19.5,1167.6,No
2800-VEQXM,0.6084,Month-to-month,Fiber optic,3,74.75,238.1,No
7538-GWHML,0.6335,Month-to-month,Fiber optic,2,69.65,145.15,Yes
5533-RJFTJ,0.1058,Month-to-month,DSL,49,30.2,1453.1,No
3859-CVCET,0.3204,Month-to-month,DSL,4,45.65,191.05,Yes
0214-JHPFW,0.0141,Two year,DSL,70,57.8,4039.3,No
5642-MHDQT,0.0136,One year,No,53,19.85,1039.45,No
3088-FVYWK,0.0051,Two year,No,53,25.55,1336.1,No
3276-HDUEG,0.6806,Month-to-month,Fiber optic,1,75.05,75.05,Yes
9092-GDZKO,0.1483,Month-to-month,No,22,24.85,493.4,No
0823-HSCDJ,0.254,Month-to-month,DSL,52,49.15,2550.9,Yes
3729-OWRVL,0.1235,Two year,Fiber optic,65,110.35,7246.15,No
2324-AALNO,0.0142,One year,No,48,24.55,1203.95,No
0822-GAVAP,0.7103,Month-to-month,DSL,2,34.7,62.25,Yes
5760-IFJOZ,0.6024,Month-to-month,Fiber optic,3,107.95,313.6,No
2826-UWHIS,0.2404,Month-to-month,Fiber optic,45,81.4,3775.85,No
1448-PWKYE,0.6055,Month-to-month,Fiber optic,1,80.0,80.0,Yes
7501-IWUNG,0.0185,Two year,DSL,61,73.8,4616.05,No
4957-TREIR,0.286,Month-to-month,DSL,3,64.4,195.65,No
7251-LJBQN,0.3192,One year,Fiber optic,40,103.75,4188.4,No
8040-MNRTF,0.5396,Month-to-month,Fiber optic,1,71.1,71.1,No
1536-HBSWP,0.463,Month-to-month,DSL,1,49.9,49.9,No
5313-FPXWG,0.0168,One year,No,51,24.6,1266.4,No
0067-DKWBL,0.473,Month-to-month,DSL,2,49.25,91.1,Yes
0946-FKYTX,0.0402,One year,DSL,52,30.1,1623.4,No
5076-YVXCM,0.2609,Month-to-month,Fiber optic,51,83.4,4149.45,No
8262-COGGB,0.2395,Month-to-month,No,1,20.45,20.45,No
6663-JOCQO,0.0672,One year,DSL,31,75.25,2344.5,No
9620-QJREV,0.0101,One year,No,47,20.55,1013.05,No
2276-YDAVZ,0.6666,Month-to-month,Fiber optic,3,75.1,270.7,Yes
2682-KEVRP,0.0591,One year,No,22,20.05,417.0,No
2480-JZOSN,0.2852,Month-to-month,No,1,20.65,20.65,No
0078-XZMHT,0.023,Two year,DSL,72,85.15,6316.2,No
5896-NPFWW,0.4599,Month-to-month,DSL,3,50.15,168.15,Yes
9978-HYCIN,0.157,One year,Fiber optic,47,84.95,4018.05,No
8338-QIUNR,0.0063,Two year,DSL,72,66.5,4811.6,No
1525-LNLOJ,0.0262,Two year,DSL,66,63.3,4189.7,No
9450-TRJUU,0.4829,Month-to-month,Fiber optic,35,83.15,2848.45,No
1766-GKNMI,0.6187,Month-to-month,Fiber optic,29,84.9,2516.2,No
6942-LBFDP,0.2595,Month-to-month,No,2,20.55,33.6,No
1456-TWCGB,0.283,Month-to-month,DSL,4,49.25,208.45,No
7133-VBDCG,0.2839,Month-to-month,Fiber optic,25,79.85,2015.35,Yes
7596-ZYWBB,0.0061,Two year,DSL,65,59.6,3739.8,No
8329-UTMVM,0.3858,One year,Fiber optic,27,104.65,2964.0,No
3014-WJKSM,0.3479,Month-to-month,Fiber optic,29,75.3,2263.4,No
3347-YJZZE,0.2073,Month-to-month,DSL,29,80.1,2211.8,No
1029-QFBEN,0.2016,Month-to-month,No,1,19.55,19.55,Yes
7929-DMBCV,0.372,Month-to-month,Fiber optic,20,81.0,1683.7,No
9661-JALZV,0.0064,Two year,No,58,24.7,1519.0,No
5433-KYGHE,0.3536,Month-to-month,Fiber optic,14,86.0,1164.05,No
4312-KFRXN,0.0025,Two year,No,72,25.4,1710.9,No
5575-TPIZQ,0.28,Month-to-month,Fiber optic,46,89.15,4245.55,No
0114-IGABW,0.0131,Two year,DSL,71,58.25,4145.9,No
9944-AEXBM,0.4702,Month-to-month,Fiber optic,32,85.65,2664.3,No
1853-ARAAQ,0.3814,Month-to-month,DSL,26,50.35,1277.5,No
6952-OMNWB,0.1867,Month-to-month,Fiber optic,68,80.35,5589.3,No
4697-LUPSU,0.0875,One year,No,2,20.2,34.75,No
8434-VGEQQ,0.0017,Two year,No,61,20.55,1305.95,No
4952-YSOGZ,0.7381,Month-to-month,Fiber optic,4,85.95,381.3,Yes
1589-AGTLK,0.5013,Month-to-month,DSL,3,45.35,141.5,Yes
5244-IRFIH,0.6793,Month-to-month,Fiber optic,33,94.5,3105.55,Yes
6549-YMFAW,0.204,Month-to-month,No,9,21.25,204.55,No
4950-HKQTE,0.0313,Two year,No,22,26.25,605.9,No
6786-OBWQR,0.7011,Month-to-month,Fiber optic,5,80.85,356.1,No
2684-EIWEO,0.2802,Month-to-month,Fiber optic,30,91.7,2758.15,Yes
2753-JMMCV,0.016,Two year,DSL,65,74.2,4805.65,No
6439-GTPCA,0.3171,Month-to-month,Fiber optic,45,87.25,3941.7,Yes
6621-YOBKI,0.1796,Month-to-month,No,5,20.35,92.75,No
1216-JWVUX,0.3946,Month-to-month,Fiber optic,25,75.5,1901.05,No
7564-GHCVB,0.026,Two year,Fiber optic,72,79.05,5730.7,No
1173-NOEYG,0.4478,Month-to-month,Fiber optic,27,90.15,2423.4,No
7595-EHCDL,0.237,Month-to-month,DSL,32,50.6,1653.45,No
6647-ZEDXT,0.2447,One year,Fiber optic,30,110.45,3327.05,No
2521-NPUZR,0.0164,Two year,Fiber optic,70,101.0,7085.5,No
1307-TVUFB,0.3729,Month-to-month,Fiber optic,42,79.35,3344.1,No
7503-MIOGA,0.0218,Two year,DSL,72,89.85,6697.35,No
4381-MHQDC,0.0182,Two year,DSL,47,65.0,2879.9,No
6923-JHPMP,0.5677,Month-to-month,Fiber optic,2,80.45,137.1,No
5138-WVKYJ,0.58,Month-to-month,Fiber optic,10,98.55,1008.55,Yes
4018-PPNDW,0.0054,Two year,No,61,24.1,1551.6,No
1635-FJFCC,0.3783,Month-to-month,DSL,5,44.05,202.15,No
2499-AJYUA,0.0818,Two year,Fiber optic,72,110.8,7882.25,No
6919-ELBGL,0.0507,Two year,Fiber optic,72,114.95,8196.4,No
3966-HRMZA,0.5949,Month-to-month,Fiber optic,3,75.05,202.9,No
6425-JWTDV,0.0058,Two year,No,48,19.25,855.1,No
8405-IGQFX,0.0924,One year,Fiber optic,63,90.05,5817.0,No
8224-IVVPA,0.1321,Month-to-month,DSL,27,56.7,1652.95,No
9477-LGWQI,0.0124,Two year,DSL,70,80.15,5600.15,No
1410-RSCMR,0.2081,Month-to-month,DSL,7,71.35,515.75,No
3115-CZMZD,0.0548,Two year,No,0,20.25,0.0,No
0139-IVFJG,0.5129,Month-to-month,Fiber optic,2,90.35,190.5,No
6683-VLCTZ,0.7589,Month-to-month,Fiber optic,20,98.55,1842.8,Yes
5730-DBDSI,0.0021,Two year,No,66,19.7,1253.8,No
0030-FNXPP,0.185,Month-to-month,No,3,19.85,57.2,No
2189-WWOEW,0.4941,Month-to-month,Fiber optic,15,85.9,1269.55,Yes
5684-FJVYR,0.0239,Two year,Fiber optic,72,90.35,6563.4,No
4013-GUXND,0.2105,Month-to-month,No,1,20.8,20.8,No
1894-IGFSG,0.5617,Month-to-month,Fiber optic,22,89.25,1907.85,Yes
7379-POKDZ,0.6804,Month-to-month,Fiber optic,3,70.3,208.85,Yes
1266-NZYUI,0.004,Two year,DSL,72,66.85,4758.8,No
7969-FFOWG,0.0014,Two year,No,65,19.9,1292.6,No
4718-DHSMV,0.5136,Month-to-month,DSL,11,35.8,363.15,No
5175-WLYXL,0.4475,Month-to-month,Fiber optic,22,78.85,1600.25,No
7817-OMJNA,0.0631,One year,No,14,20.4,275.7,No
8728-SKJLR,0.3211,Month-to-month,Fiber optic,41,74.25,3089.1,No
3137-NYQQI,0.0864,One year,DSL,17,64.8,1175.6,No
7706-DZNKK,0.1726,Month-to-month,No,11,20.45,237.3,No
0236-HFWSV,0.754,Month-to-month,Fiber optic,15,93.35,1444.65,Yes
3900-AQPHZ,0.1838,Month-to-month,No,1,19.9,19.9,Yes
5842-POCOP,0.5415,Month-to-month,Fiber optic,5,88.9,454.15,Yes
2037-XJFUP,0.3828,One year,Fiber optic,33,95.8,3036.75,Yes
8823-RLPWL,0.067,Two year,Fiber optic,72,110.65,8065.65,No
9505-SQFSW,0.4586,Month-to-month,DSL,3,40.3,92.5,No
7314-OXENN,0.6889,Month-to-month,Fiber optic,2,82.0,184.65,Yes
3758-CKOQL,0.0927,One year,Fiber optic,59,107.0,6152.3,No
0322-CHQRU,0.395,Month-to-month,DSL,2,45.35,89.5,Yes
5676-CFLYY,0.0115,Two year,DSL,71,73.35,5154.5,No
7521-AFHAB,0.2671,Month-to-month,DSL,5,44.8,220.45,No
0285-INHLN,0.1139,Month-to-month,DSL,27,54.75,1510.3,No
4678-DVQEO,0.4123,Month-to-month,DSL,1,52.2,52.2,Yes
5125-CNDSP,0.0131,One year,DSL,63,40.6,2588.95,No
0691-IFBQW,0.3261,One year,Fiber optic,46,110.0,4874.8,Yes
4992-LTJNE,0.0053,Two year,DSL,72,55.3,3983.6,No
2202-OUTMO,0.1139,Month-to-month,DSL,34,60.85,2003.6,No
0810-BDHAW,0.1562,One year,DSL,24,78.4,1832.4,No
0229-LFJAF,0.005,Two year,DSL,72,69.65,4908.25,No
7131-ZQZNK,0.0126,Two year,DSL,60,59.85,3590.2,No
3442-ZHHCC,0.031,One year,DSL,68,76.9,5023.0,No
5726-CVNYA,0.0448,Two year,No,8,19.85,146.6,No
9871-ELEYA,0.018,Two year,DSL,34,67.65,2339.3,No
4257-GAESD,0.5349,Month-to-month,DSL,6,45.0,298.7,No
5173-WXOQV,0.352,Month-to-month,DSL,2,64.2,143.65,No
2040-OBMLJ,0.1409,One year,Fiber optic,31,81.7,2548.65,No
6286-ZHAOK,0.1222,Month-to-month,No,20,25.55,507.4,No
3807-XHCJH,0.2223,Month-to-month,No,1,20.0,20.0,No
3009-JWMPU,0.2802,One year,Fiber optic,62,96.75,6125.4,Yes
5671-RQRLP,0.0498,Two year,Fiber optic,70,75.65,5411.4,No
1450-GALXR,0.7038,Month-to-month,Fiber optic,10,98.5,1058.25,Yes
8859-AXJZP,0.015,Two year,No,39,23.8,903.8,No
3174-AKMAS,0.021,Two year,DSL,46,64.2,3009.5,No
3138-BKYAV,0.6535,Month-to-month,Fiber optic,6,85.35,489.45,Yes
9926-PJHDQ,0.025,Two year,DSL,72,76.8,5468.45,No
7382-DFJTU,0.134,Month-to-month,DSL,18,55.2,1058.1,No
2798-NYLMZ,0.0529,Two year,Fiber optic,71,108.55,7616.0,No
4289-DTDKW,0.5488,Month-to-month,Fiber optic,40,101.3,4113.1,Yes
1820-TQVEV,0.7004,Month-to-month,Fiber optic,1,69.55,69.55,Yes
2239-JALAW,0.2374,One year,Fiber optic,58,103.25,6017.65,Yes
4853-RULSV,0.0538,Two year,Fiber optic,70,104.0,7250.15,Yes
8098-TDCBU,0.0127,Two year,No,42,25.25,1108.2,No
3551-GAEGL,0.057,One year,DSL,34,30.4,938.65,No
4785-NKHCX,0.2109,Month-to-month,No,5,20.05,94.15,No
3196-NVXLZ,0.5577,Month-to-month,Fiber optic,25,84.6,2088.05,No
6275-YDUVO,0.6701,Month-to-month,Fiber optic,2,86.2,178.7,Yes
0036-IHMOT,0.1355,One year,Fiber optic,55,103.7,5656.75,No
0115-TFERT,0.6128,Month-to-month,Fiber optic,21,111.2,2317.1,Yes
4178-EGMON,0.0233,Two year,Fiber optic,70,88.0,5986.45,No
4220-TINQT,0.3845,Month-to-month,Fiber optic,61,106.35,6751.35,No
5318-YKDPV,0.0267,Two year,DSL,43,79.15,3566.6,No
7975-TZMLR,0.3552,One year,Fiber optic,47,103.1,4889.3,No
0295-QVKPB,0.3317,Month-to-month,DSL,5,63.95,318.1,No
4335-BSMJS,0.004,Two year,No,62,25.8,1563.95,No
2311-QYMUQ,0.473,Month-to-month,Fiber optic,16,89.45,1430.25,Yes
3643-AHCFP,0.7705,Month-to-month,Fiber optic,7,95.6,644.35,Yes
9146-JRIOX,0.1311,Month-to-month,No,14,25.55,372.45,No
3104-OWCGK,0.0949,One year,Fiber optic,60,90.95,5453.4,Yes
5337-IIWKZ,0.2486,Month-to-month,DSL,34,44.85,1442.6,No
9101-BWFSS,0.1453,One year,Fiber optic,50,108.55,5610.7,Yes
9650-VBUOG,0.0101,Two year,No,38,25.05,963.95,No
3487-EARAT,0.0078,One year,DSL,70,74.1,5222.3,No
2672-TGEFF,0.5041,Month-to-month,Fiber optic,37,88.8,3340.55,No
9231-ZJYAM,0.7728,Month-to-month,Fiber optic,4,78.85,292.8,Yes
4250-WAROZ,0.3017,Month-to-month,Fiber optic,60,93.25,5774.55,No
8184-WMOFI,0.0127,One year,DSL,62,71.4,4487.3,No
6982-SSHFK,0.3484,Month-to-month,DSL,1,44.4,44.4,Yes
6092-QZVPP,0.1177,Month-to-month,DSL,36,79.2,2854.95,No
4625-LAMOB,0.0053,Two year,No,44,20.4,905.55,No
0727-BMPLR,0.3977,One year,Fiber optic,55,100.0,5509.3,Yes
0392-BZIUW,0.0676,Two year,Fiber optic,72,105.0,7589.8,No
1038-ZAGBI,0.0705,One year,No,12,19.8,229.6,Yes
6549-NNDYT,0.3682,Month-to-month,DSL,13,30.85,394.1,No
3027-ZTDHO,0.79,Month-to-month,Fiber optic,1,89.9,89.9,Yes
0422-OHQHQ,0.0542,One year,No,15,20.55,295.95,No
6916-HIJSE,0.0142,Two year,DSL,65,84.85,5459.2,No
2316-ESMLS,0.1039,One year,DSL,12,33.15,444.75,No
9778-OGKQZ,0.016,Two year,DSL,72,92.0,6782.15,No
7408-OFWXJ,0.0084,Two year,DSL,72,89.8,6510.45,No
6007-TCTST,0.0546,Two year,Fiber optic,72,115.8,8476.5,No
2252-NKNSI,0.0225,Two year,DSL,52,85.15,4461.85,No
8713-IGZSO,0.229,Month-to-month,No,2,24.85,62.0,No
7905-TVXTA,0.3472,Month-to-month,DSL,5,64.35,352.65,No
7695-PKLCZ,0.0014,Two year,No,68,20.5,1424.9,No
2382-BCKQJ,0.2984,One year,Fiber optic,62,100.15,6413.65,Yes
8374-UULRV,0.0082,Two year,DSL,72,86.05,6309.65,No
2207-NHRJK,0.3728,Month-to-month,DSL,1,50.8,50.8,Yes
3224-DFQNQ,0.0539,One year,Fiber optic,66,89.0,5898.6,No
5275-PMFUT,0.0107,Two year,DSL,72,64.8,4719.75,No
4795-UXVCJ,0.0338,One year,No,26,19.8,457.3,No
9777-IQHWP,0.036,Two year,Fiber optic,64,93.4,5822.3,No
0947-MUGVO,0.6047,Month-to-month,Fiber optic,20,73.65,1463.5,Yes
9944-HKVVB,0.7541,Month-to-month,Fiber optic,3,95.1,307.4,Yes
4124-MMETB,0.6337,Month-to-month,Fiber optic,22,94.65,2104.55,Yes
3671-SHRSP,0.4428,Month-to-month,Fiber optic,4,80.6,319.15,Yes
0979-MOZQI,0.0191,Two year,DSL,62,39.0,2337.45,No
2732-ISEZX,0.2412,Month-to-month,No,5,20.5,104.3,No
3313-QKNKB,0.1625,One year,Fiber optic,59,85.55,5084.65,Yes
0323-XWWTN,0.0775,Two year,No,3,26.4,121.25,No
1937-OTUKY,0.0376,Two year,Fiber optic,72,98.2,7015.9,No
1573-LGXBA,0.1619,One year,Fiber optic,57,97.55,5598.0,No
1764-VUUMT,0.0022,Two year,No,66,19.95,1269.1,No
5073-WXOYN,0.1901,Month-to-month,DSL,60,50.8,3027.4,Yes
4713-ZBURT,0.1441,Two year,Fiber optic,45,99.7,4634.35,No
3050-GBUSH,0.6173,Month-to-month,DSL,3,34.8,113.95,No
0207-MDKNV,0.4533,Month-to-month,Fiber optic,15,105.1,1582.75,Yes
7876-AEHIG,0.0381,One year,DSL,51,60.15,3077.0,No
7945-HLKEA,0.0248,One year,DSL,60,64.75,4039.5,No
9342-VNIMQ,0.1739,Month-to-month,DSL,33,54.65,1665.2,No
9851-KIELU,0.5139,Month-to-month,Fiber optic,10,110.1,1043.3,Yes
3523-BRGUW,0.0418,One year,No,26,19.3,504.2,No
3908-BLSYF,0.6192,Month-to-month,Fiber optic,6,83.9,497.55,Yes
3199-NPKCN,0.1433,One year,Fiber optic,67,111.25,7511.65,No
5170-PTRKA,0.0285,One year,DSL,49,35.8,1782.0,No
4661-NJEUX,0.2525,Month-to-month,No,1,20.05,20.05,No
2123-AGEEN,0.7491,Month-to-month,Fiber optic,7,84.35,609.65,No
1258-YMZNM,0.4012,One year,Fiber optic,27,110.5,2857.6,No
0048-LUMLS,0.1912,One year,Fiber optic,37,91.2,3247.55,No
7549-MYGPK,0.2282,Month-to-month,Fiber optic,63,100.55,6215.35,Yes
5898-IGSLP,0.2709,Month-to-month,Fiber optic,31,89.3,2823.0,No
3804-RVTGV,0.3614,Month-to-month,Fiber optic,50,103.85,5017.9,Yes
6259-WJQLC,0.4674,Month-to-month,Fiber optic,32,81.1,2619.25,No
9227-LUNBG,0.5956,Month-to-month,DSL,1,24.6,24.6,Yes
7997-EASSD,0.0657,One year,Fiber optic,63,81.2,4965.1,No
0730-KOAVE,0.3555,Month-to-month,Fiber optic,30,94.3,2679.7,No
8975-SKGRX,0.0647,Two year,Fiber optic,71,116.1,8310.55,No
0678-RLHVP,0.1507,Two year,Fiber optic,53,105.55,5682.25,No
4315-MURBD,0.4569,Month-to-month,Fiber optic,12,98.9,1120.95,Yes
2267-FPIMA,0.2659,Month-to-month,Fiber optic,50,94.4,4914.9,No
1051-GEJLJ,0.1927,Month-to-month,No,2,19.5,27.55,No
9734-YWGEX,0.6305,Month-to-month,Fiber optic,9,98.3,923.5,Yes
2719-BDAQO,0.4825,Month-to-month,Fiber optic,17,93.85,1625.65,Yes
5285-MVEHD,0.1538,One year,Fiber optic,56,105.6,6068.65,No
0379-DJQHR,0.0096,Two year,DSL,67,81.35,5398.6,No
0781-LKXBR,0.8045,Month-to-month,Fiber optic,9,100.5,918.6,Yes
5543-QDCRY,0.5398,Month-to-month,DSL,4,56.4,234.85,No
0297-RBCSG,0.1378,One year,DSL,19,65.35,1231.85,No
4694-PHWFW,0.1307,Month-to-month,No,8,19.95,170.9,No
0835-JKADZ,0.1058,Two year,Fiber optic,71,111.25,7984.15,No
1907-UBQFC,0.6694,Month-to-month,Fiber optic,10,72.85,688.65,Yes
7508-SMHXL,0.5516,Month-to-month,Fiber optic,15,89.0,1288.3,No
3865-YIOTT,0.1454,One year,Fiber optic,72,106.1,7848.5,No
5993-BQHEA,0.0662,One year,No,12,20.05,267.0,No
6024-RUGGH,0.0038,Two year,No,72,25.2,1798.9,No
6513-EECDB,0.8042,Month-to-month,Fiber optic,1,73.55,73.55,Yes
3956-CJUST,0.4267,Month-to-month,Fiber optic,23,75.4,1643.55,No
4079-WWQQQ,0.0129,Two year,DSL,72,65.55,4807.45,No
6103-BOCOU,0.5562,Month-to-month,Fiber optic,26,80.7,2193.0,No
5149-TGWDZ,0.323,One year,Fiber optic,21,104.55,2239.4,No
7471-WNSUF,0.0088,One year,No,60,24.15,1505.9,No
8942-DBMHZ,0.1195,Month-to-month,No,12,20.45,255.35,No
4301-VVZKA,0.6333,Month-to-month,Fiber optic,16,75.4,1189.4,No
9199-PWQVC,0.043,One year,DSL,63,79.7,4786.15,No
4824-GUCBY,0.3634,Month-to-month,Fiber optic,22,81.7,1820.9,No
5393-HJZSM,0.0759,Month-to-month,DSL,32,76.3,2404.15,No
7074-IEVOJ,0.7484,Month-to-month,Fiber optic,3,79.4,205.05,Yes
9625-QSTYE,0.5606,Month-to-month,Fiber optic,13,81.15,952.3,Yes
0862-PRCBS,0.0651,Two year,Fiber optic,68,103.75,7039.45,No
8812-ZRHFP,0.2523,One year,Fiber optic,30,86.45,2538.05,No
5146-CBVOE,0.3948,Month-to-month,Fiber optic,16,75.1,1212.85,No
0454-OKRCT,0.0571,Two year,Fiber optic,33,80.6,2651.1,No
5787-KXGIY,0.0016,Two year,No,72,19.3,1304.8,No
4750-ZRXIU,0.7945,Month-to-month,Fiber optic,4,84.6,360.1,Yes
4198-VFOEA,0.1622,One year,DSL,12,33.6,435.45,No
6630-UJZMY,0.782,Month-to-month,Fiber optic,4,83.25,308.05,No
5709-LVOEQ,0.0908,Two year,DSL,0,80.85,0.0,No
6400-BWQKW,0.6414,Month-to-month,Fiber optic,6,79.05,434.5,Yes
2692-AQCPF,0.1408,One year,Fiber optic,65,108.05,7118.9,No
0347-UBKUZ,0.1111,Month-to-month,No,15,19.9,320.45,No
0835-DUUIQ,0.0325,One year,No,24,21.05,531.55,No
0811-GSDTP,0.3435,Month-to-month,DSL,13,30.15,382.2,No
7567-ECMCM,0.4723,Month-to-month,Fiber optic,24,79.85,2001.0,No
6115-ZTBFQ,0.01,Two year,DSL,72,65.5,4919.7,No
6353-BRMMA,0.2699,Month-to-month,Fiber optic,54,104.1,5645.8,No
6680-WKXRZ,0.6121,Month-to-month,Fiber optic,3,74.4,215.8,Yes
6231-WFGFH,0.2214,Month-to-month,No,4,20.5,77.6,No
9904-EHEVJ,0.5168,Month-to-month,Fiber optic,32,91.35,2896.55,No
7028-DVOIQ,0.6894,Month-to-month,Fiber optic,35,99.05,3395.8,Yes
6169-PPETC,0.009,Two year,No,35,20.5,759.35,No
4208-UFFGW,0.3723,Month-to-month,DSL,2,44.95,85.15,Yes
8584-KMVXD,0.5161,Month-to-month,Fiber optic,8,75.6,535.55,No
8467-WYNSR,0.0841,Month-to-month,DSL,22,55.1,1253.15,No
0851-DFJKB,0.1645,Month-to-month,DSL,15,58.95,955.15,No
5382-SOYZL,0.6771,Month-to-month,Fiber optic,22,95.1,2162.6,No
9448-REEVD,0.3449,Month-to-month,DSL,1,44.7,44.7,Yes
3261-CQXOL,0.0023,Two year,No,71,25.45,1813.35,No
8388-FYNPZ,0.3042,Month-to-month,DSL,4,56.75,245.15,No
4002-BQWPQ,0.1378,Month-to-month,DSL,25,81.75,2028.8,No
5651-YLPRD,0.4071,Month-to-month,Fiber optic,32,86.1,2723.75,No
2826-DXLQO,0.3719,Month-to-month,DSL,7,29.8,220.45,No
4378-BZYFP,0.0665,One year,No,17,20.5,365.8,No
9489-UTFKA,0.3142,Month-to-month,DSL,8,60.9,551.95,No
4849-PYRLQ,0.0159,Two year,DSL,56,73.25,4054.2,No
9117-SHLZX,0.4186,Month-to-month,DSL,1,45.7,45.7,Yes
9889-TMAHG,0.4317,Month-to-month,Fiber optic,8,100.3,832.35,Yes
4541-RMRLG,0.2093,Month-to-month,No,7,19.25,112.3,Yes
7764-BDPEE,0.16,Month-to-month,No,3,20.85,60.65,No
3429-IFLEM,0.0056,Two year,DSL,71,77.35,5550.1,No
3158-MOERK,0.8191,Month-to-month,Fiber optic,2,96.0,174.8,Yes
7294-TMAOP,0.716,Month-to-month,Fiber optic,1,90.55,90.55,Yes
5002-GCQFH,0.2614,Month-to-month,Fiber optic,49,93.85,4733.1,No
0556-FJEGU,0.0109,Two year,DSL,58,70.1,4048.95,No
8919-FYFQZ,0.2036,Month-to-month,DSL,44,30.35,1359.7,Yes
0604-THJFP,0.0184,Two year,DSL,59,75.95,4542.35,No
2834-JRTUA,0.0713,Two year,Fiber optic,71,108.05,7532.15,Yes
5875-YPQFJ,0.7044,Month-to-month,Fiber optic,1,69.9,69.9,Yes
5879-SESNB,0.581,Month-to-month,Fiber optic,11,75.25,888.65,No
6646-QVXLR,0.3217,One year,Fiber optic,62,103.75,6383.35,Yes
6461-PPAXN,0.0399,One year,DSL,35,54.95,1916.0,No
3318-ISQFQ,0.1365,Month-to-month,No,20,19.5,413.0,No
1106-HRLKZ,0.0072,Two year,No,40,19.6,808.95,No
2483-XSSMZ,0.0732,One year,DSL,39,47.85,1886.4,No
8603-IJWDN,0.7791,Month-to-month,Fiber optic,1,86.6,86.6,Yes
8165-ZJRNM,0.0019,Two year,No,72,23.75,1679.25,No
9369-XFEHK,0.4821,Month-to-month,Fiber optic,33,80.6,2656.5,Yes
2604-XVDAM,0.2744,Month-to-month,DSL,12,43.8,540.95,No
3717-OFRTN,0.2038,Month-to-month,No,1,19.75,19.75,No
9046-JBFWA,0.0563,Month-to-month,No,27,19.15,537.35,No
3280-NMUVX,0.0154,One year,No,34,19.6,678.8,No
1206-EHBDD,0.0283,Two year,Fiber optic,56,80.3,4513.65,No
8361-LBRDI,0.0053,Two year,No,58,24.35,1423.85,No
4883-KCPZJ,0.0284,Two year,No,22,25.25,555.4,No
9108-EQPNQ,0.0395,Two year,No,10,26.1,225.55,No
7277-KAMWT,0.0289,Two year,No,13,20.0,268.45,No
3842-IYKUE,0.2114,Month-to-month,Fiber optic,35,85.3,2917.5,Yes
6641-XRPSU,0.304,Month-to-month,Fiber optic,34,70.0,2416.1,Yes
1374-DMZUI,0.8442,Month-to-month,Fiber optic,4,94.3,424.45,Yes
2545-LXYVJ,0.0013,Two year,No,72,20.7,1492.1,No
3234-VKACU,0.4547,Month-to-month,DSL,2,70.3,132.4,No
8357-EQXFO,0.7384,Month-to-month,Fiber optic,7,95.35,660.9,Yes
1989-PRJHP,0.5936,Month-to-month,Fiber optic,27,75.5,1893.95,Yes
8120-JDCAM,0.5325,Month-to-month,Fiber optic,4,69.55,284.9,No
8917-FAEMR,0.0112,Two year,No,37,19.85,784.25,No
7047-YXDMZ,0.0682,Month-to-month,No,21,20.0,417.7,No
2858-EIMXH,0.273,One year,Fiber optic,53,95.85,5016.25,No
9524-EGPJC,0.5989,Month-to-month,Fiber optic,18,90.1,1612.75,Yes
6993-OHLXR,0.6158,Month-to-month,Fiber optic,2,68.95,119.75,Yes
8818-XYFCQ,0.4372,Month-to-month,Fiber optic,32,99.55,3204.65,Yes
6419-ZTTLE,0.1098,One year,No,23,20.75,485.2,No
0929-HYQEW,0.3161,Month-to-month,DSL,3,50.15,160.85,No
6614-YOLAC,0.0085,Two year,DSL,71,58.65,4145.25,No
7426-RHZGU,0.5786,Month-to-month,Fiber optic,9,95.9,827.45,No
4065-JJAVA,0.3827,Month-to-month,DSL,1,49.5,49.5,No
4695-VADHF,0.2643,Month-to-month,DSL,18,57.45,990.85,Yes
3863-IUBJR,0.1683,One year,DSL,12,53.65,696.35,Yes
7649-SIJJF,0.0092,Two year,DSL,71,80.1,5585.4,No
9361-YNQWJ,0.0112,One year,No,64,24.4,1601.2,No
3748-FVMZZ,0.6126,Month-to-month,DSL,4,40.05,162.45,No
9391-TTOYH,0.0994,Month-to-month,No,23,19.5,470.2,No
1452-XRSJV,0.0512,Month-to-month,DSL,39,51.05,2066.0,No
3422-WJOYD,0.0346,One year,DSL,28,54.35,1426.45,No
8242-SOQUO,0.7459,Month-to-month,Fiber optic,5,84.7,392.5,No
7460-ITWWP,0.4846,Month-to-month,Fiber optic,45,86.1,3861.45,No
7147-AYBAA,0.3138,Month-to-month,Fiber optic,37,70.35,2552.9,No
7868-TMWMZ,0.0704,Two year,Fiber optic,60,110.0,6668.35,No
4822-RVYBB,0.8086,Month-to-month,Fiber optic,8,100.6,819.4,Yes
6732-FZUGP,0.132,One year,Fiber optic,47,94.9,4615.25,No
8436-BJUMM,0.5678,Month-to-month,Fiber optic,26,83.75,2070.6,Yes
4184-TJFAN,0.4675,Month-to-month,Fiber optic,3,88.3,273.75,Yes
8329-GWVPJ,0.2232,Month-to-month,Fiber optic,50,69.75,3557.7,No
1352-VHKAJ,0.1952,Month-to-month,DSL,27,71.6,1957.1,No
4145-UQXUQ,0.7843,Month-to-month,Fiber optic,8,92.1,729.95,Yes
2632-TACXW,0.004,Two year,No,62,23.65,1416.75,No
8146-QQKZH,0.0098,Two year,DSL,71,81.85,5924.4,No
1767-CJKBA,0.003,Two year,No,66,25.1,1697.7,No
6445-TNRXS,0.054,Two year,Fiber optic,68,114.7,7849.85,No
4581-LNWUM,0.5474,Month-to-month,DSL,13,49.15,649.4,No
4869-EPIUS,0.1989,One year,Fiber optic,56,80.9,4557.5,No
9948-YPTDG,0.2548,Month-to-month,Fiber optic,38,79.45,3013.05,Yes
1236-WFCDV,0.5743,Month-to-month,Fiber optic,14,90.45,1266.1,Yes
1915-OAKWD,0.0681,One year,No,16,19.3,360.35,No
7296-PIXQY,0.4651,Month-to-month,Fiber optic,14,70.2,1046.5,No
4883-QICIH,0.3265,Month-to-month,Fiber optic,32,69.75,2347.9,Yes
3354-OADJP,0.0913,One year,DSL,8,54.25,447.75,No
3524-WQDSG,0.4559,Month-to-month,Fiber optic,43,99.3,4209.95,No
0810-DHDBD,0.0308,One year,DSL,52,74.0,3877.65,No
4026-SKKHW,0.3269,Month-to-month,DSL,3,50.25,152.3,No
2829-HYVZP,0.0374,One year,No,29,19.8,572.2,No
8329-IBCTI,0.201,Month-to-month,No,1,19.65,19.65,Yes
1271-SJBGZ,0.5069,Month-to-month,DSL,12,43.65,526.95,Yes
3845-JHAMY,0.4069,Month-to-month,DSL,16,35.5,552.7,No
7013-PSXHK,0.1105,One year,DSL,40,80.75,3208.65,No
5669-SRAIP,0.6009,Month-to-month,DSL,5,39.5,210.75,Yes
5981-ITEMU,0.5094,Month-to-month,Fiber optic,40,97.1,3706.95,Yes
3486-NPGST,0.0199,One year,No,36,19.55,620.75,No
6941-PMGEP,0.7233,Month-to-month,Fiber optic,5,80.0,412.5,Yes
1624-WOIWJ,0.5101,Month-to-month,Fiber optic,10,84.7,832.05,Yes
2074-GKOWZ,0.6937,Month-to-month,Fiber optic,2,89.55,185.55,Yes
0376-YMCJC,0.5615,Month-to-month,Fiber optic,23,90.6,1943.2,Yes
6100-FJZDG,0.0382,One year,No,26,20.05,505.9,No
4829-ZLJTK,0.1122,Two year,Fiber optic,72,112.4,8046.85,No
1730-VFMWO,0.0899,Month-to-month,DSL,34,50.2,1815.3,No
7143-BQIBA,0.1768,Month-to-month,DSL,10,62.25,612.95,No
3800-LYTRK,0.0737,One year,DSL,14,55.7,795.15,No
0634-SZPQA,0.4509,Month-to-month,Fiber optic,23,90.05,2169.8,Yes
9646-NMHXE,0.0065,Two year,No,47,19.65,973.1,No
7030-NJVDP,0.4134,Month-to-month,Fiber optic,24,89.25,2210.2,No
5536-RTPWK,0.4106,Month-to-month,Fiber optic,49,99.05,4853.75,Yes
8883-GRDWQ,0.0728,One year,DSL,20,54.0,1055.9,No
6166-ILMNY,0.536,Month-to-month,Fiber optic,2,69.75,144.55,Yes
3097-NNSPB,0.3794,Month-to-month,DSL,2,49.05,91.1,Yes
7771-ZONAT,0.0926,Two year,DSL,22,56.75,1304.85,No
0655-RBDUG,0.752,Month-to-month,Fiber optic,7,98.05,713.0,Yes
2111-DWYHN,0.1964,Month-to-month,No,1,21.1,21.1,No
4194-WHFCB,0.2149,Month-to-month,Fiber optic,59,96.65,5580.8,No
4121-AGSIN,0.0122,One year,No,58,24.5,1497.9,No
4361-BKAXE,0.3266,Month-to-month,Fiber optic,41,114.5,4527.45,Yes
9845-PEEKO,0.0621,Two year,Fiber optic,59,79.2,4590.35,No
0455-XFASS,0.6775,Month-to-month,Fiber optic,3,69.55,200.2,No
0301-KOBTQ,0.0189,Two year,No,32,20.05,614.45,No
1751-NCDLI,0.6013,Month-to-month,Fiber optic,46,98.85,4564.9,No
4367-NUYAO,0.0662,Two year,No,0,25.75,0.0,No
9878-TNQGW,0.7358,Month-to-month,Fiber optic,2,80.95,171.15,Yes
9170-ARBTB,0.0073,One year,No,52,19.6,1012.4,No
4441-NIHPT,0.65,Month-to-month,Fiber optic,13,74.3,940.35,Yes
8999-BOHSE,0.6325,Month-to-month,Fiber optic,11,89.7,1047.7,Yes
7241-AJHFS,0.1985,Month-to-month,Fiber optic,32,87.65,2766.4,No
7029-RPUAV,0.6986,Month-to-month,Fiber optic,17,100.45,1622.45,Yes
4546-FOKWR,0.5608,Month-to-month,Fiber optic,16,74.75,1129.35,No
9036-CSKBW,0.1706,One year,Fiber optic,51,107.45,5680.9,No
5832-TRLPB,0.1238,One year,DSL,29,75.35,2243.9,No
8590-YFFQO,0.0029,Two year,DSL,70,64.95,4523.25,No
8659-IOOPU,0.0349,Two year,Fiber optic,71,100.45,7159.7,No
1338-CECEE,0.0644,One year,DSL,41,68.5,2839.95,No
7439-DKZTW,0.7482,Month-to-month,Fiber optic,1,80.55,80.55,No
4646-QZXTF,0.2617,Month-to-month,DSL,7,81.25,580.1,No
4607-CHPCA,0.4187,One year,Fiber optic,25,90.4,2178.6,Yes
9742-XOKTS,0.045,One year,Fiber optic,67,89.55,6038.55,No
6921-OZMFH,0.326,Month-to-month,DSL,5,55.7,259.4,No
9578-FOMUK,0.189,Month-to-month,No,15,24.8,324.15,No
4712-UYOOI,0.087,Month-to-month,No,20,20.0,417.65,No
8824-RWFXJ,0.3144,Month-to-month,DSL,3,56.15,168.15,Yes
7722-CVFXN,0.2219,One year,Fiber optic,54,105.2,5637.85,No
8717-VCTXJ,0.0169,One year,No,42,19.55,839.4,No
7363-QTBIW,0.672,Month-to-month,Fiber optic,9,79.75,769.1,No
4159-NAAIX,0.0734,Two year,Fiber optic,63,97.45,6253.0,No
0971-QIFJK,0.0036,Two year,No,69,24.25,1641.8,No
9397-TZSHA,0.0019,Two year,No,69,24.6,1678.05,No
3391-JSQEW,0.1122,Month-to-month,DSL,40,50.15,2058.5,No
0343-QLUZP,0.0103,Two year,DSL,60,39.6,2424.5,No
9763-PDTKK,0.4603,Month-to-month,Fiber optic,4,94.4,387.2,Yes
2176-LVPNX,0.0124,Two year,DSL,71,89.85,6293.45,No
7627-JKIAZ,0.3405,Month-to-month,Fiber optic,37,78.95,2839.65,Yes
3312-UUMZW,0.51,Month-to-month,Fiber optic,32,98.85,3145.9,No
1271-UODNO,0.0355,Two year,DSL,39,53.85,2200.7,No
8461-EFQYM,0.0423,One year,No,38,24.25,914.4,No
6900-RBKER,0.1002,Two year,Fiber optic,52,89.45,4577.75,No
6891-JPYFF,0.2895,Month-to-month,Fiber optic,48,105.25,4997.5,No
1459-QNFQT,0.0097,Two year,DSL,70,59.5,4144.8,No
1047-NNCBF,0.3599,Month-to-month,Fiber optic,20,70.55,1493.55,No
3696-XRIEN,0.066,One year,DSL,50,82.5,4179.1,No
4081-DYXAV,0.3352,One year,DSL,19,44.85,893.55,Yes
0074-HDKDG,0.0696,One year,DSL,25,61.6,1611.0,No
8791-GFXLZ,0.2995,Month-to-month,DSL,12,49.05,593.05,No
8111-SLLHI,0.6359,Month-to-month,Fiber optic,39,105.65,4284.8,Yes
0927-LCSMG,0.4863,Month-to-month,Fiber optic,7,74.65,544.55,Yes
9330-DHBFL,0.048,One year,DSL,23,66.25,1533.8,No
0098-BOWSO,0.0965,Month-to-month,No,27,19.4,529.8,No
3452-ABWRL,0.4086,Month-to-month,Fiber optic,47,86.05,3865.6,No
5859-HZYLF,0.0234,Two year,No,26,19.15,515.75,No
8257-RZAHR,0.3647,Month-to-month,DSL,14,64.7,941.0,Yes
5293-WXJAK,0.6768,Month-to-month,Fiber optic,11,104.05,1133.65,Yes
3156-QLHBO,0.1666,Month-to-month,No,2,19.25,48.35,No
2208-NQBCT,0.2662,Month-to-month,Fiber optic,26,81.95,2070.05,No
1779-PWPMG,0.0756,Two year,Fiber optic,72,114.65,8333.95,No
6621-NRZAK,0.0027,Two year,No,63,20.0,1209.25,No
0831-JNISG,0.001,Two year,No,71,19.8,1396.25,No
0774-IFUVM,0.3476,Month-to-month,DSL,11,65.15,723.35,No
3082-WQRVY,0.0713,One year,No,14,19.65,228.65,No
9553-DLCLU,0.0544,Two year,DSL,13,88.95,1161.75,No
1641-BYBTK,0.1632,Month-to-month,No,6,20.2,98.35,No
2460-NGXBJ,0.6219,Month-to-month,Fiber optic,11,75.2,775.3,No
2446-ZKVAF,0.2194,Month-to-month,DSL,18,56.8,1074.65,No
0841-NULXI,0.6949,Month-to-month,DSL,1,35.55,35.55,Yes
3522-CDKHF,0.3053,Month-to-month,Fiber optic,32,75.5,2324.7,No
1430-SFQSA,0.0514,One year,DSL,29,35.6,1072.6,No
0411-EZJZE,0.6286,Month-to-month,DSL,3,60.25,170.5,No
7851-WZEKY,0.7945,Month-to-month,Fiber optic,2,95.15,196.9,Yes
8844-TONUD,0.5942,Month-to-month,Fiber optic,13,96.65,1162.85,Yes
8807-ARQET,0.2594,Month-to-month,DSL,41,40.35,1677.85,No
8992-CEUEN,0.278,Month-to-month,No,1,18.85,18.85,No
4320-QMLLA,0.318,Month-to-month,DSL,7,54.85,370.4,No
8777-PVYGU,0.0475,One year,DSL,52,64.3,3410.6,No
8292-ITGYJ,0.0095,Two year,No,45,24.65,1138.8,No
6870-ZWMNX,0.0104,Two year,DSL,70,76.1,5264.25,No
0621-CXBKL,0.0031,Two year,No,53,18.7,1005.7,No
5268-DSMNQ,0.1468,One year,Fiber optic,62,97.95,5936.55,No
5334-JLAXU,0.1784,Month-to-month,Fiber optic,60,94.1,5475.9,No
4086-YQSNZ,0.755,Month-to-month,Fiber optic,3,80.4,224.05,Yes
6242-MBHPK,0.6352,Month-to-month,Fiber optic,23,95.1,2326.05,No
5868-CZJDR,0.488,Month-to-month,DSL,1,31.35,31.35,Yes
9359-UGBTK,0.0207,One year,DSL,67,72.35,4991.5,No
0135-NMXAP,0.5778,Month-to-month,Fiber optic,12,89.75,1052.4,Yes
4782-OSFXZ,0.0144,Two year,DSL,71,82.7,5831.2,No
6479-OAUSD,0.0303,One year,No,25,19.9,510.8,No
7129-ACFOG,0.4503,Month-to-month,DSL,5,53.8,283.95,No
4189-NAKJS,0.1408,One year,DSL,26,51.55,1295.4,No
5562-BETPV,0.0989,One year,No,1,19.65,19.65,No
1282-IHQAC,0.0432,One year,DSL,70,44.05,3011.65,No
9127-FHJBZ,0.0542,Two year,Fiber optic,72,114.0,8093.15,No
6270-OMFIW,0.207,One year,Fiber optic,60,94.4,5610.25,Yes
1641-RQDAY,0.6336,Month-to-month,Fiber optic,32,100.4,3217.65,No
0107-WESLM,0.3428,Month-to-month,No,1,19.85,19.85,Yes
6994-ORCWG,0.1927,One year,DSL,14,54.25,773.2,No
1346-UFHAX,0.4848,Month-to-month,Fiber optic,13,80.0,1029.35,No
3992-YWPKO,0.6097,Month-to-month,Fiber optic,6,109.9,669.45,Yes
2933-XEUJM,0.0291,Two year,DSL,46,79.2,3593.8,No
0125-LZQXK,0.6247,Month-to-month,Fiber optic,15,101.35,1553.95,Yes
5461-QKNTN,0.4137,Month-to-month,Fiber optic,43,94.3,3953.15,No
4835-YSJMR,0.0268,Two year,DSL,39,49.8,1971.15,No
8399-YNDCH,0.3493,Month-to-month,DSL,21,60.05,1236.15,Yes
3164-YAXFY,0.1679,Month-to-month,DSL,57,53.75,3196.0,No
0887-WBJVH,0.2368,One year,Fiber optic,53,93.45,4872.2,No
4660-IRIBM,0.3855,Month-to-month,Fiber optic,18,87.9,1500.5,No
5673-FSSMF,0.6438,Month-to-month,DSL,1,60.15,60.15,Yes
7670-ZBPOQ,0.0249,One year,DSL,58,61.05,3478.75,No
8089-UZWLX,0.1082,Two year,Fiber optic,71,104.05,7413.55,No
0080-OROZO,0.3366,One year,Fiber optic,35,99.25,3532.0,No
3916-NRPAP,0.5461,Month-to-month,Fiber optic,3,85.7,256.75,No
6807-SIWJI,0.3232,One year,Fiber optic,38,104.85,3887.25,No
8221-HVAYI,0.02,Two year,DSL,35,69.15,2490.15,No
1579-KLYDT,0.7447,Month-to-month,Fiber optic,7,90.45,593.45,Yes
5232-NXPAY,0.024,Two year,DSL,47,74.45,3510.3,No
8967-SZQAS,0.2833,Month-to-month,DSL,14,50.45,765.45,No
4468-KAZHE,0.411,Month-to-month,DSL,20,60.0,1259.35,No
0455-ENTCR,0.017,Two year,DSL,66,85.25,5538.35,No
8944-AILEF,0.1544,Month-to-month,No,15,19.45,340.85,No
5542-NKVRU,0.0117,Two year,No,42,20.75,844.45,No
7126-RBHSD,0.467,Month-to-month,Fiber optic,17,78.9,1348.95,No
5370-IIVVL,0.2646,One year,Fiber optic,37,104.5,3778.0,No
6789-HJBWG,0.3813,Month-to-month,DSL,12,49.4,611.65,No
3927-NLNRY,0.1827,One year,Fiber optic,53,94.25,4867.95,Yes
9087-EYCPR,0.0032,Two year,No,60,25.0,1505.05,No
6791-YBNAK,0.2624,Month-to-month,DSL,18,25.55,467.85,No
6358-LYNGM,0.7428,Month-to-month,Fiber optic,1,74.9,74.9,Yes
6077-BDPXA,0.695,Month-to-month,Fiber optic,3,70.15,194.2,No
0013-MHZWF,0.3497,Month-to-month,DSL,9,69.4,571.45,No
5494-HECPR,0.7425,Month-to-month,Fiber optic,1,80.25,80.25,Yes
8268-YDIXR,0.1277,One year,Fiber optic,56,93.15,5253.95,No
9824-BEMCV,0.4857,Month-to-month,Fiber optic,17,69.0,1149.65,Yes
1373-ORVIZ,0.4222,Month-to-month,DSL,11,66.35,740.8,Yes
4291-SHSBH,0.6552,Month-to-month,Fiber optic,7,69.55,521.35,No
6980-IMXXE,0.0019,Two year,No,69,20.2,1412.65,No
9866-QEVEE,0.5736,Month-to-month,Fiber optic,19,86.0,1532.45,Yes
9897-KXHCM,0.7106,Month-to-month,Fiber optic,3,80.3,250.05,Yes
0040-HALCW,0.004,Two year,No,54,20.4,1090.6,No
0784-GTUUK,0.0111,One year,No,62,23.75,1446.8,No
7979-CORPM,0.509,Month-to-month,Fiber optic,24,90.55,2282.55,Yes
2294-DMMUS,0.1149,Month-to-month,DSL,62,70.45,4300.45,No
0872-JCPIB,0.2468,Month-to-month,DSL,17,65.75,1111.2,No
3055-MJDSB,0.4776,Month-to-month,DSL,9,24.6,190.1,No
9091-WTUUY,0.0069,Two year,DSL,64,69.25,4447.75,No
1618-CFHME,0.7561,Month-to-month,Fiber optic,2,75.9,143.35,Yes
3165-HDOEW,0.3848,Month-to-month,DSL,1,45.85,45.85,Yes
6581-NQCBA,0.5385,Month-to-month,DSL,16,49.95,810.2,Yes
7115-IRDHS,0.0019,Two year,No,72,24.65,1830.05,No
8496-DMZUK,0.1549,One year,Fiber optic,30,90.4,2820.65,No
2040-VZIKE,0.3444,Month-to-month,Fiber optic,49,100.85,4847.35,No
9068-VPWQQ,0.0101,Two year,DSL,61,75.35,4729.3,No
0178-SZBHO,0.2752,Month-to-month,Fiber optic,47,87.2,4017.45,No
0384-RVBPI,0.1624,Month-to-month,DSL,20,64.4,1398.6,No
1689-MRZQR,0.3708,Month-to-month,Fiber optic,34,78.3,2564.3,Yes
1299-AURJA,0.0031,Two year,No,70,24.7,1685.9,No
4525-VZCZG,0.1347,One year,Fiber optic,54,105.85,5826.65,No
1543-LLLFT,0.1404,One year,Fiber optic,61,98.3,6066.55,No
5835-BEQEU,0.7367,Month-to-month,Fiber optic,3,76.95,228.4,Yes
2788-CJQAQ,0.0672,One year,No,13,19.45,270.2,No
5565-FILXA,0.7621,Month-to-month,Fiber optic,16,96.15,1529.2,Yes
0319-QZTCO,0.399,Month-to-month,DSL,3,58.7,168.6,No
2120-SMPEX,0.0894,Month-to-month,No,25,20.15,536.35,No
0096-FCPUF,0.1835,Month-to-month,DSL,30,64.5,1888.45,No
0668-OGMHD,0.2542,Month-to-month,DSL,21,28.5,629.35,No
5552-ZNFSJ,0.4338,Month-to-month,DSL,1,45.3,45.3,Yes
2223-KAGMX,0.1136,Month-to-month,No,15,19.4,289.3,Yes
6507-ZJSUR,0.6761,Month-to-month,Fiber optic,23,90.45,2117.25,No
9408-HRXRK,0.4296,Month-to-month,Fiber optic,45,105.15,4730.9,No
5593-SUAOO,0.2127,One year,Fiber optic,24,83.15,2033.05,No
7321-PKUYW,0.5625,Month-to-month,Fiber optic,11,90.15,987.95,Yes
2833-SLKDQ,0.3556,Month-to-month,DSL,1,45.05,45.05,Yes
6766-HFKLA,0.0891,Two year,Fiber optic,56,103.2,5744.35,No
7595-EUIVN,0.5819,Month-to-month,Fiber optic,1,75.8,75.8,Yes
7617-EYGLW,0.2493,Month-to-month,No,1,19.45,19.45,No
2026-TGDHM,0.6986,Month-to-month,Fiber optic,7,79.3,523.15,Yes
9220-ZNKJI,0.0482,Two year,Fiber optic,55,88.8,4805.3,No
4030-VPZBD,0.5825,Month-to-month,DSL,2,30.9,59.05,Yes
2226-ICFDO,0.0128,Two year,DSL,72,85.9,6110.75,No
0723-VSOBE,0.1272,One year,DSL,45,34.2,1596.6,No
5529-GIBVH,0.0063,Two year,No,47,20.15,1046.2,No
4187-CINZD,0.1981,One year,Fiber optic,46,95.25,4424.2,Yes
9992-UJOEL,0.4024,Month-to-month,DSL,2,50.3,92.75,No
4741-WWJQZ,0.5206,Month-to-month,Fiber optic,2,80.15,194.55,No
6625-UTXEW,0.3794,Month-to-month,DSL,12,51.25,612.1,No
6818-WOBHJ,0.2843,Month-to-month,Fiber optic,68,89.6,6127.6,Yes
6244-BESBM,0.0479,Two year,Fiber optic,69,95.2,6671.7,No
1004-NOZNR,0.1059,One year,Fiber optic,56,94.8,5264.3,No
1251-STYSZ,0.7102,Month-to-month,Fiber optic,4,80.25,303.7,No
2612-PHGOX,0.0195,Two year,DSL,64,76.1,4818.8,No
2408-TZMJL,0.2215,One year,Fiber optic,59,110.15,6448.05,Yes
8480-PPONV,0.0468,Two year,Fiber optic,62,115.55,7159.05,No
8780-IHCRN,0.0022,Two year,No,63,24.65,1574.5,No
4598-ZADCK,0.0505,One year,DSL,53,53.6,2879.2,No
1257-SXUXQ,0.146,Month-to-month,No,5,19.45,86.05,No
9681-KYGYB,0.3002,Month-to-month,Fiber optic,49,88.2,4159.45,No
7182-OVLBJ,0.0856,Two year,Fiber optic,62,101.15,6638.35,No
5095-ETBRJ,0.007,Two year,DSL,55,56.8,3112.05,No
7005-CYUIL,0.0408,Two year,Fiber optic,71,99.4,7168.25,No
4821-WQOYN,0.0012,Two year,No,72,20.1,1326.25,No
4730-AWNAU,0.0596,One year,DSL,36,60.7,2234.55,No
3452-FLHYD,0.0467,One year,No,25,20.95,495.15,No
2388-LAESQ,0.0704,Two year,Fiber optic,72,114.85,8317.95,No
9531-NSBMR,0.0264,One year,No,36,19.25,679.8,No
6260-ONULR,0.545,Month-to-month,DSL,1,62.8,62.8,No
4389-UEFCZ,0.1006,Two year,Fiber optic,72,105.5,7544.0,No
8711-LOBKY,0.0031,Two year,No,59,19.85,1188.25,No
9134-CEQMF,0.7797,Month-to-month,Fiber optic,7,89.5,676.7,Yes
8985-OOPOS,0.2184,One year,DSL,1,74.1,74.1,No
8800-ZKRFW,0.4984,Month-to-month,Fiber optic,30,107.5,3242.5,No
2616-FLVQC,0.0028,Two year,No,64,19.55,1240.15,No
9968-FFVVH,0.0126,One year,DSL,63,68.8,4111.35,No
3108-PCCGG,0.0174,Two year,DSL,72,84.45,5899.85,No
7993-PYKOF,0.4302,Month-to-month,Fiber optic,8,75.0,632.95,Yes
8390-FESFV,0.0177,Two year,DSL,62,84.5,5193.2,No
3022-BEXHZ,0.0752,Two year,Fiber optic,67,111.2,7530.8,No
5027-XWQHA,0.3554,Month-to-month,DSL,6,44.75,270.95,Yes
6248-TKCQV,0.0166,Two year,DSL,70,80.6,5460.2,No
6729-GDNGC,0.4831,Month-to-month,Fiber optic,20,80.7,1614.2,No
6198-ZFIOJ,0.6473,Month-to-month,Fiber optic,5,75.6,402.5,No
5989-OMNJE,0.1678,One year,DSL,24,57.6,1367.75,No
4566-QVRRW,0.3949,Month-to-month,DSL,11,44.05,483.7,Yes
1291-CUOCY,0.0677,Two year,Fiber optic,72,110.6,7962.2,No
9795-SHUHB,0.0042,Two year,DSL,66,58.2,3810.8,No
3230-IUALN,0.0227,Two year,DSL,45,81.0,3533.6,No
0042-RLHYP,0.0017,Two year,No,69,19.7,1396.9,No
8519-IMDHU,0.6803,Month-to-month,Fiber optic,15,85.6,1345.55,Yes
4945-RVMTE,0.2626,Month-to-month,DSL,28,59.55,1646.45,No
0201-OAMXR,0.0729,One year,Fiber optic,70,115.55,8127.6,Yes
1866-NXPSP,0.0429,One year,DSL,36,75.55,2680.15,No
3372-KWFBM,0.7427,Month-to-month,Fiber optic,16,86.6,1281.0,Yes
7831-QGOXH,0.6623,Month-to-month,Fiber optic,18,85.2,1553.9,Yes
6393-WRYZE,0.6059,Month-to-month,Fiber optic,34,97.65,3207.55,Yes
3941-XTSKM,0.1073,One year,DSL,42,45.1,2049.05,No
1661-CZBAU,0.0566,One year,DSL,48,70.95,3629.2,No
6599-RCLCJ,0.4082,Month-to-month,Fiber optic,47,109.55,5124.55,Yes
9831-BPFRI,0.1767,One year,Fiber optic,39,89.55,3474.45,Yes
5158-RIVOP,0.0274,Two year,No,11,20.9,202.3,No
9788-YTFGE,0.2107,Month-to-month,No,7,19.95,147.5,No
9277-JOOMO,0.2238,Month-to-month,No,3,24.6,86.35,No
1907-YLNYW,0.3713,Month-to-month,DSL,8,66.7,579.0,No
1725-MIMXW,0.2339,Month-to-month,No,1,19.45,19.45,Yes
8947-YRTDV,0.1244,One year,Fiber optic,32,94.8,3131.55,No
3161-ONRWK,0.0115,One year,DSL,60,65.85,3928.3,No
0114-RSRRW,0.2042,Month-to-month,No,10,19.95,187.75,No
4565-NLZBV,0.0037,Two year,No,71,24.65,1710.15,No
0031-PVLZI,0.1531,Month-to-month,No,4,20.35,76.35,Yes
7206-GZCDC,0.7291,Month-to-month,Fiber optic,1,69.25,69.25,Yes
6682-VCIXC,0.0479,One year,DSL,43,51.25,2151.6,No
4791-QRGMF,0.2466,One year,Fiber optic,59,99.5,5961.1,Yes
6475-VHUIZ,0.1631,Month-to-month,DSL,23,54.25,1221.55,No
3910-MRQOY,0.0017,Two year,No,72,19.4,1496.45,No
0661-WCQNQ,0.0591,One year,DSL,22,56.25,1292.2,No
7537-RBWEA,0.5775,Month-to-month,DSL,1,25.15,25.15,No
4656-CAURT,0.0026,Two year,No,69,23.95,1713.1,No
0121-SNYRK,0.0373,One year,DSL,50,35.4,1748.9,No
1768-ZAIFU,0.7171,Month-to-month,DSL,1,25.2,25.2,Yes
4671-LXRDQ,0.4308,Month-to-month,DSL,2,45.0,96.45,Yes
3733-LSYCE,0.3903,Month-to-month,Fiber optic,15,75.35,1114.55,No
6265-FRMTQ,0.0125,Two year,No,31,20.4,609.1,No
1934-SJVJK,0.1959,Month-to-month,No,1,20.15,20.15,Yes
3838-OZURD,0.3075,Month-to-month,Fiber optic,66,105.0,7133.25,Yes
1371-DWPAZ,0.1024,Two year,DSL,0,56.05,0.0,No
9269-CQOOL,0.4222,Month-to-month,DSL,3,54.7,169.45,Yes
2017-CCBLH,0.0385,Two year,No,8,20.0,141.6,No
7690-KPNCU,0.032,One year,DSL,64,73.05,4688.65,No
0536-BGFMZ,0.0592,Month-to-month,No,28,20.5,563.05,No
2293-IJWPS,0.2522,One year,Fiber optic,57,100.75,5985.0,No
2845-HSJCY,0.6752,Month-to-month,Fiber optic,14,87.25,1258.6,Yes
5469-NUJUR,0.0368,Two year,No,19,19.95,373.5,No
1184-PJVDB,0.6836,Month-to-month,Fiber optic,10,79.95,857.2,Yes
2625-TRCZQ,0.2459,Month-to-month,DSL,51,49.65,2553.35,No
4102-HLENU,0.0074,Two year,DSL,67,65.65,4322.85,No
7266-GSSJX,0.2137,Month-to-month,No,11,20.45,250.8,No
7722-VJRQD,0.009,Two year,DSL,72,60.95,4549.05,No
7073-QETQY,0.0076,One year,No,66,20.35,1359.5,No
9415-DPEWS,0.6207,Month-to-month,Fiber optic,18,88.35,1639.3,Yes
5624-RYAMH,0.2487,Month-to-month,No,9,19.5,178.85,No
0196-JTUQI,0.6198,Month-to-month,Fiber optic,9,75.2,633.85,No
7130-YXBRO,0.3298,Month-to-month,Fiber optic,48,111.45,5315.1,No
9272-LSVYH,0.4375,Month-to-month,Fiber optic,10,70.15,735.5,No
7943-RQCHR,0.7601,Month-to-month,Fiber optic,9,94.75,889.9,Yes
3793-MMFUH,0.7828,Month-to-month,Fiber optic,13,95.05,1290.0,Yes
3249-ZPQRG,0.6326,Month-to-month,Fiber optic,4,78.45,330.05,Yes
2568-BRGYX,0.6721,Month-to-month,Fiber optic,4,70.2,237.95,Yes
3084-DOWLE,0.0116,Two year,DSL,72,92.0,6474.4,No
1084-MNSMJ,0.0123,Two year,DSL,51,85.5,4421.95,No
7721-JXEAW,0.0966,Month-to-month,DSL,59,41.05,2452.7,Yes
7249-WBIYX,0.7169,Month-to-month,Fiber optic,10,85.6,813.85,Yes
4238-HFHSN,0.2958,Month-to-month,Fiber optic,61,82.15,4904.85,No
6250-CGGUN,0.0715,One year,Fiber optic,54,84.4,4484.05,No
5478-JJVZK,0.1255,Month-to-month,DSL,33,60.9,2033.85,No
7596-IIWYC,0.029,Two year,No,27,20.25,538.2,No
6567-HOOPW,0.7878,Month-to-month,Fiber optic,1,79.2,79.2,Yes
9793-WECQC,0.4455,Month-to-month,Fiber optic,23,95.3,2192.9,No
4291-HPAXL,0.1752,Month-to-month,No,1,19.85,19.85,No
8999-YPYBV,0.0227,Two year,DSL,45,84.35,3858.05,No
1839-FBNFR,0.0133,Two year,No,39,19.85,854.8,No
3164-AALRN,0.308,One year,DSL,5,70.0,347.4,Yes
3071-MVJCD,0.0062,Two year,DSL,72,82.3,5815.15,No
1697-BCSHV,0.0949,Month-to-month,DSL,58,66.8,3970.4,No
0562-KBDVM,0.0067,Two year,DSL,70,44.6,3058.15,No
1131-SUEKT,0.0904,One year,Fiber optic,61,98.45,6145.2,No
3717-OEAUQ,0.5312,Month-to-month,Fiber optic,2,70.7,129.2,No
4538-WNTMJ,0.0157,One year,No,46,24.95,1165.9,No
3334-CTHOL,0.4917,Month-to-month,DSL,1,49.95,49.95,Yes
4704-ERYFC,0.5517,Month-to-month,Fiber optic,22,69.25,1554.0,Yes
9432-RUVSL,0.0705,Two year,Fiber optic,48,102.5,4904.25,No
8060-HIWJJ,0.0182,Two year,DSL,64,86.55,5632.55,No
7684-XSZIY,0.002,Two year,No,72,24.3,1643.25,No
9089-UOWJG,0.3062,Month-to-month,DSL,12,58.35,740.55,No
8621-MNIHH,0.5985,Month-to-month,Fiber optic,34,94.25,3217.55,Yes
8039-ACLPL,0.0054,Two year,DSL,72,68.75,4888.2,No
9885-AIBVB,0.4778,Month-to-month,Fiber optic,29,85.8,2440.25,No
1934-MKPXS,0.0216,One year,No,33,20.1,620.55,No
2592-YKDIF,0.2,Month-to-month,No,1,20.35,20.35,No
2272-JKMSI,0.1966,One year,Fiber optic,62,110.8,6840.95,No
0471-LVHGK,0.2036,One year,DSL,41,73.0,3001.2,Yes
9518-RWHZL,0.1858,One year,Fiber optic,64,100.05,6254.2,Yes
8714-CTZJW,0.651,Month-to-month,Fiber optic,4,82.85,319.6,No
3569-EDBPQ,0.3864,Month-to-month,Fiber optic,24,84.35,1938.05,No
3131-NWVFJ,0.047,One year,No,14,19.55,294.5,No
7521-YXVZY,0.1582,Month-to-month,No,3,19.95,58.3,No
5419-CONWX,0.6389,Month-to-month,Fiber optic,4,99.8,442.85,Yes
6240-EURKS,0.4792,Month-to-month,DSL,18,35.0,553.0,Yes
2373-NTKOD,0.5662,Month-to-month,DSL,8,66.25,546.45,No
1970-KKFWL,0.0136,Two year,No,35,23.3,797.1,No
6960-HVYXR,0.6967,Month-to-month,Fiber optic,1,76.0,76.0,Yes
9337-SRRNI,0.0032,Two year,No,66,25.3,1673.8,No
0895-UADGO,0.1107,Two year,DSL,8,44.55,343.45,No
5678-VFNEQ,0.1241,One year,Fiber optic,71,104.1,7412.25,No
5977-CKHON,0.3873,Month-to-month,Fiber optic,43,92.55,4039.0,No
7024-OHCCK,0.828,Month-to-month,Fiber optic,2,93.85,170.85,Yes
2692-BUCFV,0.5606,Month-to-month,Fiber optic,29,101.45,2948.6,No
7861-UVUFT,0.6265,Month-to-month,Fiber optic,15,84.3,1308.4,Yes
1830-GGFNM,0.0182,Two year,Fiber optic,65,94.55,6078.75,No
5302-BDJNT,0.4197,Month-to-month,Fiber optic,35,95.5,3418.2,No
5223-UZAVK,0.1109,One year,Fiber optic,64,100.3,6603.8,No
4859-ZSRDZ,0.0298,Two year,DSL,58,55.5,3166.9,No
5651-WYIPH,0.295,Month-to-month,DSL,18,49.85,865.75,No
9350-VLHMB,0.2012,Month-to-month,Fiber optic,67,89.55,6373.1,No
3498-LZGQZ,0.0032,Two year,No,63,19.15,1177.05,No
8785-CJSHH,0.411,Month-to-month,Fiber optic,60,99.8,5985.75,No
5357-TZHPP,0.7166,Month-to-month,Fiber optic,9,84.4,732.5,Yes
3870-SPZSI,0.0417,Two year,Fiber optic,70,113.05,7869.05,No
0680-DFNNY,0.7375,Month-to-month,Fiber optic,15,101.1,1504.05,Yes
7560-QRBXH,0.0109,One year,No,48,19.95,936.7,No
7077-XJMET,0.4338,Month-to-month,DSL,12,74.15,741.4,No
8752-GHJFU,0.0842,One year,Fiber optic,71,92.0,6585.2,No
6896-SRVYQ,0.2891,Month-to-month,Fiber optic,44,73.85,3122.4,No
7767-UXAGJ,0.5439,Month-to-month,DSL,1,50.45,50.45,Yes
4652-ODEVH,0.0087,Two year,No,45,24.45,1088.25,No
6510-UPNKS,0.0466,One year,No,23,24.8,615.35,No
6718-BDGHG,0.0906,One year,DSL,43,64.85,2908.2,No
9046-DQMTP,0.0454,Month-to-month,No,35,20.75,739.9,No
6439-LAJXL,0.1858,Month-to-month,DSL,9,68.95,593.85,No
1571-SAVHK,0.6143,Month-to-month,Fiber optic,12,99.95,1132.75,Yes
9052-VKDUW,0.3043,Month-to-month,Fiber optic,65,109.4,7227.45,No
9546-CQJSU,0.7846,Month-to-month,Fiber optic,2,91.4,193.6,Yes
1666-JZPZT,0.1644,Month-to-month,DSL,27,49.0,1291.35,No
5777-KJIRB,0.0683,One year,DSL,40,50.25,2023.55,No
0506-LVNGN,0.6203,Month-to-month,Fiber optic,5,75.55,349.65,Yes
7677-SJJJK,0.0628,One year,No,8,19.9,153.95,No
2480-EJWYP,0.2592,One year,Fiber optic,58,97.8,5458.8,No
3253-HKOKL,0.1588,One year,Fiber optic,52,100.3,5244.45,No
7055-HNEOJ,0.3113,Month-to-month,DSL,3,55.8,154.55,No
5514-YQENT,0.094,Two year,Fiber optic,41,111.15,4507.15,No
3211-AAPKX,0.5822,Month-to-month,Fiber optic,20,98.55,2031.95,No
8445-DNBAE,0.5656,Month-to-month,DSL,1,50.05,50.05,No
2951-QOQTK,0.4509,Month-to-month,Fiber optic,4,80.8,332.45,Yes
2958-NHPPS,0.1065,Month-to-month,No,23,20.85,473.9,No
6806-YDEUL,0.1949,Month-to-month,No,6,19.5,106.8,No
1735-XMJVH,0.1757,Month-to-month,No,8,19.35,152.6,No
6890-PFRQX,0.2178,Month-to-month,DSL,18,69.5,1199.4,No
0222-CNVPT,0.1802,Month-to-month,DSL,52,48.8,2555.05,No
5899-OUVKV,0.5631,Month-to-month,Fiber optic,31,94.5,2979.2,No
8681-ICONS,0.0751,Month-to-month,No,29,20.65,654.85,No
1621-YNCJH,0.0917,Two year,Fiber optic,36,106.05,3834.4,No
3473-XIIIT,0.7065,Month-to-month,Fiber optic,16,100.0,1534.75,Yes
6362-QHAFM,0.3092,One year,Fiber optic,42,108.3,4586.15,No
7893-IXHRQ,0.2629,Month-to-month,No,1,20.55,20.55,Yes
3070-BDOQC,0.1129,Two year,Fiber optic,60,99.65,5941.05,No
2952-QAYZF,0.6994,Month-to-month,Fiber optic,5,85.3,424.15,Yes
6234-PFPXL,0.3152,Month-to-month,Fiber optic,22,95.9,2234.95,No
9824-QCJPK,0.0198,One year,No,36,20.0,666.75,No
4763-PGDPO,0.6042,Month-to-month,Fiber optic,4,70.4,281.0,Yes
4283-IVYCI,0.1693,Month-to-month,DSL,9,64.95,547.8,No
1866-OBPNR,0.4745,Month-to-month,Fiber optic,1,74.6,74.6,No
8205-MQUGY,0.294,Month-to-month,DSL,12,49.2,571.15,No
8970-ANWXO,0.2075,One year,DSL,23,73.75,1756.6,No
9480-BQJEI,0.1152,One year,Fiber optic,62,92.3,5731.45,No
5394-SVGJV,0.3403,Month-to-month,Fiber optic,37,98.8,3475.55,Yes
6979-TNDEU,0.1508,Month-to-month,No,8,19.2,156.85,No
9777-WJJPR,0.3862,Month-to-month,Fiber optic,31,88.65,2683.2,No
9283-LZQOH,0.5432,Month-to-month,Fiber optic,13,74.4,896.75,Yes
7079-QRCBC,0.707,Month-to-month,Fiber optic,24,98.75,2407.3,Yes
9495-SKLKD,0.3434,Month-to-month,Fiber optic,45,95.95,4456.65,No
6048-UWKAL,0.0579,Two year,Fiber optic,69,105.4,6998.95,No
5067-DGXLL,0.1877,Month-to-month,No,2,20.25,36.8,No
5469-CTCWN,0.184,One year,Fiber optic,61,106.0,6547.7,Yes
9851-QXEEQ,0.5298,Month-to-month,Fiber optic,41,104.7,4346.4,Yes
6281-FKEWS,0.2024,One year,DSL,44,49.05,2265.0,No
8898-KASCD,0.0589,One year,DSL,39,35.55,1309.15,No
9242-TKFSV,0.0122,Two year,DSL,72,65.1,4754.3,No
9290-SHCMB,0.754,Month-to-month,Fiber optic,13,96.85,1235.55,No
0743-HNPFG,0.0265,One year,DSL,51,69.75,3562.5,No
2277-BKJKN,0.1124,Two year,Fiber optic,71,99.2,7213.75,No
9809-IMGCQ,0.7272,Month-to-month,Fiber optic,22,96.7,2082.95,Yes
5208-HFSBT,0.2851,Month-to-month,DSL,2,55.05,102.75,Yes
5035-PGZXH,0.3152,One year,Fiber optic,56,106.8,5914.4,No
8695-WDYEA,0.2703,Month-to-month,DSL,1,51.25,51.25,No
6543-JXSOO,0.0472,One year,DSL,23,57.75,1282.85,No
8016-ZMGMO,0.0481,One year,DSL,66,70.85,4738.85,No
8605-ITULD,0.2012,Month-to-month,No,1,19.55,19.55,No
3254-YRILK,0.6952,Month-to-month,Fiber optic,19,88.2,1775.8,Yes
6416-YJTTB,0.427,Month-to-month,Fiber optic,11,79.5,795.65,No
2667-WYLWJ,0.0922,One year,No,8,19.75,145.0,Yes
4472-VESGY,0.1795,Month-to-month,Fiber optic,52,98.15,4993.4,No
3195-TQDZX,0.3167,Month-to-month,No,3,20.25,61.45,No
3128-YOVTD,0.154,Month-to-month,Fiber optic,51,79.15,4018.55,No
0529-ONKER,0.6162,Month-to-month,Fiber optic,15,75.65,1146.65,Yes
1728-CXQBE,0.3741,Month-to-month,Fiber optic,64,94.25,6081.4,No
7041-TXQJH,0.2608,Month-to-month,DSL,37,40.2,1478.85,No
5014-GSOUQ,0.0337,Two year,No,13,19.95,243.65,No
5724-BIDBU,0.0617,One year,DSL,49,55.35,2633.95,No
0481-SUMCB,0.4031,One year,Fiber optic,45,102.15,4735.35,No
1769-GRUIK,0.5395,Month-to-month,Fiber optic,18,71.1,1247.75,No
5240-IJOQT,0.7997,Month-to-month,Fiber optic,1,74.7,74.7,Yes
8819-WFGGJ,0.0245,Two year,DSL,68,54.1,3794.5,No
7427-AUFPY,0.0036,Two year,No,54,19.65,1008.7,No
2811-POVEX,0.4771,Month-to-month,Fiber optic,23,88.45,2130.55,No
1092-GANHU,0.5502,Month-to-month,Fiber optic,17,76.65,1313.55,Yes
7898-PDWQE,0.0081,Two year,DSL,71,80.4,5727.15,No
9972-EWRJS,0.0024,Two year,No,67,19.25,1372.9,No
9314-IJWSQ,0.6581,Month-to-month,Fiber optic,14,84.8,1203.9,No
0661-XEYAN,0.6044,Month-to-month,DSL,1,25.8,25.8,Yes
5799-JRCZO,0.0023,Two year,No,63,19.5,1215.1,No
1921-KYSAY,0.1099,One year,DSL,41,68.6,2877.05,No
6198-RTPMF,0.6776,Month-to-month,Fiber optic,17,92.6,1579.7,No
2924-KHUVI,0.2615,One year,Fiber optic,56,100.55,5514.95,No
1925-GMVBW,0.1739,Month-to-month,No,5,20.55,96.1,No
7881-EVUAD,0.5839,Month-to-month,DSL,2,42.6,72.4,Yes
6184-DYUOB,0.2199,Month-to-month,No,3,19.6,55.25,No
9207-ZPANB,0.0477,One year,DSL,37,67.45,2443.3,No
5766-XQXMQ,0.1591,Month-to-month,DSL,29,68.85,1970.5,Yes
9327-QSDED,0.2915,Month-to-month,DSL,8,43.55,335.4,No
1656-DRSMG,0.2584,Month-to-month,Fiber optic,63,109.85,7002.95,No
3012-VFFMN,0.1387,Month-to-month,No,7,20.65,158.95,No
2984-AFWNC,0.6689,Month-to-month,Fiber optic,3,95.4,293.15,No
0640-YJTPY,0.0018,Two year,No,72,21.0,1493.75,No
8096-LOIST,0.3914,Month-to-month,DSL,19,56.2,1093.4,No
9764-REAFF,0.0032,Two year,No,59,18.4,1057.85,No
3703-VAVCL,0.4099,Month-to-month,Fiber optic,2,90.0,190.05,Yes
7107-UBYKY,0.0749,Month-to-month,No,35,25.75,882.55,No
4881-GQJTW,0.1185,Month-to-month,No,14,19.6,300.4,No
8519-QJGJD,0.4931,Month-to-month,Fiber optic,14,75.35,1025.95,Yes
7876-DNYAP,0.0016,Two year,No,69,19.8,1436.95,No
7905-NJMXS,0.2771,Month-to-month,DSL,7,64.2,475.0,No
2882-WDTBA,0.0073,Two year,DSL,69,75.75,5388.15,No
2091-GPPIQ,0.0224,Two year,DSL,72,78.95,5730.15,No
6326-MTTXK,0.651,Month-to-month,Fiber optic,8,100.85,819.55,Yes
5071-FBJFS,0.2824,Month-to-month,DSL,4,50.3,217.1,No
2796-UUZZO,0.1071,Month-to-month,Fiber optic,63,80.3,4896.35,No
2429-AYKKO,0.0018,Two year,No,72,19.85,1434.1,No
9798-OPFEM,0.0099,Two year,No,46,21.1,937.1,No
0330-IVZHA,0.5954,Month-to-month,Fiber optic,5,69.95,330.15,Yes
3794-NFNCH,0.1754,Month-to-month,DSL,30,50.0,1474.9,No
5193-QLVZB,0.1167,Two year,Fiber optic,63,104.75,6536.5,No
7114-AEOZE,0.0033,Two year,No,60,19.85,1128.1,No
2886-KEFUM,0.2585,One year,Fiber optic,63,107.5,6873.75,Yes
5522-NYKPB,0.3621,Month-to-month,Fiber optic,25,85.9,2199.05,No
4237-RLAQD,0.4297,Month-to-month,DSL,1,45.85,45.85,Yes
9957-YODKZ,0.7442,Month-to-month,Fiber optic,6,80.8,457.1,No
6518-KZXCB,0.025,Two year,No,22,25.25,566.5,No
2245-ADZFJ,0.0449,Two year,DSL,31,80.55,2471.6,No
7776-QGYJC,0.2131,Month-to-month,Fiber optic,39,81.5,3107.3,No
9313-QOLTZ,0.0633,Month-to-month,No,26,20.9,518.3,No
9651-GTSAQ,0.1708,One year,Fiber optic,53,106.1,5769.75,Yes
3186-BAXNB,0.5424,Month-to-month,Fiber optic,1,91.7,91.7,Yes
4672-FOTSD,0.2711,Month-to-month,DSL,12,67.25,832.3,No
0637-YLETY,0.606,Month-to-month,Fiber optic,16,95.6,1555.65,Yes
9818-XQCUV,0.1922,Month-to-month,No,2,20.35,45.3,No
7338-ERIVA,0.0478,One year,DSL,39,45.05,1790.6,No
1157-BQCUW,0.7492,Month-to-month,Fiber optic,1,74.95,74.95,Yes
8259-NFJTV,0.2498,Month-to-month,DSL,7,34.65,246.6,No
3223-DWFIO,0.6391,Month-to-month,Fiber optic,4,69.35,261.65,No
2660-EMUBI,0.8208,Month-to-month,Fiber optic,10,95.35,898.35,Yes
6968-GMKPR,0.2464,Month-to-month,Fiber optic,55,81.55,4509.5,No
4751-ERMAN,0.0172,Two year,DSL,72,75.4,5480.25,No
1436-ZMJAN,0.4262,Month-to-month,DSL,10,67.8,653.15,No
3292-PBZEJ,0.7186,Month-to-month,Fiber optic,11,111.4,1183.05,No
0799-DDIHE,0.255,Month-to-month,DSL,15,46.3,639.45,No
3070-FNFZQ,0.0163,Two year,No,23,20.4,478.75,No
2812-SFXMJ,0.1749,Month-to-month,No,1,20.05,20.05,No
7675-OZCZG,0.477,Month-to-month,DSL,3,45.0,127.1,Yes
5014-WUQMG,0.129,One year,Fiber optic,47,96.1,4391.45,No
5312-TSZVC,0.0545,One year,No,15,19.65,270.6,No
2003-CKLOR,0.2452,Month-to-month,Fiber optic,66,99.5,6710.5,Yes
0993-OSGPT,0.0178,One year,DSL,68,60.65,3975.9,No
9254-RBFON,0.2773,One year,Fiber optic,17,98.6,1704.95,Yes
1205-WNWPJ,0.3374,Month-to-month,DSL,7,59.5,415.95,Yes
9391-EOYLI,0.7308,Month-to-month,Fiber optic,12,80.45,950.2,Yes
7108-DGVUU,0.182,One year,DSL,21,71.7,1497.05,No
2782-JEEBU,0.2074,Month-to-month,DSL,21,36.0,780.15,No
5127-BZENZ,0.03,One year,DSL,56,65.2,3512.15,No
2720-FVBQP,0.3994,Month-to-month,DSL,6,48.95,273.25,No
9906-NHHVC,0.0311,Two year,DSL,65,53.5,3517.9,No
4522-XRWWI,0.0516,One year,DSL,42,80.45,3375.9,No
3766-EJLFL,0.0565,Two year,Fiber optic,68,109.05,7508.55,No
5939-SXWHM,0.0059,Two year,No,48,26.3,1245.05,No
8152-UOBNY,0.3373,One year,Fiber optic,50,106.8,5347.95,No
7351-KYHQH,0.5552,Month-to-month,DSL,7,64.95,493.65,No
7643-RCHXS,0.0033,Two year,No,63,19.35,1263.85,No
8246-SHFGA,0.0838,Month-to-month,No,17,21.1,385.55,No
8387-MOJJT,0.309,Month-to-month,Fiber optic,42,77.95,3384.0,Yes
0620-XEFWH,0.1356,Month-to-month,No,4,18.85,84.2,No
6485-QXWWE,0.0047,Two year,No,62,26.0,1638.7,No
2761-OCIAX,0.6783,Month-to-month,Fiber optic,2,74.7,165.4,Yes
7321-VGNKU,0.6883,Month-to-month,Fiber optic,2,70.35,120.25,No
5327-CNLUQ,0.0703,Two year,Fiber optic,48,96.9,4473.45,No
7552-KEYGT,0.0159,Two year,No,27,19.55,520.55,No
5816-JMLGY,0.0152,Two year,DSL,70,80.4,5717.85,No
3068-OMWZA,0.8143,Month-to-month,Fiber optic,1,88.8,88.8,Yes
2927-QRRQV,0.2968,One year,Fiber optic,46,94.65,4312.5,No
6032-KRXXO,0.5711,Month-to-month,Fiber optic,30,90.25,2755.35,Yes
7459-RRWQZ,0.3483,Month-to-month,DSL,15,64.65,994.55,Yes
6265-SXWBU,0.0686,One year,Fiber optic,69,95.75,6511.25,No
7941-RCJOW,0.0035,Two year,No,65,19.55,1218.65,No
6374-NTQLP,0.0404,Two year,Fiber optic,72,104.1,7447.7,No
4154-AQUGT,0.4948,Month-to-month,Fiber optic,13,89.05,1169.35,Yes
2387-KDZQY,0.0653,One year,No,17,20.1,279.5,No
3584-WKTTW,0.2003,One year,Fiber optic,51,111.55,5720.35,No
3399-BMLVW,0.0064,Two year,DSL,51,60.5,3121.45,No
1971-DTCZB,0.0152,Two year,DSL,72,90.95,6468.6,No
3092-IGHWF,0.0727,One year,Fiber optic,67,87.4,5918.8,Yes
3374-PZLXD,0.0431,Month-to-month,No,34,19.7,675.6,No
3813-DHBBB,0.0104,Two year,DSL,67,50.95,3521.7,No
2812-REYAT,0.0146,One year,No,49,20.05,923.1,No
6518-PPLMZ,0.0061,Two year,No,53,19.4,1110.35,No
4939-KYYPY,0.166,Month-to-month,DSL,27,59.45,1611.65,No
8017-LXHFA,0.6649,Month-to-month,Fiber optic,23,94.75,2293.6,Yes
5930-GBIWP,0.0105,Two year,DSL,69,81.5,5553.25,No
6022-KOUQO,0.3853,Month-to-month,DSL,2,29.05,44.75,No
6352-TWCAU,0.5499,Month-to-month,Fiber optic,35,86.45,3029.1,Yes
2361-UPSND,0.0239,One year,DSL,46,70.6,3231.05,No
6035-RIIOM,0.1345,Two year,Fiber optic,54,97.2,5129.45,No
2929-QNSRW,0.2939,One year,Fiber optic,56,98.25,5508.35,Yes
1262-OPMFY,0.5162,Month-to-month,Fiber optic,9,75.75,655.9,Yes
9504-DSHWM,0.1471,Month-to-month,DSL,20,59.2,1191.2,No
5035-BVCXS,0.4702,Month-to-month,Fiber optic,11,75.9,866.4,No
6267-DCFFZ,0.6225,Month-to-month,Fiber optic,30,90.05,2627.2,No
3533-UVMOM,0.0079,Two year,DSL,68,70.95,4741.45,No
2439-LYPMQ,0.6186,Month-to-month,Fiber optic,38,102.6,4009.2,No
4248-QPAVC,0.4459,Month-to-month,Fiber optic,17,85.35,1463.45,Yes
1899-VXWXM,0.251,One year,Fiber optic,48,106.1,5082.8,Yes
1478-VPOAD,0.4399,Month-to-month,DSL,1,43.8,43.8,No
9995-HOTOH,0.0218,Two year,DSL,63,59.0,3707.6,No
2988-PLAHS,0.4369,One year,DSL,3,69.95,220.45,No
1371-OJCEK,0.0157,One year,No,48,24.35,1133.7,No
4999-IEZLT,0.012,One year,DSL,66,29.45,1983.15,No
8883-ANODQ,0.037,Two year,Fiber optic,68,84.4,5746.75,No
4690-LLKUA,0.4046,Month-to-month,DSL,17,45.05,770.6,Yes
2351-RRBUE,0.0835,One year,No,7,20.65,134.05,No
5980-BDHPY,0.0153,Two year,DSL,72,87.1,6230.1,No
1498-DQNRX,0.0583,Month-to-month,No,29,19.85,573.05,No
9469-WEJBT,0.3586,Month-to-month,Fiber optic,37,90.35,3419.3,No
3331-HQDTW,0.4087,Month-to-month,Fiber optic,34,109.8,3587.25,Yes
9490-DFPMD,0.5339,Month-to-month,Fiber optic,42,84.65,3541.35,Yes
2581-VKIRT,0.0126,One year,DSL,59,65.5,3801.3,No
5442-XSDCW,0.5863,Month-to-month,Fiber optic,11,79.5,868.5,Yes
7426-WEIJX,0.2353,Month-to-month,Fiber optic,60,80.95,4859.1,No
2851-MMUTZ,0.1171,Month-to-month,DSL,27,56.15,1439.35,No
3049-NDXFL,0.6656,Month-to-month,Fiber optic,1,85.8,85.8,Yes
8580-AECUZ,0.7572,Month-to-month,Fiber optic,1,79.1,79.1,Yes
3307-TLCUD,0.212,Month-to-month,DSL,17,34.4,592.75,No
6625-FLENO,0.0036,Two year,No,58,20.75,1185.95,No
2967-MXRAV,0.0916,One year,No,1,18.8,18.8,No
7963-GQRMY,0.286,Month-to-month,DSL,3,44.3,134.5,Yes
8189-HBVRW,0.1823,Month-to-month,Fiber optic,53,90.8,4921.2,No
4163-KIUHY,0.1143,Month-to-month,No,35,25.6,901.25,No
1228-FZFRV,0.258,Month-to-month,Fiber optic,50,105.95,5341.8,Yes
3500-NSDOA,0.0091,Two year,DSL,68,70.8,4859.95,No
1171-TYKUR,0.0445,Month-to-month,No,47,25.4,1139.2,No
3761-FLYZI,0.402,Month-to-month,Fiber optic,65,108.8,7082.45,No
2058-DCJBE,0.6551,Month-to-month,Fiber optic,5,69.75,324.6,Yes
5364-XYIRR,0.4804,Month-to-month,Fiber optic,51,94.65,4812.75,Yes
4829-AUOAX,0.38,Month-to-month,Fiber optic,46,96.05,4399.5,Yes
1219-NNDDO,0.6889,Month-to-month,Fiber optic,9,76.85,663.55,No
8388-DMKAE,0.0451,Two year,No,8,20.25,174.65,No
4403-BWPAY,0.1103,One year,No,14,24.8,321.7,No
9659-QEQSY,0.3755,Month-to-month,Fiber optic,45,115.65,5125.5,No
5405-ZMYXQ,0.6071,Month-to-month,Fiber optic,8,74.6,548.9,No
5047-LHVLY,0.4215,Month-to-month,DSL,1,50.15,50.15,Yes
1442-OKRJE,0.1131,One year,Fiber optic,66,103.15,7031.3,No
4737-AQCPU,0.004,Two year,DSL,72,72.1,5016.65,No
9158-VCTQB,0.3341,Month-to-month,Fiber optic,41,113.6,4594.95,Yes
2808-CHTDM,0.0269,Two year,No,23,25.1,611.45,No
6311-UEUME,0.533,Month-to-month,Fiber optic,29,78.9,2384.15,Yes
0793-TWELN,0.6625,Month-to-month,Fiber optic,4,80.15,319.85,No
3283-WCWXT,0.0555,Two year,No,6,25.4,153.3,No
1060-ENTOF,0.0949,One year,Fiber optic,67,105.4,7035.6,No
0999-QXNSA,0.395,Month-to-month,DSL,7,45.75,344.2,No
5451-MHQOF,0.0141,One year,No,56,24.45,1431.65,No
4836-WNFNO,0.0021,Two year,No,72,25.0,1849.2,No
9225-BZLNZ,0.0303,Two year,DSL,72,85.25,6083.1,No
0354-VXMJC,0.0172,Two year,No,23,19.6,426.65,No
4422-QVIJA,0.1311,Month-to-month,DSL,35,50.15,1655.35,No
9365-SRSZE,0.5685,Month-to-month,Fiber optic,27,70.55,1943.9,No
6839-ITVZJ,0.2133,Month-to-month,DSL,26,60.05,1616.15,Yes
8332-OSJDW,0.0718,One year,No,12,26.4,314.95,No
4735-BJKOU,0.008,Two year,No,40,20.15,804.85,No
0274-JKUJR,0.3461,Month-to-month,DSL,7,58.85,465.7,No
5740-YHGTW,0.1467,Month-to-month,Fiber optic,70,97.55,6669.05,No
8917-SZTTJ,0.0026,Two year,No,60,19.65,1161.75,No
1696-MZVAU,0.0768,One year,DSL,39,25.25,947.75,No
7359-WWYJV,0.0359,Two year,Fiber optic,72,114.45,8375.05,No
0375-HVGXO,0.704,Month-to-month,DSL,1,34.7,34.7,Yes
4906-ZHGPK,0.057,One year,DSL,54,70.7,3770.0,No
8593-WHYHV,0.7914,Month-to-month,Fiber optic,3,85.3,264.8,Yes
3795-GWTRD,0.0062,Two year,DSL,63,75.55,4707.85,No
1298-PHBTI,0.0326,Two year,Fiber optic,71,84.8,6152.4,No
6223-DHJGV,0.0238,One year,No,42,20.65,958.1,No
6961-MJKBO,0.0063,Two year,No,47,20.45,943.0,No
6097-EQISJ,0.1403,One year,Fiber optic,66,102.45,6615.15,Yes
4423-YLHDV,0.5696,Month-to-month,Fiber optic,21,104.4,2200.25,Yes
8158-WPEZG,0.3865,Month-to-month,DSL,11,35.65,425.1,No
0107-YHINA,0.7949,Month-to-month,Fiber optic,1,99.75,99.75,Yes
4918-FYJNT,0.2111,Month-to-month,Fiber optic,55,90.45,5044.8,No
0727-BNRLG,0.0487,Two year,Fiber optic,69,97.65,6743.55,No
4854-CIDCF,0.6522,Month-to-month,Fiber optic,3,73.85,196.4,No
8640-SDGKB,0.5091,Month-to-month,DSL,4,74.4,299.7,Yes
3280-MRDOF,0.0772,Two year,DSL,30,69.1,2093.9,No
6435-SRWBJ,0.6429,Month-to-month,Fiber optic,5,82.75,417.75,No
9964-WBQDJ,0.0024,Two year,No,71,24.4,1725.4,No
6303-KFWSL,0.1765,One year,DSL,29,55.25,1620.2,No
1702-CCFNJ,0.0596,Month-to-month,DSL,52,61.35,3169.55,No
8932-CZHRQ,0.0185,One year,DSL,68,76.75,5233.25,No
0386-CWRGM,0.0064,Two year,No,46,19.4,967.85,No
5515-RUGKN,0.4192,Month-to-month,DSL,8,54.75,438.05,No
0404-AHASP,0.0015,Two year,No,72,19.7,1421.9,No
7279-NMVJC,0.0537,One year,No,17,19.9,323.15,No
2081-VEYEH,0.6573,Month-to-month,Fiber optic,3,107.95,318.6,No
6407-UTSLV,0.7168,Month-to-month,Fiber optic,2,83.8,163.7,No
4116-TZAQJ,0.4274,Month-to-month,Fiber optic,9,74.25,639.65,Yes
9060-HJJRW,0.1112,One year,DSL,51,56.4,2928.5,No
2587-YNLES,0.0449,Two year,No,6,20.1,100.35,No
7398-SKNQZ,0.7552,Month-to-month,Fiber optic,3,94.9,273.2,No
5935-FCCNB,0.7936,Month-to-month,Fiber optic,17,94.2,1608.15,No
1958-RNRKS,0.2116,Month-to-month,DSL,30,49.9,1441.95,No
5136-RGMZO,0.2215,Month-to-month,DSL,31,71.05,2168.15,No
8345-MVDYC,0.0229,Two year,DSL,45,81.65,3618.7,No
8226-BXGES,0.0498,One year,Fiber optic,64,89.45,5692.65,No
3877-JRJIP,0.6453,Month-to-month,DSL,1,59.85,59.85,Yes
8375-DKEBR,0.7276,Month-to-month,Fiber optic,1,69.6,69.6,Yes
9705-IOVQQ,0.1918,One year,Fiber optic,61,99.0,5969.3,No
1015-OWJKI,0.1921,Month-to-month,No,1,19.05,19.05,No
7511-YMXVQ,0.6766,Month-to-month,DSL,9,45.4,418.8,Yes
2040-XBAVJ,0.0312,Two year,Fiber optic,72,114.45,8100.55,No
7551-JOHTI,0.2012,Month-to-month,No,1,19.5,19.5,Yes
8887-IPQNC,0.365,Month-to-month,DSL,7,44.25,313.45,No
8646-JCOMS,0.0824,One year,Fiber optic,66,90.55,6130.95,No
9804-ICWBG,0.7051,Month-to-month,Fiber optic,1,69.9,69.9,Yes
1222-KJNZD,0.0451,Month-to-month,No,40,20.4,745.3,No
0106-GHRQR,0.3857,Month-to-month,DSL,16,71.4,1212.1,No
5318-IXUZF,0.5826,Month-to-month,Fiber optic,2,87.15,183.75,Yes
3768-VHXQO,0.0025,Two year,No,67,24.85,1583.5,No
8952-WCVCD,0.1726,One year,Fiber optic,41,104.45,4162.05,No
2418-TPEUN,0.0044,Two year,No,56,19.8,1119.9,No
3963-RYFNS,0.0489,Two year,Fiber optic,72,116.45,8013.55,No
3198-VELRD,0.692,Month-to-month,Fiber optic,3,84.75,264.85,Yes
8540-ZQGEA,0.003,Two year,No,54,20.05,1102.4,No
1320-REHCS,0.4858,Month-to-month,Fiber optic,52,110.75,5832.0,No
4137-JOPHL,0.0627,Two year,Fiber optic,50,89.7,4304.5,No
9436-ZBZCT,0.6039,Month-to-month,Fiber optic,14,89.95,1178.4,Yes
7801-CEDNV,0.0567,One year,DSL,27,48.7,1421.75,No
2057-BOYKM,0.0269,Two year,Fiber optic,72,96.6,6827.5,No
3658-QQJYD,0.0381,One year,DSL,62,74.3,4698.05,No
1803-BGNBD,0.2924,Month-to-month,DSL,12,54.3,654.5,No
0134-XWXCE,0.0731,One year,DSL,44,74.85,3268.05,No
6950-TWMYB,0.0366,Two year,Fiber optic,54,79.95,4362.05,No
5848-FHRFC,0.0027,Two year,No,68,20.05,1386.9,No
2243-FNMMI,0.095,Month-to-month,No,20,19.4,415.4,No
2511-MORQY,0.0358,One year,DSL,50,54.9,2614.1,No
5356-KZCKT,0.0049,Two year,No,58,24.45,1513.6,No
9470-XCCEM,0.3879,Month-to-month,Fiber optic,35,89.65,3161.6,No
6519-CFDBX,0.4977,Month-to-month,DSL,2,45.4,80.95,No
3902-MIVLE,0.0081,Two year,DSL,63,75.7,4676.7,No
0409-WTMPL,0.165,One year,Fiber optic,58,110.65,6526.65,No
8763-KIAFH,0.0326,One year,No,27,20.55,583.3,No
3669-WHAFY,0.0524,Two year,Fiber optic,71,115.15,8078.1,No
3055-VTCGS,0.0211,One year,DSL,63,58.55,3503.5,No
3144-KMTWZ,0.2203,Month-to-month,Fiber optic,71,93.25,6669.45,No
7279-BUYWN,0.5487,Month-to-month,Fiber optic,41,113.2,4689.5,Yes
7156-MHUGY,0.7342,Month-to-month,Fiber optic,13,90.5,1201.15,Yes
7198-GLXTC,0.6686,Month-to-month,Fiber optic,2,79.0,143.65,Yes
2007-QVGAW,0.003,Two year,No,68,19.35,1292.65,No
5207-PLSTK,0.32,Month-to-month,DSL,1,48.75,48.75,No
2307-FYNNL,0.1099,Two year,Fiber optic,65,109.05,7108.2,No
5605-XNWEN,0.0033,Two year,No,72,25.0,1802.55,No
2155-AMQRX,0.1642,Month-to-month,DSL,28,54.9,1505.15,No
6181-AXXYF,0.0019,Two year,No,72,24.75,1859.1,No
5091-HFAZW,0.6154,Month-to-month,Fiber optic,2,91.15,168.5,No
0516-VRYBW,0.0436,One year,No,18,20.15,390.85,Yes
2519-LBNQL,0.3191,One year,Fiber optic,60,104.35,6339.45,No
8623-ULFNQ,0.3675,Month-to-month,DSL,26,66.05,1652.4,No
8380-PEFPE,0.6659,Month-to-month,Fiber optic,1,71.65,71.65,Yes
5687-DKDTV,0.1601,Month-to-month,No,4,20.35,77.5,Yes
1568-LJSZU,0.0155,Two year,DSL,68,92.2,6392.85,No
7530-HDYDS,0.236,Month-to-month,Fiber optic,38,84.25,3264.5,Yes
7789-HKSBS,0.3474,One year,Fiber optic,42,105.2,4599.15,No
7416-CKTEP,0.0066,Two year,No,57,19.6,1134.25,No
2586-CWXVV,0.0831,Month-to-month,DSL,54,30.4,1621.35,No
3096-IZETN,0.5081,Month-to-month,Fiber optic,12,78.1,947.3,Yes
2348-KCJLT,0.0447,One year,DSL,44,61.5,2722.2,No
8401-EMUWF,0.1183,Month-to-month,DSL,42,69.4,3058.3,No
4193-IBKSW,0.0021,Two year,No,72,24.75,1769.6,No
5377-NDTOU,0.0094,Two year,DSL,71,91.05,6293.75,No
5922-ABDVO,0.5146,Month-to-month,Fiber optic,19,89.65,1761.05,Yes
2474-LCNUE,0.3149,Month-to-month,DSL,23,73.65,1642.75,No
0839-QNXME,0.0113,Two year,No,30,19.4,578.5,No
3506-OVLKD,0.0275,One year,No,35,26.2,954.9,No
9172-ANCRX,0.7183,Month-to-month,Fiber optic,10,98.7,973.25,Yes
6650-VJONK,0.438,Month-to-month,DSL,1,43.85,43.85,No
2178-PMGCJ,0.4296,Month-to-month,Fiber optic,22,69.7,1490.4,No
7492-TAFJD,0.0794,Two year,DSL,7,38.55,280.0,No
2773-MADBQ,0.0422,Two year,DSL,36,53.1,1901.25,No
6016-LVTJQ,0.029,Month-to-month,No,34,20.65,716.4,No
7860-KSUGX,0.005,Two year,DSL,72,64.45,4720.0,No
8966-KZXXA,0.0112,Two year,No,36,25.1,930.95,No
6910-HADCM,0.6178,Month-to-month,Fiber optic,1,76.35,76.35,Yes
4816-LXZYW,0.5531,Month-to-month,Fiber optic,23,79.15,1676.95,Yes
9606-PBKBQ,0.6175,Month-to-month,Fiber optic,32,85.0,2642.05,Yes
5149-QYTTU,0.047,One year,Fiber optic,71,95.15,6770.85,No
2070-XYMFH,0.568,Month-to-month,Fiber optic,23,79.35,1835.3,No
2085-BOJKI,0.3884,One year,Fiber optic,17,96.65,1588.25,No
0817-HSUSE,0.5313,Month-to-month,DSL,1,75.5,75.5,No
5442-PPTJY,0.0284,Two year,No,12,19.7,258.35,No
1927-QEWMY,0.0015,Two year,No,72,20.5,1502.25,No
1663-MHLHE,0.1919,Month-to-month,No,1,19.2,19.2,No
5663-QBGIS,0.0757,Two year,Fiber optic,72,98.35,6929.4,No
4450-MDZFX,0.1401,Month-to-month,Fiber optic,60,74.35,4453.3,No
6701-DHKWQ,0.0131,Two year,DSL,61,51.35,3244.4,No
7554-AKDQF,0.3129,Month-to-month,DSL,6,45.65,323.45,No
3536-IQCTX,0.5477,Month-to-month,Fiber optic,32,85.3,2661.1,Yes
4911-BANWH,0.4414,Month-to-month,Fiber optic,31,86.55,2697.4,Yes
8496-EJAUI,0.3928,Month-to-month,Fiber optic,19,73.85,1424.5,Yes
0794-YVSGE,0.0016,Two year,No,72,20.3,1401.15,No
5423-BHIXO,0.2317,Month-to-month,DSL,32,54.2,1739.6,No
6908-VVYHM,0.3353,Month-to-month,Fiber optic,65,90.65,5931.0,No
2959-EEXWB,0.1623,Month-to-month,DSL,45,50.9,2333.85,No
1839-UMACK,0.0312,One year,No,42,25.05,949.85,No
3030-YDNRM,0.6949,Month-to-month,Fiber optic,8,74.85,572.45,No
7321-KKSDU,0.011,Two year,No,32,20.5,696.8,No
3402-XRIUO,0.1706,Month-to-month,DSL,22,63.55,1381.8,No
3132-TVFDZ,0.2386,Month-to-month,DSL,57,44.85,2572.95,Yes
8286-AFUYI,0.3435,Month-to-month,DSL,1,47.95,47.95,No
8080-DDEMJ,0.4848,Month-to-month,DSL,1,45.1,45.1,Yes
8356-WUAOJ,0.53,Month-to-month,DSL,1,45.0,45.0,No
6365-MTGZX,0.5083,Month-to-month,Fiber optic,24,96.0,2122.45,Yes
1349-WXNGG,0.2076,Month-to-month,No,1,20.05,20.05,Yes
8058-DMYRU,0.4208,Month-to-month,Fiber optic,54,90.05,4931.8,No
9350-ZXYJC,0.0724,Two year,No,4,25.3,116.95,No
6990-YNRIO,0.0384,Two year,Fiber optic,65,108.65,6937.95,Yes
8958-JPTRR,0.0144,One year,No,56,24.3,1261.7,No
6959-GQEGV,0.1825,Month-to-month,DSL,45,75.95,3273.8,No
3173-WSSUE,0.0016,Two year,No,71,19.7,1415.85,No
1265-HVPZB,0.0213,One year,DSL,59,66.4,3958.2,No
4115-UMJFQ,0.0295,One year,DSL,69,35.75,2492.25,No
7369-TRPFD,0.0491,One year,No,19,18.8,279.2,No
1098-KFQEC,0.0023,Two year,No,55,19.4,1083.0,No
7190-XHTWJ,0.0203,One year,No,38,19.3,755.5,No
0621-TWIEM,0.4141,Month-to-month,DSL,10,45.55,402.6,Yes
3537-RYBHH,0.1118,Month-to-month,DSL,47,67.45,3252.0,No
2485-ITVKB,0.7073,Month-to-month,DSL,2,35.1,68.75,Yes
3669-OYSJI,0.3189,Month-to-month,DSL,1,46.2,46.2,Yes
1612-EOHDH,0.4493,Month-to-month,DSL,1,45.15,45.15,Yes
6702-OHFWR,0.7112,Month-to-month,DSL,1,43.3,43.3,Yes
5296-BFCYD,0.0085,Two year,No,46,20.1,936.85,No
4510-PYUSH,0.1113,Month-to-month,DSL,38,57.15,2250.65,Yes
9359-JANWS,0.0049,Two year,DSL,65,58.9,3857.1,No
7517-SAWMO,0.4532,Month-to-month,Fiber optic,19,73.2,1441.1,Yes
4143-HHPMK,0.2893,Month-to-month,Fiber optic,52,85.35,4338.6,Yes
3279-DYZQM,0.0014,Two year,No,71,19.45,1378.45,No
7054-LGEQW,0.3478,Month-to-month,DSL,1,45.95,45.95,Yes
0523-VNGTF,0.1529,Month-to-month,DSL,52,50.5,2566.3,No
9575-IWCAZ,0.1165,One year,No,6,25.1,171.0,No
7105-MXJLL,0.1301,One year,DSL,26,60.7,1597.4,No
7064-FRRSW,0.3855,One year,Fiber optic,48,99.0,4744.35,No
7940-UQQUG,0.1147,One year,Fiber optic,64,104.4,6721.6,No
0923-PNFUB,0.6184,Month-to-month,Fiber optic,3,83.75,247.25,Yes
3961-SXAXY,0.4397,Month-to-month,DSL,1,44.05,44.05,No
7010-BRBUU,0.0013,Two year,No,72,24.1,1734.65,No
3566-HJGPK,0.4343,Month-to-month,DSL,1,45.55,45.55,No
3062-ICYZQ,0.2982,Month-to-month,Fiber optic,51,93.8,4539.35,No
9938-PRCVK,0.0059,Two year,No,41,19.7,804.25,No
0973-KYVNF,0.0076,Two year,DSL,72,70.65,5011.15,No
5129-HHMZC,0.0244,Two year,DSL,43,86.45,3574.5,No
9637-CDTKZ,0.0457,Two year,Fiber optic,72,114.1,8086.4,No
3946-JEWRQ,0.2706,One year,Fiber optic,47,95.2,4563.0,No
7873-CVMAW,0.01,Two year,DSL,72,88.55,6362.35,No
0463-WZZKO,0.233,Month-to-month,No,3,20.75,67.1,No
3494-JCHRQ,0.7053,Month-to-month,Fiber optic,1,70.05,70.05,Yes
6474-FVJLC,0.7743,Month-to-month,Fiber optic,2,86.0,165.45,Yes
4524-QCSSM,0.2678,Month-to-month,DSL,26,44.65,1156.55,No
5832-EXGTT,0.1499,Month-to-month,DSL,29,60.2,1834.15,No
8840-DQLGN,0.3296,Month-to-month,Fiber optic,35,100.5,3653.35,Yes
2039-JONDJ,0.054,One year,DSL,27,55.45,1477.65,No
7217-JYHOQ,0.1124,Month-to-month,DSL,24,70.3,1706.45,No
6695-FRVEC,0.0059,Two year,DSL,67,60.4,3953.7,No
4547-LYTDD,0.5603,Month-to-month,Fiber optic,16,72.65,1194.3,Yes
9894-QMIMJ,0.0922,One year,DSL,23,55.8,1327.85,No
8069-YQQAJ,0.4082,Month-to-month,DSL,14,31.1,419.7,No
6770-XUAGN,0.2876,Month-to-month,No,1,21.0,21.0,Yes
4193-ORFCL,0.4021,Month-to-month,DSL,1,45.1,45.1,Yes
1636-NTNCO,0.6261,Month-to-month,DSL,4,50.95,207.35,No
3466-WAESX,0.3478,Month-to-month,DSL,16,69.1,1083.7,No
9281-PKKZE,0.3034,Month-to-month,DSL,46,43.95,2007.85,No
3638-VBZTA,0.0146,Two year,DSL,68,86.5,5882.75,No
7459-IMVYU,0.0983,Month-to-month,DSL,38,69.95,2657.55,No
7776-QWNFX,0.1778,Month-to-month,DSL,30,50.4,1527.5,Yes
6689-TCZHQ,0.6945,Month-to-month,Fiber optic,5,78.95,378.4,Yes
8563-OYMQY,0.5179,Month-to-month,Fiber optic,17,90.95,1612.2,No
0754-EEBDC,0.04,Two year,No,4,19.9,76.65,No
5777-ZPQNC,0.0893,One year,No,12,20.15,260.7,No
1951-IEYXM,0.0114,Two year,DSL,72,90.6,6441.85,No
3318-NMQXL,0.7504,Month-to-month,Fiber optic,3,92.0,266.8,No
3143-ILDAL,0.266,Month-to-month,Fiber optic,56,94.45,5124.6,Yes
1022-RKXDR,0.0339,One year,No,41,24.85,962.25,No
2361-FJWNO,0.045,One year,DSL,40,36.0,1382.9,No
2272-UOINI,0.3266,Month-to-month,DSL,7,78.5,571.05,No
8232-UTFOZ,0.0021,Two year,No,69,19.95,1399.35,No
3750-YHRYO,0.0721,One year,No,7,20.65,150.0,No
6637-KYRCV,0.5441,Month-to-month,DSL,5,30.5,167.2,No
5668-MEISB,0.0218,Two year,Fiber optic,72,106.1,7657.4,No
0129-QMPDR,0.0152,One year,No,44,20.5,865.05,No
7188-CBBBA,0.1779,One year,Fiber optic,65,95.5,6153.85,No
5356-CSVSQ,0.4425,Month-to-month,DSL,3,64.6,174.2,No
3221-CJMSG,0.1579,Month-to-month,DSL,24,51.1,1269.6,No
4720-VSTSI,0.3237,Month-to-month,Fiber optic,44,84.8,3862.55,Yes
3219-JQRSL,0.012,Two year,DSL,72,89.1,6352.4,No
2801-NISEI,0.1138,Month-to-month,DSL,24,54.95,1348.5,No
3946-MHCZW,0.3352,Month-to-month,DSL,1,50.9,50.9,Yes
4623-ZKHLY,0.1226,Month-to-month,No,22,20.45,471.55,No
6732-VAILE,0.0189,Two year,DSL,70,85.95,5931.75,No
8201-AAXCB,0.301,Month-to-month,DSL,25,60.35,1404.65,No
7696-CFTAT,0.0079,Two year,No,37,19.8,726.1,No
1845-CSBRZ,0.5265,Month-to-month,Fiber optic,22,85.35,1961.6,No
2123-VSCOT,0.0207,Two year,DSL,59,72.1,4194.85,No
6651-AZVTJ,0.479,Month-to-month,Fiber optic,49,99.8,4872.45,Yes
4566-GOLUK,0.3316,Month-to-month,Fiber optic,47,107.35,5118.95,Yes
2484-DGXPZ,0.0469,Month-to-month,No,31,19.55,658.95,Yes
2018-QKYGT,0.6841,Month-to-month,Fiber optic,1,81.05,81.05,No
2792-VPPET,0.2937,Month-to-month,No,3,20.5,76.95,No
7409-JURKQ,0.1964,One year,Fiber optic,53,111.8,5809.75,No
3247-MHJKM,0.2117,Month-to-month,No,1,20.2,20.2,No
1964-SVLEA,0.0667,One year,No,20,19.7,415.9,No
4587-NUKOX,0.5522,Month-to-month,Fiber optic,3,79.1,246.5,Yes
7297-DVYGA,0.0168,One year,No,51,19.85,996.95,No
2239-CGBUZ,0.0223,One year,DSL,51,60.5,3145.15,No
0854-UYHZD,0.0246,Two year,No,13,19.55,265.3,No
7243-LCGGZ,0.1985,Month-to-month,No,1,20.9,20.9,No
8267-KFGYD,0.2412,Month-to-month,No,1,21.05,21.05,No
4890-VMUAV,0.0225,One year,DSL,63,71.5,4576.3,No
9261-WDCAF,0.3854,Month-to-month,DSL,3,54.65,189.1,No
3764-MNMOI,0.0056,Two year,No,46,19.2,908.15,No
7442-YGZFK,0.4787,Month-to-month,DSL,1,49.8,49.8,No
0420-BWTPW,0.3639,Month-to-month,DSL,8,25.5,215.2,Yes
8229-BUJHX,0.0011,Two year,No,71,20.5,1500.95,No
7449-HVPIV,0.2819,Month-to-month,Fiber optic,55,90.4,5099.15,No
5504-WSIUR,0.0646,One year,Fiber optic,70,90.25,6385.95,No
8183-ONMXC,0.6784,Month-to-month,Fiber optic,2,80.75,159.45,Yes
8466-PZBLH,0.0301,Two year,Fiber optic,67,104.6,6885.75,No
9614-RMGHA,0.2339,Month-to-month,Fiber optic,65,91.85,5940.85,Yes
8735-IJJEG,0.226,Month-to-month,DSL,14,50.2,668.85,No
0564-MUUQK,0.4876,Month-to-month,Fiber optic,20,95.5,1916.2,No
5054-IEXZT,0.6225,Month-to-month,Fiber optic,1,75.35,75.35,Yes
5834-ASPWA,0.7367,Month-to-month,Fiber optic,1,75.45,75.45,Yes
0701-RFGFI,0.4423,Month-to-month,Fiber optic,49,95.4,4613.95,No
0019-EFAEP,0.0475,Two year,Fiber optic,72,101.3,7261.25,No
5619-PTMIK,0.0865,Month-to-month,DSL,46,53.1,2459.8,No
3737-XBQDD,0.4594,Month-to-month,Fiber optic,24,84.85,2048.8,No
5882-CMAZQ,0.3544,Month-to-month,DSL,5,34.25,163.55,No
5846-QFDFI,0.2145,Month-to-month,Fiber optic,33,88.6,2888.7,No
4445-KWOKW,0.0489,One year,DSL,42,60.15,2421.6,No
3511-APPBJ,0.2987,One year,Fiber optic,23,99.95,2292.75,No
7967-HYCDE,0.4592,Month-to-month,Fiber optic,8,70.7,553.4,No
2430-RRYUW,0.0148,One year,DSL,66,54.8,3465.7,No
3948-XHGNA,0.1756,Month-to-month,DSL,24,49.55,1210.4,Yes
3723-BFBGR,0.2375,Month-to-month,DSL,24,54.8,1291.3,No
0565-IYCGT,0.0193,One year,DSL,69,78.6,5356.45,Yes
5447-WZAFP,0.1936,One year,Fiber optic,53,100.3,5200.8,No
5110-CHOPY,0.0325,Two year,DSL,60,53.6,3237.05,No
5445-UTODQ,0.6877,Month-to-month,Fiber optic,7,81.1,576.65,Yes
4425-OWHWB,0.0552,One year,No,20,19.35,433.75,No
7892-QVYKW,0.4946,Month-to-month,Fiber optic,23,85.6,1868.4,No
9675-ICXCT,0.0157,Two year,DSL,72,80.8,5728.55,No
1024-VRZHF,0.6863,Month-to-month,Fiber optic,11,74.95,825.7,Yes
4703-MQYKT,0.0228,Two year,No,21,19.6,390.4,No
9497-QCMMS,0.862,Month-to-month,Fiber optic,1,93.55,93.55,Yes
5692-ICXLW,0.6023,Month-to-month,Fiber optic,31,90.7,2845.15,No
0602-DDUML,0.0125,Two year,DSL,57,69.75,3894.4,No
2208-MPXIO,0.0066,Two year,No,45,20.0,886.4,No
1960-UYCNN,0.703,Month-to-month,Fiber optic,10,95.25,1021.55,No
0348-SDKOL,0.2934,Month-to-month,Fiber optic,58,102.1,5885.4,Yes
3190-FZATL,0.0819,Month-to-month,No,14,19.95,268.4,No
7336-RLLRH,0.0856,One year,DSL,27,80.85,2204.35,No
4373-MAVJG,0.5576,Month-to-month,Fiber optic,14,90.9,1259.0,Yes
8901-HJXTF,0.3064,Month-to-month,DSL,12,29.2,309.1,Yes
7710-JSYOA,0.0477,Two year,Fiber optic,69,93.3,6398.05,No
5419-KLXBN,0.3975,Month-to-month,Fiber optic,25,89.15,2257.75,Yes
3424-NMNBO,0.2648,One year,Fiber optic,58,108.85,6287.25,Yes
9885-MFVSU,0.0394,Two year,DSL,35,46.35,1662.05,No
4514-GFCFI,0.755,Month-to-month,Fiber optic,16,84.75,1350.15,Yes
0607-MVMGC,0.0775,One year,DSL,45,78.75,3600.65,No
3365-SAIGS,0.5946,Month-to-month,Fiber optic,17,83.55,1329.15,No
9828-AOQLM,0.4538,Month-to-month,DSL,1,45.7,45.7,Yes
8022-BECSI,0.0408,One year,No,22,19.6,422.5,No
8000-REIQB,0.7413,Month-to-month,Fiber optic,1,69.95,69.95,Yes
9993-LHIEB,0.0047,Two year,DSL,67,67.85,4627.65,No
0266-CLZKZ,0.0712,Two year,Fiber optic,67,105.65,6717.9,No
7615-ESMYF,0.6674,Month-to-month,DSL,2,44.6,97.1,Yes
3858-VOBET,0.5827,Month-to-month,Fiber optic,23,74.95,1710.45,Yes
7020-OZKXZ,0.5238,Month-to-month,Fiber optic,9,75.5,637.4,No
3977-QCRSL,0.1831,Month-to-month,No,5,20.15,117.95,No
0017-DINOC,0.013,Two year,DSL,54,45.2,2460.55,No
1447-PJGGA,0.1403,Two year,Fiber optic,57,95.25,5464.65,Yes
8565-CLBZW,0.5239,Month-to-month,Fiber optic,24,89.85,2165.05,Yes
9139-WQQDY,0.1799,One year,Fiber optic,49,100.45,4941.8,Yes
0224-HJAPT,0.4669,Month-to-month,DSL,5,47.15,223.15,Yes
8086-OVPWV,0.7291,Month-to-month,Fiber optic,2,80.2,181.1,Yes
9430-FRQOC,0.5068,Month-to-month,Fiber optic,4,87.1,341.45,Yes
7639-OPLNG,0.0094,Two year,DSL,70,79.25,5731.85,No
3074-GQWYX,0.6484,Month-to-month,Fiber optic,5,75.9,357.75,Yes
1492-QGCLU,0.1184,Month-to-month,DSL,53,85.7,4616.1,No
6845-RGTYS,0.3539,Month-to-month,Fiber optic,47,98.75,4533.7,Yes
7328-OWMOM,0.0216,One year,No,31,20.1,589.25,No
4418-LZMSV,0.1465,Month-to-month,DSL,13,61.8,750.1,No
5155-AZQPB,0.1715,Month-to-month,DSL,28,49.9,1410.25,No
8861-HGGKB,0.663,Month-to-month,Fiber optic,10,86.45,830.85,Yes
1087-GRUYI,0.0091,Two year,No,38,20.4,743.5,No
7065-YUNRY,0.4347,Month-to-month,DSL,1,45.3,45.3,Yes
7694-VLBWQ,0.1735,One year,Fiber optic,67,104.1,7040.85,Yes
2546-KZAAT,0.0513,One year,DSL,52,75.4,3865.45,No
0181-RITDD,0.0274,Two year,Fiber optic,62,108.15,6825.65,No
5989-PGKJB,0.5922,Month-to-month,Fiber optic,16,86.25,1340.1,No
4795-KTRTH,0.7355,Month-to-month,Fiber optic,5,81.0,371.65,Yes
8272-ONJLV,0.4567,One year,Fiber optic,12,95.7,1184.0,No
1488-PBLJN,0.0503,Two year,Fiber optic,72,116.85,8477.7,No
0308-GIQJT,0.1231,One year,Fiber optic,71,105.75,7382.85,No
3778-FOAQW,0.0389,One year,No,24,20.15,456.85,No
4452-ROHMO,0.033,Two year,No,15,19.6,331.6,No
6481-OGDOO,0.0651,One year,Fiber optic,67,90.6,6056.15,Yes
3090-LETTY,0.2621,Month-to-month,DSL,2,60.95,134.6,No
5349-AZPEW,0.4268,Month-to-month,DSL,5,25.05,125.5,No
3753-TSEMP,0.6206,Month-to-month,Fiber optic,15,88.15,1390.6,Yes
8305-VHZBZ,0.2392,Month-to-month,No,1,20.2,20.2,Yes
9720-JJJOR,0.0343,One year,DSL,41,60.3,2511.3,No
8100-HZZLJ,0.1308,Month-to-month,DSL,43,63.95,2737.05,No
8775-ERLNB,0.7225,Month-to-month,Fiber optic,1,74.3,74.3,No
8309-IEYJD,0.7051,Month-to-month,Fiber optic,1,70.6,70.6,No
9172-JITSM,0.585,Month-to-month,Fiber optic,26,90.8,2361.8,Yes
6298-QDFNH,0.555,Month-to-month,Fiber optic,22,79.35,1730.35,Yes
7398-HPYZQ,0.0123,Two year,DSL,71,90.55,6404.0,No
3546-GHEAE,0.041,Two year,No,7,19.45,165.35,No
7361-YPXFS,0.1564,Month-to-month,DSL,28,64.45,1867.6,No
6557-BZXLQ,0.5263,Month-to-month,Fiber optic,16,69.65,1043.3,No
2550-QHZGP,0.0831,One year,No,7,19.5,128.6,No
7519-JTWQH,0.0733,Two year,Fiber optic,69,110.5,7455.45,No
2538-OIMXF,0.4722,Month-to-month,DSL,1,24.7,24.7,No
8543-MSDMF,0.5086,Month-to-month,DSL,3,77.4,206.15,No
9961-JBNMK,0.5765,Month-to-month,Fiber optic,21,96.8,2030.3,Yes
1170-SASML,0.1512,Month-to-month,Fiber optic,69,85.4,5869.4,No
4872-JCVCA,0.0067,Two year,DSL,71,47.6,3377.8,No
5346-BZCHP,0.0011,Two year,No,69,19.4,1346.2,No
2038-LLMLM,0.461,Month-to-month,Fiber optic,48,103.85,4946.05,No
6173-ITPWD,0.2844,Month-to-month,Fiber optic,47,83.35,4065.0,Yes
9734-UYXQI,0.5842,Month-to-month,DSL,2,49.4,106.55,Yes
1216-BGTSP,0.3171,Month-to-month,Fiber optic,45,108.45,4964.7,No
4138-NAXED,0.1855,Month-to-month,Fiber optic,51,81.0,4085.75,No
2189-UXTKY,0.2984,Month-to-month,DSL,22,79.2,1742.75,Yes
0744-BIKKF,0.0105,Two year,DSL,72,86.65,6224.8,No
7483-IQWIB,0.4618,Month-to-month,Fiber optic,37,92.95,3415.25,No
5248-KWLAR,0.0126,Two year,DSL,71,90.35,6325.25,No
4958-GZWIY,0.3121,Month-to-month,DSL,7,48.7,340.25,Yes
7996-MHXLW,0.0032,Two year,No,66,25.15,1683.6,No
7833-PKIHD,0.0417,One year,DSL,51,76.4,3966.3,No
7061-OVMIM,0.0241,One year,No,30,19.55,608.5,No
5153-RTHKF,0.4917,Month-to-month,Fiber optic,34,85.35,2896.6,No
1852-QSWCD,0.0044,Two year,No,64,24.8,1514.85,No
4832-VRBMR,0.2575,One year,Fiber optic,65,103.15,6792.45,No
9079-LWTFD,0.153,Month-to-month,Fiber optic,47,100.75,4669.2,No
6356-ELRKD,0.7049,Month-to-month,Fiber optic,1,95.6,95.6,Yes
8624-GIOUT,0.0744,Month-to-month,DSL,49,59.75,2934.3,Yes
3392-EHMNK,0.0308,Two year,Fiber optic,67,94.1,6302.8,No
5986-WWXDV,0.0183,One year,No,39,19.35,779.2,No
3061-BCKYI,0.112,Month-to-month,No,14,19.9,283.75,No
6179-GJPSO,0.2648,Month-to-month,Fiber optic,43,108.15,4600.7,Yes
7901-TBKJX,0.5332,Month-to-month,Fiber optic,56,101.05,5594.0,No
7228-PAQPD,0.1246,One year,DSL,14,59.1,772.85,No
3177-LASXD,0.6071,Month-to-month,Fiber optic,1,71.35,71.35,Yes
7746-QYVCO,0.0866,One year,DSL,16,55.85,857.8,No
5804-HYIEZ,0.261,Month-to-month,Fiber optic,70,106.05,7554.05,No
9919-FZDED,0.0252,Two year,DSL,72,84.1,5981.65,No
5934-TSSAU,0.4084,Month-to-month,Fiber optic,23,75.3,1702.9,No
3486-KHMLI,0.094,Month-to-month,No,21,24.7,467.15,No
4897-QSUYC,0.2492,Month-to-month,No,1,20.15,20.15,Yes
1084-UQCHV,0.5134,Month-to-month,Fiber optic,1,69.75,69.75,Yes
8290-YWKHZ,0.6954,Month-to-month,Fiber optic,32,93.2,2931.0,Yes
2955-BJZHG,0.464,Month-to-month,Fiber optic,17,80.85,1400.85,Yes
3806-DXQOM,0.5149,Month-to-month,DSL,4,33.65,137.85,Yes
6784-XYJAE,0.0921,One year,DSL,36,55.8,1941.5,No
3933-DQPWX,0.0153,Two year,DSL,50,39.7,1932.75,No
6661-EIPZC,0.0895,Month-to-month,DSL,48,29.5,1423.05,No
8957-THMOA,0.0042,Two year,No,50,20.15,970.85,No
2251-PYLPB,0.0068,Two year,DSL,72,79.55,5810.9,No
5555-RNPGT,0.1542,Month-to-month,No,10,24.8,223.9,No
1057-FOGLZ,0.0976,Month-to-month,No,18,19.65,391.7,No
9300-RENDD,0.7418,Month-to-month,Fiber optic,1,79.95,79.95,Yes
0761-AETCS,0.2479,Month-to-month,No,1,19.3,19.3,Yes
8087-LGYHQ,0.7175,Month-to-month,Fiber optic,9,94.05,811.65,No
4137-BTIKL,0.5131,Month-to-month,Fiber optic,2,90.75,174.75,No
2190-BCXEC,0.2895,Month-to-month,Fiber optic,40,78.85,3126.85,No
6227-FBDXH,0.1251,One year,Fiber optic,69,99.5,6841.45,No
2153-MREFK,0.2565,One year,Fiber optic,37,99.2,3754.6,Yes
2911-WDXMV,0.4887,Month-to-month,Fiber optic,18,80.55,1406.65,No
7206-PQBBZ,0.7059,Month-to-month,Fiber optic,11,70.2,834.7,No
3106-ULWFW,0.6635,Month-to-month,Fiber optic,8,85.2,627.4,Yes
0925-VYDLG,0.6739,Month-to-month,Fiber optic,3,75.25,242.0,Yes
4547-FZJWE,0.0185,One year,DSL,55,59.45,3157.0,No
7422-WNBTY,0.5443,Month-to-month,Fiber optic,33,93.35,3092.0,No
0842-IWYCP,0.0713,Month-to-month,DSL,46,44.95,2168.9,No
3521-HTQTV,0.0155,Two year,No,34,26.1,980.35,No
3744-ZBHON,0.2516,Month-to-month,No,3,20.2,65.95,No
3373-DIUUN,0.0132,Two year,No,30,21.25,711.9,No
8383-SGHJU,0.056,One year,DSL,33,59.4,1952.8,No
7607-QKKTJ,0.2085,One year,Fiber optic,45,95.0,4368.85,No
7707-PYBBH,0.0547,Month-to-month,DSL,40,61.9,2647.1,No
8984-HPEMB,0.0765,Two year,Fiber optic,71,118.65,8477.6,No
4349-GFQHK,0.5038,Month-to-month,DSL,1,54.35,54.35,Yes
4139-DETXS,0.0072,Two year,DSL,72,64.45,4528.0,No
9779-DPNEJ,0.5739,Month-to-month,Fiber optic,22,80.15,1790.65,No
9805-FILKB,0.0126,One year,No,46,20.2,845.6,No
5793-YOLJN,0.0038,Two year,No,55,21.0,1210.3,No
0673-IGUQO,0.1986,Month-to-month,No,1,20.45,20.45,No
4123-FCVCB,0.243,One year,DSL,12,75.85,854.45,No
8819-IMISP,0.4602,Month-to-month,Fiber optic,31,80.45,2429.1,No
7802-EFKNY,0.6127,Month-to-month,DSL,5,24.95,100.4,Yes
8311-UEUAB,0.0387,Two year,DSL,67,75.5,5229.45,No
5858-EAFCZ,0.3573,Month-to-month,DSL,1,44.45,44.45,No
8035-BUYVG,0.0817,One year,DSL,40,42.35,1716.45,Yes
1163-ONYEY,0.1224,Month-to-month,DSL,41,74.55,3023.55,No
9787-XVQIU,0.7412,Month-to-month,Fiber optic,1,75.3,75.3,Yes
8945-MUQUF,0.1904,One year,Fiber optic,51,94.8,4837.6,Yes
5656-MJEFC,0.0187,Two year,DSL,42,48.15,2032.3,No
6082-OQFBA,0.0337,One year,No,23,19.65,436.9,No
8051-HJRLT,0.7638,Month-to-month,Fiber optic,1,70.55,70.55,Yes
8974-OVACP,0.2143,Month-to-month,No,1,20.15,20.15,No
4010-YLMVT,0.2847,Month-to-month,Fiber optic,56,106.6,5893.95,No
1379-FRVEB,0.6228,Month-to-month,Fiber optic,15,91.0,1430.05,No
8612-GXIDD,0.0453,Two year,No,12,25.4,313.0,No
6288-CHQJB,0.0108,Two year,DSL,54,69.95,3871.85,No
8160-HOWOX,0.576,Month-to-month,DSL,7,66.85,458.1,No
3023-GFLBR,0.3424,Month-to-month,Fiber optic,33,86.15,2745.7,Yes
6648-INWPS,0.1064,Month-to-month,No,16,20.15,341.35,No
4223-BKEOR,0.0804,One year,DSL,21,64.85,1336.8,No
4079-VTGLK,0.1228,Two year,DSL,30,74.85,2181.75,No
1763-WQFUK,0.3239,Month-to-month,DSL,3,50.5,147.75,No
1391-UBDAR,0.5193,Month-to-month,Fiber optic,11,72.9,818.45,No
8894-JVDCV,0.121,One year,Fiber optic,62,115.05,7133.45,No
2023-VQFDL,0.133,Month-to-month,No,18,19.0,348.8,No
1345-GKDZZ,0.1501,Month-to-month,No,6,19.55,128.6,No
2014-MKGMH,0.384,One year,Fiber optic,46,101.1,4674.4,No
5628-FCGYG,0.6287,Month-to-month,Fiber optic,21,84.1,1737.45,No
2560-WBWXF,0.0049,Two year,No,68,24.15,1498.85,No
0248-IPDFW,0.5937,Month-to-month,DSL,1,50.1,50.1,No
7978-DKUQH,0.4867,Month-to-month,Fiber optic,25,74.6,1797.75,No
4335-UPJSI,0.0175,Two year,No,24,19.75,498.1,No
0524-IAVZO,0.5817,Month-to-month,Fiber optic,30,85.0,2624.25,Yes
2737-YNGYW,0.6617,Month-to-month,Fiber optic,2,80.55,184.1,Yes
1784-EZDKJ,0.2782,One year,Fiber optic,51,106.8,5498.8,No
9297-FVVDH,0.0287,Two year,DSL,57,84.5,4845.4,No
8007-YYPWD,0.0487,Two year,No,15,25.05,369.1,No
7101-HRBLJ,0.0102,Two year,DSL,72,83.7,6096.9,No
5159-YFPKQ,0.6708,Month-to-month,Fiber optic,2,75.8,160.75,Yes
6635-CPNUN,0.3831,Month-to-month,Fiber optic,28,96.6,2684.35,No
4021-RQSNY,0.7135,Month-to-month,Fiber optic,29,98.5,3004.15,Yes
5453-YBTWV,0.0219,Two year,Fiber optic,70,101.1,6994.8,No
5039-LZRQT,0.0592,One year,No,13,20.2,273.25,No
2931-VUVJN,0.1092,One year,Fiber optic,59,94.05,5483.9,No
9061-TIHDA,0.7965,Month-to-month,Fiber optic,13,95.25,1233.65,Yes
8699-ASUFO,0.6667,Month-to-month,Fiber optic,7,74.4,527.9,Yes
6418-PIQSP,0.011,Two year,DSL,62,81.0,4985.9,No
8220-OCUFY,0.1027,One year,DSL,21,60.25,1258.35,No
3995-WFCSM,0.4796,Month-to-month,DSL,2,60.85,111.4,No
1895-QTKDO,0.3304,Month-to-month,DSL,1,43.95,43.95,No
2038-OEQZH,0.6135,Month-to-month,Fiber optic,4,86.05,308.1,No
1178-PZGAB,0.0477,One year,No,19,20.25,383.65,No
7927-AUXBZ,0.3525,Month-to-month,Fiber optic,30,85.15,2555.9,Yes
2626-VEEWG,0.0025,Two year,No,67,19.4,1284.2,No
2878-RMWXY,0.0514,Two year,Fiber optic,72,102.65,7550.3,No
1657-DYMBM,0.0048,Two year,No,53,19.9,1110.05,No
7311-MQJCH,0.1256,One year,No,5,19.55,99.6,No
7375-WMVMT,0.0405,Two year,Fiber optic,71,95.5,6707.15,No
1136-XGEQU,0.066,One year,DSL,50,84.15,4164.4,No
2530-FMFXO,0.1356,Two year,Fiber optic,56,103.2,5873.75,No
6844-DZKRF,0.3224,Month-to-month,DSL,2,50.2,109.25,No
4695-WJZUE,0.8208,Month-to-month,Fiber optic,2,88.55,179.25,Yes
7619-ODSGN,0.1952,Month-to-month,DSL,24,54.75,1338.15,Yes
5970-GHJAW,0.0047,Two year,No,46,19.95,862.4,No
8879-XUAHX,0.079,Two year,Fiber optic,71,116.25,8564.75,No
3689-MOZGR,0.2779,Month-to-month,DSL,29,31.2,926.2,No
4195-PNGZS,0.0031,Two year,No,69,24.45,1718.2,No
5003-XZWWO,0.0161,Two year,DSL,71,84.2,5956.85,No
3988-RQIXO,0.8154,Month-to-month,Fiber optic,1,91.3,91.3,Yes
7622-FWGEW,0.0206,Two year,DSL,56,85.65,4824.45,No
6922-NCEDI,0.0098,One year,No,56,21.2,1238.65,No
2514-GINMM,0.7388,Month-to-month,Fiber optic,1,79.5,79.5,Yes
9891-NQDBD,0.0411,One year,No,28,25.55,672.2,No
6131-IUNXN,0.0831,Month-to-month,No,19,20.2,382.2,No
8548-AWOFC,0.0593,Month-to-month,DSL,66,63.85,4264.6,No
9798-DRYDS,0.1219,One year,DSL,17,61.95,1070.7,No
8532-UEFWH,0.0042,Two year,No,52,25.75,1345.85,No
6296-DDOOR,0.1601,One year,DSL,19,58.2,1045.25,No
7951-VRDVK,0.0496,One year,DSL,36,85.85,3003.55,No
5931-FLJJF,0.6048,Month-to-month,Fiber optic,7,70.1,467.55,Yes
4815-YOSUK,0.0651,One year,Fiber optic,72,104.9,7537.5,No
2659-VXMWZ,0.1684,One year,Fiber optic,67,111.3,7482.1,Yes
0380-NEAVX,0.4208,One year,Fiber optic,34,99.85,3343.15,No
3207-OYBWH,0.3409,Month-to-month,Fiber optic,57,95.25,5427.05,Yes
4285-GYRQC,0.6676,Month-to-month,Fiber optic,7,86.25,587.1,Yes
7216-EWTRS,0.8426,Month-to-month,Fiber optic,1,100.8,100.8,Yes
4365-MSDYN,0.2222,Month-to-month,No,8,19.55,161.15,No
7036-TYDEC,0.0804,Two year,Fiber optic,69,104.0,7028.5,No
5802-ADBRC,0.2131,One year,Fiber optic,50,104.4,5232.9,No
8076-FEZKJ,0.0731,One year,No,10,19.5,225.85,No
5197-YPYBZ,0.037,Two year,No,12,25.25,274.7,No
8337-MSSXB,0.621,Month-to-month,Fiber optic,14,86.3,1180.95,Yes
4312-GVYNH,0.0096,Two year,DSL,70,49.85,3370.2,No
8495-LJDFO,0.2805,Month-to-month,Fiber optic,64,108.95,7111.3,No
0839-JTCUD,0.0116,Two year,DSL,66,89.9,5958.85,No
5494-WOZRZ,0.0115,Two year,DSL,71,82.0,5999.85,No
1302-UHBDD,0.6104,Month-to-month,Fiber optic,20,89.95,1648.45,No
2234-EOFPT,0.0103,Two year,DSL,72,79.35,5753.25,No
8619-IJNDK,0.0022,Two year,DSL,71,64.05,4492.9,No
8378-LKJAF,0.4765,Month-to-month,Fiber optic,38,101.15,3956.7,No
8182-BJDSI,0.565,Month-to-month,Fiber optic,28,89.95,2625.55,Yes
2528-HFYZX,0.5651,Month-to-month,Fiber optic,17,76.45,1233.4,Yes
1153-GNOLC,0.2017,One year,DSL,33,39.1,1309.0,No
3298-QEICA,0.0357,Two year,DSL,23,34.6,813.45,No
0788-DXBFY,0.0108,One year,No,58,19.55,1108.8,No
3597-YASZG,0.096,Two year,Fiber optic,70,104.45,7349.35,No
3496-LFSZU,0.6083,Month-to-month,Fiber optic,4,70.5,294.2,No
5242-UOWHD,0.0063,Two year,No,45,20.35,929.2,No
2482-CZGBB,0.6329,Month-to-month,Fiber optic,10,70.0,740.0,Yes
6479-SZPLM,0.0091,Two year,No,36,19.45,754.5,No
8097-VBQTZ,0.0505,Month-to-month,DSL,54,69.9,3883.3,No
4500-HKANN,0.0343,Two year,DSL,23,59.7,1414.2,No
9917-KWRBE,0.0646,One year,DSL,41,78.35,3211.2,No
3420-ZDBMA,0.6016,Month-to-month,Fiber optic,5,71.45,371.6,No
2212-LYASK,0.1821,One year,DSL,27,45.85,1246.4,No
1393-IMKZG,0.689,Month-to-month,Fiber optic,1,95.85,95.85,No
8069-RHUXK,0.005,Two year,DSL,67,35.7,2545.7,No
3398-GCPMU,0.0152,Two year,DSL,72,89.55,6448.85,No
2908-WGAXL,0.0054,Two year,No,56,24.95,1468.9,No
3378-AJRAO,0.0213,One year,No,44,24.85,1013.6,No
1013-QCWAM,0.4404,Month-to-month,Fiber optic,66,100.8,6690.75,No
0866-QLSIR,0.0494,One year,DSL,34,64.4,2088.75,Yes
6050-FFXES,0.0576,Two year,Fiber optic,69,105.35,7240.65,No
7181-BQYBV,0.7253,Month-to-month,Fiber optic,1,102.45,102.45,Yes
0362-RAOQO,0.0077,Two year,No,40,19.65,830.25,No
9554-DFKIC,0.1664,Month-to-month,DSL,30,54.45,1588.7,No
5527-ACHSO,0.3172,Month-to-month,DSL,11,70.5,829.3,No
0829-DDVLK,0.0617,One year,No,15,20.1,302.45,No
1399-UBQIU,0.5412,Month-to-month,DSL,11,69.35,712.25,No
1813-JLKWR,0.0053,One year,No,64,19.8,1336.65,No
0336-PIKEI,0.006,Two year,DSL,72,74.4,5360.75,No
7322-OCWHC,0.0271,Two year,Fiber optic,72,93.05,6735.05,No
9537-VHDTA,0.2477,Month-to-month,DSL,1,51.2,51.2,No
4957-TIALW,0.0467,One year,DSL,15,65.6,1010.0,No
2054-PJOCK,0.0378,One year,DSL,60,80.55,4847.05,No
9150-HEPMB,0.0184,One year,DSL,56,52.7,3019.7,No
9030-QGZNL,0.0427,Two year,No,8,20.85,161.65,No
6204-IEUXJ,0.4172,Month-to-month,Fiber optic,3,80.1,217.55,Yes
3126-WQMGH,0.1079,Month-to-month,DSL,49,52.15,2583.75,No
4529-CKBCL,0.7406,Month-to-month,Fiber optic,2,80.2,146.05,Yes
2506-CLAKW,0.4209,Month-to-month,Fiber optic,6,98.15,567.45,Yes
7176-WRTNX,0.0519,Two year,Fiber optic,70,114.95,7711.25,No
1583-IHQZE,0.5617,Month-to-month,Fiber optic,12,112.95,1384.75,Yes
5732-IKGQH,0.1848,One year,Fiber optic,52,104.45,5481.25,No
9239-GZHZE,0.0494,Two year,Fiber optic,72,113.65,8124.2,No
7205-BAIAD,0.013,Two year,No,40,20.6,827.3,No
0151-ONTOV,0.5406,Month-to-month,Fiber optic,1,70.9,70.9,Yes
4140-MUHUG,0.7646,Month-to-month,Fiber optic,3,86.85,220.95,Yes
0093-EXYQL,0.5807,Month-to-month,Fiber optic,40,91.55,3673.6,No
8064-RAVOH,0.46,Month-to-month,DSL,1,49.85,49.85,No
0219-QAERP,0.0279,One year,No,30,19.8,576.65,No
0320-JDNQG,0.4122,Month-to-month,Fiber optic,23,99.85,2331.3,Yes
7180-PISOG,0.7228,Month-to-month,Fiber optic,1,74.5,74.5,Yes
9168-INPSZ,0.4454,Month-to-month,Fiber optic,44,104.15,4495.65,No
3571-RFHAR,0.2976,Month-to-month,Fiber optic,65,109.15,6941.2,Yes
0015-UOCOJ,0.4231,Month-to-month,DSL,7,48.2,340.35,No
5334-AFQJB,0.0047,Two year,No,72,25.1,1789.9,No
2754-SDJRD,0.6734,Month-to-month,Fiber optic,8,100.15,908.55,No
9578-VRMNM,0.3862,Month-to-month,DSL,16,65.2,1043.35,Yes
1587-FKLZB,0.3339,Month-to-month,Fiber optic,66,99.5,6822.15,Yes
6140-QNRQQ,0.6004,Month-to-month,Fiber optic,1,71.55,71.55,Yes
8963-JLGJT,0.2165,Month-to-month,DSL,3,55.9,157.55,No
4307-KTUMW,0.2536,Month-to-month,Fiber optic,53,93.9,5029.2,Yes
1465-LNTLJ,0.3888,Month-to-month,DSL,8,64.4,581.7,No
5440-FLBQG,0.0834,Two year,Fiber optic,69,108.4,7318.2,Yes
2135-DQWAQ,0.5718,Month-to-month,Fiber optic,5,85.3,420.45,No
4056-QHXHZ,0.0292,Two year,Fiber optic,72,107.45,7576.7,No
7470-MCQTK,0.5618,Month-to-month,DSL,13,48.75,633.4,Yes
7488-MXJIV,0.7733,Month-to-month,Fiber optic,4,85.65,321.65,Yes
7401-JIXNM,0.016,Two year,DSL,54,91.3,4965.0,No
9339-FIIJL,0.0145,Two year,DSL,72,85.95,6151.9,No
2027-FECZV,0.7061,Month-to-month,Fiber optic,12,106.7,1253.9,Yes
2672-DZUOY,0.6668,Month-to-month,DSL,1,25.15,25.15,Yes
4706-DGAHW,0.4872,Month-to-month,DSL,1,45.2,45.2,No
3870-MQAMG,0.2009,One year,Fiber optic,54,110.35,5893.15,Yes
6670-MFRPK,0.0387,Two year,Fiber optic,69,79.2,5420.65,No
6177-PEVRA,0.0094,Two year,DSL,48,55.5,2627.35,No
4800-CZMPC,0.1794,One year,Fiber optic,48,103.25,5037.55,Yes
4813-HQMGZ,0.6746,Month-to-month,Fiber optic,8,90.25,743.75,No
7579-KKLOE,0.0141,Two year,DSL,71,91.25,6589.6,No
7377-DMMRI,0.4002,Month-to-month,DSL,2,47.8,92.45,Yes
8402-EIVQS,0.1045,One year,Fiber optic,67,100.9,6733.15,No
4947-DSMXK,0.4835,Month-to-month,Fiber optic,34,97.7,3410.0,No
7245-NIIWQ,0.6857,Month-to-month,Fiber optic,3,69.85,199.85,No
0002-ORFBO,0.1432,One year,DSL,9,65.6,593.3,No
3324-OIRTO,0.0828,One year,Fiber optic,71,104.65,7288.4,No
5414-OFQCB,0.0735,Two year,Fiber optic,57,90.45,5229.8,No
4967-WPNCF,0.0118,Two year,DSL,72,63.7,4464.8,No
8552-OBVRU,0.3204,Month-to-month,Fiber optic,48,104.5,5068.05,No
8499-BRXTD,0.053,One year,No,18,20.1,401.85,No
9154-QDGTH,0.2281,One year,Fiber optic,43,104.3,4451.85,No
8197-BFWVU,0.0147,Two year,DSL,72,93.25,6688.95,No
2577-GVSIL,0.127,One year,DSL,35,73.45,2661.1,No
9367-OIUXP,0.1597,Month-to-month,No,4,20.7,73.05,No
6770-UAYGJ,0.0064,Two year,No,49,25.25,1211.65,No
6463-HHXJR,0.0304,Two year,Fiber optic,71,100.5,7030.65,No
7928-VJYAB,0.6102,Month-to-month,Fiber optic,11,90.6,1020.2,No
1187-WILMM,0.0151,Two year,DSL,63,89.4,5597.65,No
9776-OJUZI,0.3044,Month-to-month,Fiber optic,65,95.45,6223.3,No
1306-RPWXZ,0.0042,Two year,No,49,20.45,1024.65,No
8949-JTMAY,0.6066,Month-to-month,Fiber optic,29,98.6,2933.2,Yes
2774-LVQUS,0.6035,Month-to-month,Fiber optic,15,83.05,1258.3,Yes
3097-PYWXL,0.2453,Month-to-month,No,4,19.95,82.9,No
2266-SJNAT,0.0919,One year,Fiber optic,72,109.15,7789.6,No
0869-PAPRP,0.446,Month-to-month,Fiber optic,26,85.7,2067.0,No
4238-JSSWH,0.5129,Month-to-month,Fiber optic,35,102.05,3452.55,No
2972-YDYUW,0.1272,One year,Fiber optic,57,94.7,5468.95,No
1104-FEJAM,0.2127,Month-to-month,DSL,28,64.4,1802.15,No
2809-ILCYT,0.0729,One year,No,25,26.8,733.55,No
5499-ECUTN,0.0517,One year,DSL,47,66.05,3021.45,No
4981-FLTMF,0.0255,Month-to-month,DSL,57,65.2,3687.85,No
9121-PHQSR,0.6607,Month-to-month,Fiber optic,16,85.05,1391.15,No
3113-IWHLC,0.2875,Month-to-month,DSL,5,55.8,274.35,No
3211-ILJTT,0.5226,Month-to-month,Fiber optic,17,70.4,1214.05,Yes
4612-THJBS,0.2706,One year,Fiber optic,56,104.75,5510.65,Yes
4277-BWBML,0.0014,Two year,No,72,19.95,1322.85,No
4094-NSEDU,0.7719,Month-to-month,Fiber optic,21,94.25,1973.75,Yes
0234-TEVTT,0.0454,One year,DSL,48,45.0,2196.3,No
4304-TSPVK,0.0486,Two year,Fiber optic,68,114.9,7843.55,No
1552-AAGRX,0.3072,Month-to-month,Fiber optic,30,106.4,3211.9,No
2637-FKFSY,0.408,Month-to-month,DSL,3,46.1,130.15,No
9796-MVYXX,0.0869,Two year,DSL,14,39.7,692.35,No
7874-ECPQJ,0.2203,Month-to-month,No,4,20.05,85.5,No
0020-INWCK,0.0546,Two year,Fiber optic,71,95.75,6849.4,No
7089-RKVSZ,0.0871,One year,No,8,24.4,203.95,No
2683-JXWQQ,0.0331,Month-to-month,DSL,61,33.6,2117.2,No
9548-ZMVTX,0.0221,Two year,Fiber optic,72,90.45,6565.85,No
8739-XNIKG,0.7719,Month-to-month,Fiber optic,5,84.0,424.75,No
9755-JHNMN,0.0089,Two year,DSL,49,67.4,3306.85,No
3981-QSVQI,0.1952,Month-to-month,No,8,19.7,168.9,No
2789-HQBOU,0.7181,Month-to-month,Fiber optic,3,80.35,253.8,No
9424-CMPOG,0.0373,Two year,No,9,19.6,197.4,No
5067-WJEUN,0.0065,Two year,DSL,67,54.2,3838.2,No
3450-WXOAT,0.0882,Month-to-month,DSL,46,45.2,2065.15,No
9251-WNSOD,0.0248,One year,DSL,67,75.1,5064.45,No
6974-DAFLI,0.0131,One year,No,55,19.7,1140.05,No
2616-UUTFK,0.1799,Month-to-month,DSL,33,72.75,2447.45,No
7064-JHXCE,0.0027,Two year,No,62,20.05,1263.9,No
5103-MHMHY,0.3167,Month-to-month,DSL,1,45.95,45.95,Yes
7989-AWGEH,0.1286,Month-to-month,DSL,49,39.2,1838.15,No
4373-VVHQL,0.5043,Month-to-month,DSL,1,44.75,44.75,No
4559-UWIHT,0.6035,Month-to-month,Fiber optic,14,82.65,1185.0,No
7268-IGMFD,0.493,Month-to-month,Fiber optic,18,93.9,1743.9,No
1846-XWOQN,0.7509,Month-to-month,Fiber optic,1,70.15,70.15,Yes
0235-KGSLC,0.6116,Month-to-month,Fiber optic,1,85.55,85.55,Yes
6650-BWFRT,0.0569,Two year,Fiber optic,72,117.15,8529.5,No
9570-KYEUA,0.0303,Two year,Fiber optic,64,99.25,6549.45,No
6993-YGFJV,0.0587,Two year,Fiber optic,69,112.55,7806.5,No
2712-SYWAY,0.4168,Month-to-month,No,1,25.7,25.7,No
0730-BGQGF,0.01,Two year,DSL,71,90.3,6287.3,No
5498-IBWPI,0.0156,One year,DSL,66,49.4,3251.85,No
9101-NTIXF,0.1844,Month-to-month,No,2,19.4,50.6,No
0013-SMEOE,0.0538,Two year,Fiber optic,71,109.7,7904.25,No
9314-QDMDW,0.2683,One year,DSL,11,61.25,729.95,No
9308-ANMVE,0.0759,Month-to-month,DSL,47,55.3,2654.05,No
2884-GBPFB,0.4141,Month-to-month,Fiber optic,35,70.3,2416.55,Yes
3757-NJYBX,0.5402,Month-to-month,Fiber optic,32,106.35,3520.75,Yes
3413-DHLPB,0.2351,Month-to-month,Fiber optic,60,103.75,5969.95,No
7649-PHJVR,0.0653,One year,No,11,19.5,226.8,No
6114-TCFID,0.0512,One year,DSL,29,39.5,1082.75,No
3787-TRIAL,0.3969,Month-to-month,DSL,21,26.05,565.75,No
2573-GYRUU,0.4116,Month-to-month,Fiber optic,48,91.05,4370.75,No
5156-UMKOW,0.4076,Month-to-month,DSL,3,29.65,90.05,No
1247-QBVSH,0.0496,Month-to-month,DSL,43,50.2,2169.4,No
6734-GMPVK,0.688,Month-to-month,Fiber optic,5,105.3,550.6,No
9822-OAOVB,0.5847,Month-to-month,DSL,1,55.45,55.45,No
6161-ERDGD,0.0392,One year,DSL,71,85.45,6300.85,No
1226-JZNKR,0.088,One year,No,8,19.8,160.05,No
7318-EIVKO,0.5163,Month-to-month,DSL,8,59.25,436.6,No
3771-PZOBW,0.5312,Month-to-month,Fiber optic,20,90.7,1781.35,No
5136-KCKGI,0.2646,One year,Fiber optic,33,103.7,3467.0,Yes
8231-BSWXX,0.0757,One year,Fiber optic,71,79.05,5552.5,No
6486-LHTMA,0.4952,One year,Fiber optic,31,90.7,2835.5,No
4083-BFNYK,0.1898,One year,Fiber optic,38,95.0,3591.25,No
3722-WPXTK,0.7737,Month-to-month,Fiber optic,1,88.35,88.35,Yes
7389-KBFIT,0.4869,Month-to-month,DSL,2,30.25,63.75,No
7176-WIONM,0.5378,Month-to-month,DSL,12,49.85,617.15,No
5141-ZUVBH,0.3038,Month-to-month,Fiber optic,9,93.0,870.25,No
1089-HDMKP,0.3218,Month-to-month,DSL,11,54.55,601.25,No
7623-HKYRK,0.1493,Month-to-month,No,6,19.7,111.65,No
0310-SUCIN,0.0255,One year,DSL,71,84.8,6046.1,No
5197-PYEPU,0.1422,One year,Fiber optic,42,94.45,3923.8,No
2929-ERCFZ,0.7022,Month-to-month,Fiber optic,8,94.2,777.3,Yes
7548-SEPYI,0.7147,Month-to-month,Fiber optic,5,96.25,512.45,Yes
8835-VSDSE,0.6648,Month-to-month,Fiber optic,2,70.7,141.45,Yes
6619-RPLQZ,0.0062,Two year,No,45,20.85,892.15,No
3275-RHRNE,0.1395,One year,DSL,28,60.0,1682.05,No
3503-TYDAY,0.3219,Month-to-month,Fiber optic,43,80.45,3398.9,No
6901-GOGZG,0.0307,Two year,DSL,60,84.95,4984.85,No
1623-NLDOT,0.0363,One year,DSL,42,33.55,1445.3,Yes
7021-XSNYE,0.0777,Two year,DSL,7,49.65,305.55,No
9621-OUPYD,0.0479,One year,No,25,20.2,507.9,No
9898-KZQDZ,0.5012,Month-to-month,Fiber optic,40,94.55,3640.45,Yes
8982-NHAVY,0.4413,One year,Fiber optic,27,100.5,2673.45,No
4307-KWMXE,0.3797,Month-to-month,DSL,10,35.75,389.8,No
0141-YEAYS,0.499,Month-to-month,Fiber optic,27,86.45,2401.05,No
2450-ZKEED,0.1203,One year,DSL,11,53.8,651.55,No
3694-DELSO,0.3817,Month-to-month,DSL,4,38.55,156.1,No
3893-JRNFS,0.0801,Month-to-month,DSL,68,39.9,2796.35,No
9603-OAIHC,0.7393,Month-to-month,Fiber optic,1,70.05,70.05,No
1133-KXCGE,0.0533,One year,No,18,20.1,407.05,No
5236-PERKL,0.0888,Two year,Fiber optic,57,112.95,6465.0,Yes
0142-GVYSN,0.1285,Month-to-month,No,26,20.3,511.25,No
1049-FYSYG,0.3169,Month-to-month,DSL,17,35.65,646.05,No
7854-FOKSF,0.6353,Month-to-month,DSL,1,35.9,35.9,Yes
2519-FAKOD,0.5074,Month-to-month,Fiber optic,38,99.25,3777.15,Yes
8406-LNMHF,0.0669,One year,Fiber optic,59,82.95,4903.15,No
1821-BUCWY,0.0339,Two year,DSL,30,55.65,1653.85,No
8263-JQAIK,0.6006,Month-to-month,DSL,2,24.45,47.5,Yes
0023-UYUPN,0.021,One year,No,50,25.2,1306.3,No
8314-DPQHL,0.1646,One year,DSL,9,50.8,463.6,No
1465-WCZVT,0.1735,Month-to-month,No,3,19.65,60.65,No
9481-SFCQY,0.3226,Month-to-month,DSL,14,59.8,824.85,No
6360-SVNWV,0.2814,Month-to-month,Fiber optic,31,73.55,2094.65,No
0567-GGCAC,0.2428,Month-to-month,DSL,7,61.4,438.9,No
7089-IVVAZ,0.55,Month-to-month,Fiber optic,8,103.35,847.3,Yes
8884-MRNSU,0.0446,One year,No,17,19.9,329.75,No
2171-UDMFD,0.0617,Month-to-month,No,32,19.45,674.55,No
9050-IKDZA,0.6389,Month-to-month,Fiber optic,2,81.5,162.55,No
2205-YMZZJ,0.7981,Month-to-month,Fiber optic,7,84.8,546.95,Yes
9802-CAQUT,0.0389,Two year,Fiber optic,72,109.55,7887.25,No
1254-IZEYF,0.684,Month-to-month,Fiber optic,31,99.95,3186.65,Yes
0187-WZNAB,0.223,Month-to-month,Fiber optic,27,74.4,1972.35,No
9492-TOKRI,0.5185,Month-to-month,Fiber optic,18,90.0,1527.35,Yes
1475-VWVDO,0.6378,Month-to-month,Fiber optic,7,74.9,490.55,No
9221-OTIVJ,0.7639,Month-to-month,Fiber optic,14,104.85,1531.4,Yes
1357-MVDOZ,0.3503,Month-to-month,DSL,11,59.65,683.25,No
7602-MVRMB,0.0547,Two year,Fiber optic,72,110.45,8058.85,No
3325-FUYCG,0.2704,One year,Fiber optic,28,106.1,2847.4,Yes
5908-QMGOE,0.5741,Month-to-month,Fiber optic,15,74.2,1133.9,Yes
1197-BVMVG,0.7824,Month-to-month,Fiber optic,4,74.45,294.45,No
5406-KGRMX,0.0039,Two year,No,71,24.55,1719.15,No
8481-YYXWG,0.6113,Month-to-month,Fiber optic,5,89.35,461.7,Yes
5968-HYJRZ,0.0065,Two year,No,47,24.55,1160.45,No
5198-EFNBM,0.2443,One year,Fiber optic,57,90.65,5199.8,No
7516-GMHUV,0.1389,Two year,Fiber optic,50,105.05,5163.3,No
7140-ADSMJ,0.178,Month-to-month,No,8,20.45,162.3,No
2230-XTUWL,0.0056,Two year,No,48,19.55,883.35,No
7706-YLMQA,0.0045,One year,No,70,19.7,1341.5,No
2585-KTFRE,0.2496,Month-to-month,DSL,1,70.45,70.45,No
7994-UYIVZ,0.6809,Month-to-month,Fiber optic,8,85.65,659.45,No
2609-IAICY,0.7608,Month-to-month,Fiber optic,1,77.15,77.15,Yes
1740-CSDJP,0.628,Month-to-month,DSL,1,35.25,35.25,Yes
7717-BICXI,0.0025,Two year,No,60,20.55,1205.05,No
6559-RAKOZ,0.3025,One year,Fiber optic,49,97.95,4917.9,No
2636-OHFMN,0.7039,Month-to-month,DSL,4,48.55,201.0,Yes
4716-MRVEN,0.029,One year,No,29,20.0,599.3,No
2143-LJULT,0.0044,Two year,No,67,25.25,1733.15,No
1323-OOEPC,0.3641,Month-to-month,Fiber optic,53,98.4,5149.5,Yes
3200-MNQTF,0.0049,Two year,DSL,67,70.9,4677.1,No
6164-HXUGH,0.1463,Month-to-month,No,6,19.85,119.3,No
5630-IXDXV,0.4822,Month-to-month,Fiber optic,47,106.35,4849.1,No
0320-DWVTU,0.0287,Two year,Fiber optic,53,99.5,5424.25,No
9135-MGVPY,0.0123,Two year,DSL,69,84.7,5878.9,No
1212-GLHMD,0.5397,Month-to-month,Fiber optic,3,86.05,244.85,No
7878-JGDKK,0.3299,Month-to-month,DSL,4,44.55,220.75,No
1088-AUUZZ,0.0143,Two year,DSL,56,75.85,4261.2,No
0397-GZBBC,0.4377,Month-to-month,Fiber optic,59,93.85,5574.75,Yes
6614-YWYSC,0.0054,Two year,No,61,25.0,1501.75,No
9588-OZDMQ,0.519,Month-to-month,DSL,2,45.0,89.75,No
7641-EUYET,0.3817,Month-to-month,Fiber optic,46,100.7,4541.2,Yes
6476-EPYZR,0.1081,Month-to-month,No,12,20.5,255.5,No
9921-ZVRHG,0.6608,Month-to-month,Fiber optic,14,80.45,1072.0,Yes
1174-FGIFN,0.3507,One year,Fiber optic,28,90.45,2509.25,No
6620-HVDUJ,0.0814,Month-to-month,DSL,24,60.45,1440.75,No
4701-MLJPN,0.16,Month-to-month,DSL,31,55.25,1715.65,Yes
1032-MAELW,0.025,One year,DSL,68,78.45,5333.35,No
7641-TQFHN,0.1075,Two year,Fiber optic,39,100.55,3895.35,No
1552-TKMXS,0.022,Month-to-month,No,42,20.35,869.9,No
9206-GVPEQ,0.4694,Month-to-month,DSL,13,54.45,706.85,Yes
8622-ZLFKO,0.7356,Month-to-month,Fiber optic,6,90.75,512.25,No
1596-BBVTG,0.281,Month-to-month,Fiber optic,35,75.35,2636.05,Yes
6188-UXBBR,0.0252,One year,No,38,20.25,814.75,No
2333-KWEWW,0.0262,Two year,No,18,20.05,388.6,No
5702-SKUOB,0.1789,Month-to-month,No,4,19.6,93.45,No
1134-YWTYF,0.1594,Month-to-month,DSL,27,53.8,1389.85,No
6061-GWWAV,0.0348,One year,DSL,41,70.2,2894.55,No
0679-TDGAK,0.0538,One year,DSL,50,75.5,4025.6,No
6585-WCEWR,0.002,Two year,No,72,20.35,1354.4,No
9067-YGSCA,0.005,One year,No,70,26.05,1856.4,No
9067-SQTNS,0.0142,One year,No,44,20.6,926.0,No
8433-WXGNA,0.5908,Month-to-month,Fiber optic,2,75.7,189.2,Yes
1776-SPBWV,0.0255,One year,No,34,20.1,682.1,No
8735-SDUFN,0.0025,Two year,No,72,24.3,1778.7,No
9668-PUGNU,0.0061,Two year,No,71,24.5,1816.2,No
9405-GPBBG,0.0831,Two year,Fiber optic,64,110.5,7069.25,No
1926-QUZNN,0.0029,Two year,No,72,25.25,1841.2,No
3707-GNWHM,0.6902,Month-to-month,Fiber optic,1,74.25,74.25,Yes
7016-NVRIC,0.1822,One year,Fiber optic,29,90.1,2656.7,No
5829-NVSQN,0.1036,One year,DSL,23,68.75,1689.45,No
9565-AXSMR,0.0044,Two year,No,52,19.2,1054.75,No
8922-LIEGH,0.6331,Month-to-month,Fiber optic,25,89.7,2187.55,Yes
8869-LIHMK,0.064,Two year,Fiber optic,64,115.1,7334.05,No
8245-UMPYT,0.7714,Month-to-month,Fiber optic,16,96.4,1581.2,Yes
5186-SAMNZ,0.6799,Month-to-month,Fiber optic,1,69.5,69.5,Yes
0447-RXSGD,0.5939,Month-to-month,Fiber optic,24,99.65,2404.85,No
4927-WWOOZ,0.7673,Month-to-month,Fiber optic,2,91.45,171.45,No
5788-YPOEG,0.0221,Two year,DSL,34,84.75,2839.45,No
5373-SFODM,0.487,Month-to-month,Fiber optic,36,85.25,3132.75,Yes
0661-KBKPA,0.0617,One year,DSL,53,78.75,3942.45,No
9081-WWXKP,0.0052,Two year,No,47,20.25,873.4,No
0784-ZQJZX,0.0015,Two year,No,72,19.9,1529.65,No
3133-PZNSR,0.0272,Two year,Fiber optic,72,97.75,6991.6,No
5766-ZJYBB,0.1972,Month-to-month,No,1,19.4,19.4,Yes
8931-GJJIQ,0.7554,Month-to-month,Fiber optic,9,83.3,803.3,Yes
4277-PVRAN,0.6446,Month-to-month,Fiber optic,8,80.1,679.3,Yes
0022-TCJCI,0.0429,One year,DSL,45,62.7,2791.5,Yes
0722-SVSFK,0.6404,Month-to-month,Fiber optic,7,100.4,715.0,No
3612-YVGSJ,0.0042,Two year,No,71,24.45,1681.6,No
9825-YCXWZ,0.2464,One year,Fiber optic,41,101.1,4016.2,No
5397-NSKQG,0.0134,Two year,DSL,67,50.9,3281.65,No
8565-HBFNN,0.0768,One year,Fiber optic,69,107.2,7317.1,No
2000-DHJUY,0.0227,Two year,DSL,70,92.2,6474.45,No
0203-HHYIJ,0.0502,One year,No,25,25.3,676.35,Yes
8670-ERCJH,0.038,Two year,Fiber optic,72,113.4,8164.1,No
7758-UJWYS,0.0766,Two year,DSL,34,40.55,1325.85,No
2050-ONYDQ,0.002,Two year,No,65,26.0,1654.85,No
7055-JCGNI,0.0497,Two year,Fiber optic,70,111.95,7795.95,No
0739-UUAJR,0.0178,Two year,DSL,72,53.8,3952.45,No
4826-DXMUP,0.0861,One year,DSL,35,72.1,2495.15,No
0952-KMEEH,0.5157,Month-to-month,Fiber optic,13,98.15,1230.25,Yes
7285-KLOTR,0.2734,One year,DSL,12,78.85,876.75,No
0654-PQKDW,0.016,One year,DSL,62,70.75,4263.45,No
7175-NTIXE,0.1946,Month-to-month,DSL,25,76.15,1992.95,No
7963-SHNDT,0.0097,Two year,DSL,52,39.1,1982.1,No
9796-BPKIW,0.5974,Month-to-month,Fiber optic,8,69.95,562.7,No
0188-GWFLE,0.2035,Month-to-month,No,2,20.05,33.7,No
8129-GMVGI,0.0032,Two year,No,56,20.05,1090.1,No
2882-DDZPG,0.1298,Month-to-month,No,12,19.45,227.45,No
3547-LQRIK,0.0225,One year,No,47,26.9,1250.85,No
9137-NOQKA,0.296,Month-to-month,No,2,19.2,37.2,No
5843-TTHGI,0.2425,Month-to-month,DSL,18,50.0,892.7,No
1849-RJYIG,0.4106,Month-to-month,DSL,8,60.0,487.75,No
8868-GAGIO,0.2358,Month-to-month,Fiber optic,45,84.55,3713.95,No
4061-UKJWL,0.3162,Month-to-month,DSL,3,45.45,141.7,No
5380-XPJNZ,0.0197,One year,No,38,20.05,678.2,No
8263-QMNTJ,0.0797,Two year,Fiber optic,72,115.55,8425.3,No
8178-EYZUO,0.3219,Month-to-month,Fiber optic,46,93.7,4154.8,Yes
3230-JCNZS,0.0369,Two year,Fiber optic,71,99.0,7061.65,No
0277-ORXQS,0.0127,Two year,DSL,66,50.55,3364.55,No
5130-IEKQT,0.5444,Month-to-month,Fiber optic,25,105.95,2655.25,Yes
3230-WYKIR,0.2185,One year,DSL,18,82.0,1425.45,Yes
7996-BPXHY,0.0521,Two year,No,13,25.0,332.5,No
3227-WLKLI,0.013,Two year,DSL,65,91.55,5963.95,No
0407-BDJKB,0.3225,Month-to-month,Fiber optic,60,95.75,5742.9,Yes
2266-FUBDZ,0.0275,Two year,No,15,19.35,278.85,No
8237-ULIXL,0.0017,Two year,No,72,24.85,1871.85,No
9600-UDOPK,0.574,Month-to-month,Fiber optic,30,94.05,2866.45,Yes
8216-AZUUZ,0.1497,Two year,Fiber optic,42,100.4,4303.65,No
9153-BTBVV,0.0033,Two year,No,71,25.0,1753.0,No
4074-SJFFA,0.4755,Month-to-month,DSL,1,54.75,54.75,Yes
3269-ATYWD,0.5442,Month-to-month,Fiber optic,39,95.65,3759.05,Yes
5186-PEIZU,0.0482,Month-to-month,No,35,19.25,617.65,No
1074-AMIOH,0.2469,Month-to-month,Fiber optic,53,108.25,5935.1,No
4910-GMJOT,0.8339,Month-to-month,Fiber optic,1,94.6,94.6,Yes
0354-WYROK,0.515,Month-to-month,Fiber optic,31,98.9,2911.3,Yes
4361-FEBGN,0.0061,Two year,No,48,20.15,982.95,No
7748-UMTRK,0.5928,Month-to-month,Fiber optic,30,101.3,2974.5,No
0380-ZCSBI,0.1398,Month-to-month,No,10,20.0,198.7,No
7145-FEJWU,0.7111,Month-to-month,Fiber optic,12,105.3,1275.65,No
6463-MVYRY,0.0119,Two year,DSL,57,69.85,4003.0,No
3969-JQABI,0.0551,Month-to-month,DSL,58,65.25,3791.6,No
9624-EGDEQ,0.0095,Two year,No,37,19.8,813.3,No
1051-EQPZR,0.0236,Month-to-month,No,44,19.6,780.25,No
5849-ASHZJ,0.0273,One year,No,27,20.05,552.9,No
5780-INQIK,0.286,Month-to-month,DSL,8,49.4,408.25,No
7576-OYWBN,0.7498,Month-to-month,Fiber optic,3,76.05,231.8,Yes
4526-ZJJTM,0.4152,Month-to-month,Fiber optic,25,88.4,2191.15,No
8384-FZBJK,0.4262,Month-to-month,Fiber optic,57,100.6,5611.7,No
3750-RNQKR,0.1084,Month-to-month,No,12,19.45,246.25,No
0962-CQPWQ,0.0032,Two year,No,62,20.3,1296.15,No
3096-YXENJ,0.0879,Two year,Fiber optic,65,107.65,7082.85,No
1265-BCFEO,0.0219,Two year,DSL,71,80.45,5662.25,No
5837-LXSDN,0.1217,One year,DSL,21,58.85,1215.45,No
5945-AZYHT,0.1819,One year,Fiber optic,71,109.6,7854.15,No
8325-QRPZR,0.6523,Month-to-month,Fiber optic,7,75.15,525.0,No
6384-VMJHP,0.0075,Two year,DSL,72,73.0,5265.2,No
2262-SLNVK,0.6388,Month-to-month,Fiber optic,1,70.1,70.1,No
7730-CLDSV,0.0373,Two year,Fiber optic,72,98.65,7129.45,No
1135-HIORI,0.1963,One year,Fiber optic,64,111.45,7266.95,No
0164-APGRB,0.0713,Two year,Fiber optic,72,114.9,8496.7,No
6481-ESCNL,0.5157,Month-to-month,Fiber optic,29,100.55,2878.75,No
1790-NESIO,0.041,Two year,No,13,20.4,261.3,No
1550-EENBN,0.4683,Month-to-month,Fiber optic,31,104.35,3205.6,No
5539-TMZLF,0.7604,Month-to-month,Fiber optic,1,69.75,69.75,Yes
4323-SADQS,0.3584,Month-to-month,DSL,7,34.5,279.25,Yes
4446-BZKHU,0.4029,Month-to-month,Fiber optic,61,105.55,6281.45,Yes
5202-IVJNU,0.1168,Month-to-month,DSL,39,30.1,1131.3,Yes
5976-JCJRH,0.6302,Month-to-month,Fiber optic,10,70.3,738.2,Yes
8198-RKSZG,0.2247,Month-to-month,DSL,14,80.45,1137.05,No
0137-OCGAB,0.6168,Month-to-month,Fiber optic,1,80.2,80.2,Yes
3351-NQLDI,0.0559,One year,Fiber optic,67,94.35,6341.45,Yes
9297-EONCV,0.0175,Two year,DSL,72,91.35,6697.2,No
7593-JNWRU,0.3238,Month-to-month,DSL,6,44.6,260.8,Yes
4588-YBNIB,0.2514,Month-to-month,No,1,19.6,19.6,Yes
1069-QJOEE,0.0374,One year,No,25,19.9,505.45,No
3336-JORSO,0.591,Month-to-month,Fiber optic,33,110.45,3655.45,Yes
7799-DSEWS,0.2387,Month-to-month,DSL,18,68.35,1299.8,No
8766-PAFNE,0.0139,Two year,DSL,71,79.1,5564.85,No
5315-CKEQK,0.1751,One year,DSL,28,51.0,1381.8,No
3130-ICDUP,0.4699,Month-to-month,Fiber optic,2,80.55,188.1,No
0820-FNRNX,0.185,Month-to-month,DSL,17,66.7,1077.05,No
0880-FVFWF,0.2359,Month-to-month,Fiber optic,56,86.4,4922.4,No
4611-ANLQC,0.0365,One year,DSL,60,50.05,2911.5,No
4213-HKBJO,0.0135,Two year,No,33,25.7,826.1,No
2792-LSHWX,0.3917,Month-to-month,Fiber optic,1,83.4,83.4,No
5028-GZLDO,0.5237,Month-to-month,Fiber optic,2,70.7,140.7,Yes
0014-BMAQU,0.032,Two year,Fiber optic,63,84.65,5377.8,No
6861-XWTWQ,0.8206,Month-to-month,Fiber optic,7,99.25,665.45,Yes
9018-PCIOK,0.0277,Two year,DSL,55,64.75,3617.1,No
4837-QUSFT,0.0949,One year,Fiber optic,65,100.15,6643.5,No
6877-TJMBR,0.6756,Month-to-month,Fiber optic,1,84.8,84.8,Yes
9953-ZMKSM,0.0027,Two year,No,63,25.25,1559.3,No
0907-HQNTS,0.0706,Two year,Fiber optic,70,113.0,7987.6,No
7665-NKLAV,0.0219,Two year,DSL,36,40.65,1547.35,No
6769-DCQLI,0.1439,One year,Fiber optic,52,105.0,5426.85,Yes
2433-KMEAS,0.2766,Month-to-month,DSL,22,54.45,1127.35,Yes
4391-LNRXK,0.4099,Month-to-month,Fiber optic,22,94.95,2142.8,No
8250-ZNGGW,0.177,Month-to-month,DSL,5,59.9,287.85,No
2195-ZRVAX,0.4015,Month-to-month,Fiber optic,47,85.3,4045.65,Yes
3550-SAHFP,0.5419,Month-to-month,Fiber optic,33,83.35,2757.85,Yes
2011-TRQYE,0.3616,Month-to-month,DSL,18,33.5,600.0,Yes
8562-GHPPI,0.1934,Month-to-month,No,1,19.8,19.8,No
5893-PYOLZ,0.0253,Two year,DSL,56,81.8,4534.45,No
4986-MXSFP,0.2404,Month-to-month,No,2,20.0,40.9,No
6131-FOYAS,0.1786,Month-to-month,DSL,35,59.6,2094.9,No
3027-YNWZU,0.0042,Two year,No,64,25.0,1584.8,No
5609-IMCGG,0.4577,Month-to-month,Fiber optic,15,84.35,1302.65,No
4873-ILOLJ,0.6345,Month-to-month,Fiber optic,24,90.35,2238.5,Yes
4727-MCYZG,0.4235,Month-to-month,DSL,1,55.55,55.55,No
9481-WHGWY,0.0067,Two year,DSL,70,75.35,5437.75,No
2725-KXXWT,0.7786,Month-to-month,Fiber optic,1,90.75,90.75,Yes
9565-DJPIB,0.5747,Month-to-month,Fiber optic,4,89.6,365.65,Yes
4328-VUFWD,0.0854,One year,DSL,39,59.3,2209.15,No
3301-LSLWQ,0.29,Month-to-month,DSL,29,66.1,1912.15,No
7473-ZBDSN,0.0265,Two year,No,14,18.8,255.55,No
3166-PNEOF,0.0127,Two year,DSL,61,86.45,5175.3,No
5639-NTUPK,0.1914,Month-to-month,DSL,13,52.1,670.65,No
8780-YRMTT,0.0075,Two year,DSL,66,47.4,3177.25,No
8348-HFYIV,0.7255,Month-to-month,DSL,2,49.25,90.35,Yes
5140-FOMCQ,0.163,One year,Fiber optic,59,109.15,6557.75,No
6242-SGYTS,0.0869,One year,Fiber optic,62,94.95,5791.85,No
8166-ORCHU,0.2222,One year,Fiber optic,33,93.55,3055.5,No
8414-OOEEL,0.0133,Two year,DSL,66,79.5,5196.1,No
8454-AATJP,0.0338,Two year,Fiber optic,72,115.05,8405.0,No
6849-WLEYG,0.1843,Month-to-month,No,1,19.75,19.75,Yes
4659-NZRUF,0.5337,Month-to-month,Fiber optic,19,95.15,1789.25,Yes
4531-AUZNK,0.113,One year,Fiber optic,51,95.15,5000.05,No
4191-XOVOM,0.3264,Month-to-month,Fiber optic,63,105.4,6713.2,No
2150-OEGBV,0.0317,One year,No,27,20.1,562.6,No
8429-XIBUM,0.5251,Month-to-month,Fiber optic,22,101.35,2317.1,Yes
1855-CFULU,0.1976,Month-to-month,No,4,20.05,91.45,No
4878-BUNFV,0.007,Two year,No,42,20.7,828.85,No
1872-EBWSC,0.0312,One year,No,29,20.35,617.35,No
2608-BHKFN,0.5858,Month-to-month,Fiber optic,4,70.05,266.9,Yes
7026-YMSBE,0.0237,One year,No,30,19.7,625.05,No
7341-LXCAF,0.7329,Month-to-month,Fiber optic,4,74.65,301.4,Yes
6997-UVGOX,0.0071,Two year,DSL,71,85.45,6029.9,No
9674-EHPPG,0.0125,Two year,DSL,46,40.4,1842.7,No
9462-MJUAW,0.3697,Month-to-month,DSL,4,50.4,206.6,Yes
8128-YVJRG,0.5481,Month-to-month,Fiber optic,7,79.65,604.7,Yes
5440-VHLUL,0.1386,One year,Fiber optic,69,105.2,7386.05,No
5781-BKHOP,0.0423,Two year,Fiber optic,72,100.65,7334.05,No
4283-FUTGF,0.6571,Month-to-month,Fiber optic,19,79.85,1471.75,Yes
5213-TWWJU,0.36,Month-to-month,Fiber optic,28,91.0,2626.15,No
1569-TTNYJ,0.7026,Month-to-month,Fiber optic,5,78.75,412.1,Yes
8628-MFKAX,0.0621,Two year,Fiber optic,72,116.75,8277.05,No
2397-BRLOM,0.6106,Month-to-month,Fiber optic,8,80.45,583.45,Yes
7629-WIXZF,0.2564,One year,DSL,7,59.1,369.25,No
5445-GLVOT,0.2445,Month-to-month,DSL,22,49.8,1049.05,No
3976-HXHCE,0.0017,Two year,No,72,19.3,1414.8,No
2466-NEJOJ,0.1275,Month-to-month,No,8,19.65,169.75,No
0254-KCJGT,0.0397,One year,DSL,52,81.4,4354.45,No
5472-CVMDX,0.0056,Two year,DSL,68,38.9,2719.2,No
6461-SZMCV,0.0129,Two year,DSL,71,87.95,6365.35,No
8150-QUDFX,0.2047,Month-to-month,No,2,19.85,51.6,No
9508-ILZDG,0.4973,Month-to-month,Fiber optic,34,96.35,3190.25,No
2346-DJQTB,0.2081,Month-to-month,DSL,35,24.15,812.5,No
1697-LYYYX,0.0033,One year,No,61,19.1,1143.8,No
1942-OQFRW,0.4707,Month-to-month,DSL,1,44.0,44.0,No
4749-VFKVB,0.5192,Month-to-month,DSL,1,50.1,50.1,Yes
9640-ZSLDC,0.0383,One year,DSL,53,60.6,3297.0,No
4231-LZUYM,0.0026,Two year,No,72,25.65,1887.0,No
7598-UAASY,0.5991,Month-to-month,Fiber optic,2,76.4,151.8,Yes
7938-OUHIO,0.6975,Month-to-month,Fiber optic,3,98.7,293.65,Yes
8510-AWCXC,0.7452,Month-to-month,Fiber optic,13,100.8,1308.1,Yes
6128-AQBMT,0.3991,Month-to-month,DSL,41,53.95,2215.4,No
3594-BDSOA,0.0347,One year,No,24,20.4,482.8,No
0431-APWVY,0.3594,One year,Fiber optic,28,90.1,2598.95,Yes
5133-VRSAB,0.3192,Month-to-month,DSL,8,29.35,216.45,No
5996-DAOQL,0.2462,Month-to-month,No,1,20.45,20.45,No
6838-YAUVY,0.089,Two year,Fiber optic,54,95.1,5064.85,No
0484-JPBRU,0.057,Month-to-month,No,41,25.25,996.45,No
7883-ROJOC,0.185,Month-to-month,DSL,19,44.9,839.65,No
0244-LGNFY,0.0106,Two year,DSL,72,92.65,6733.0,No
7274-CGTOD,0.008,Two year,DSL,62,43.7,2618.3,No
4295-YURET,0.0203,Two year,DSL,56,72.6,4084.35,No
3426-NIYYL,0.3054,Month-to-month,DSL,15,51.55,765.5,Yes
8225-BTJAU,0.7274,Month-to-month,Fiber optic,10,79.25,793.55,Yes
4635-EJYPD,0.0107,Two year,No,32,18.95,613.95,No
1866-ZSLJM,0.0755,Month-to-month,No,21,20.5,402.85,No
4636-TVXVG,0.0056,One year,No,62,19.95,1244.8,No
4236-UJPWO,0.5717,Month-to-month,DSL,2,24.5,46.4,No
9392-XBGTD,0.0115,Two year,No,27,20.6,581.85,No
3387-VATUS,0.7247,Month-to-month,Fiber optic,5,94.85,462.8,Yes
6402-SSEJG,0.1924,One year,DSL,25,61.05,1540.2,No
1143-NMNQJ,0.7856,Month-to-month,Fiber optic,2,85.7,169.8,Yes
1169-SAOCL,0.2396,One year,Fiber optic,49,106.65,5168.1,No
1110-KYLGQ,0.184,Month-to-month,Fiber optic,63,108.25,6780.1,No
9929-PLVPA,0.1343,Month-to-month,No,4,20.4,94.5,No
3518-PZXZQ,0.4956,Month-to-month,DSL,1,55.3,55.3,No
2371-JUNGC,0.1272,Month-to-month,No,11,20.25,208.0,No
7693-QPEFS,0.3267,Month-to-month,Fiber optic,52,72.95,3829.75,No
0924-BJCRC,0.2972,Month-to-month,Fiber optic,60,89.45,5294.6,No
5074-FBGHB,0.1843,One year,Fiber optic,64,104.65,6889.8,No
2351-BKRZW,0.0271,Two year,DSL,43,75.2,3254.35,No
4455-BFSPD,0.161,One year,Fiber optic,61,101.15,6383.9,No
0415-MOSGF,0.3508,Month-to-month,DSL,1,44.4,44.4,Yes
1724-BQUHA,0.7789,Month-to-month,Fiber optic,5,89.5,477.7,Yes
3948-KXDUF,0.0056,Two year,DSL,66,68.75,4447.55,No
2323-ARSVR,0.0621,Two year,Fiber optic,67,111.05,7321.05,No
0815-MFZGM,0.1104,Two year,Fiber optic,42,99.0,4135.0,No
4826-XTSOH,0.787,Month-to-month,Fiber optic,1,86.05,86.05,Yes
5480-XTFFL,0.0115,Two year,No,31,21.0,697.7,No
8295-FHIVV,0.2022,Month-to-month,No,7,19.4,168.65,No
2495-INZWQ,0.7238,Month-to-month,DSL,4,44.55,174.3,Yes
9086-YJYXS,0.1385,One year,DSL,34,77.2,2753.8,No
1179-INLAT,0.1508,One year,No,3,19.45,69.25,No
7909-FIOIY,0.3018,Month-to-month,DSL,19,24.85,434.8,No
4139-SUGLD,0.0893,Month-to-month,DSL,31,35.4,1077.5,Yes
6857-VWJDT,0.6832,Month-to-month,Fiber optic,1,95.65,95.65,Yes
6351-SCJKT,0.2855,Month-to-month,DSL,3,41.35,107.25,No
5468-BPMMO,0.0253,Month-to-month,No,46,19.6,851.2,No
5624-BQSSA,0.1984,Month-to-month,No,1,20.95,20.95,Yes
0197-PNKNK,0.0457,One year,Fiber optic,69,84.45,5848.6,No
2439-QKJUL,0.166,Month-to-month,No,5,20.25,109.8,No
1194-SPVSP,0.2084,Month-to-month,No,1,19.65,19.65,No
9534-NSXEM,0.0414,One year,No,26,20.65,595.5,No
2408-WITXK,0.6819,Month-to-month,DSL,10,34.7,329.8,Yes
8929-KSWIH,0.1281,Two year,Fiber optic,25,99.3,2513.5,No
2250-IVBWA,0.0907,Month-to-month,Fiber optic,64,81.05,5135.35,No
1810-MVMAI,0.1132,Month-to-month,DSL,30,67.6,2000.2,No
9506-UXUSK,0.6051,Month-to-month,Fiber optic,13,70.15,931.75,No
1229-RCALF,0.1595,One year,Fiber optic,64,115.0,7396.15,No
3572-UOLYZ,0.2394,Month-to-month,Fiber optic,46,84.8,3958.85,No
1429-UYJSV,0.0706,One year,No,12,19.7,260.9,No
5577-OTWWW,0.1048,Month-to-month,No,15,19.75,297.3,Yes
6100-QQHEB,0.7063,Month-to-month,Fiber optic,17,92.55,1515.1,Yes
6366-XIVKZ,0.2578,Month-to-month,DSL,13,63.15,816.8,No
3470-OBUET,0.0074,Two year,DSL,67,74.0,4868.4,No
2770-NSVDG,0.2881,Month-to-month,DSL,24,29.1,688.0,No
9375-MHRRS,0.2291,Month-to-month,DSL,6,50.05,288.35,No
2634-HCZGT,0.0495,One year,DSL,53,60.05,3229.65,Yes
7503-QQRVF,0.489,Month-to-month,Fiber optic,16,74.3,1178.25,Yes
4860-YZGZM,0.1654,Month-to-month,No,10,20.0,185.4,No
6599-GZWCM,0.3162,One year,Fiber optic,13,74.65,966.25,No
2691-NZETQ,0.7411,Month-to-month,Fiber optic,9,85.35,758.6,Yes
4404-HIBDJ,0.0543,One year,DSL,25,74.3,1863.8,Yes
5533-NHFRF,0.5983,Month-to-month,DSL,7,44.4,265.8,No
7037-MTYVW,0.0402,Two year,DSL,38,85.4,3297.0,No
4760-THGOT,0.3891,Month-to-month,Fiber optic,43,94.1,4107.3,No
7295-JOMMD,0.5761,Month-to-month,Fiber optic,4,98.1,396.3,Yes
4016-BJKTZ,0.1974,Two year,Fiber optic,25,108.9,2809.05,No
6584-VQMYT,0.0451,One year,DSL,27,56.2,1567.55,No
9838-BFCQT,0.0014,Two year,No,72,26.1,1851.45,No
2790-XUYMV,0.05,One year,Fiber optic,71,85.45,6028.95,No
0581-MDMPW,0.5253,Month-to-month,Fiber optic,24,88.95,2072.75,No
5013-SBUIH,0.1204,Two year,Fiber optic,50,109.65,5551.15,Yes
1023-BQXZE,0.0271,Two year,DSL,57,74.35,4317.35,No
9163-GHAYE,0.2932,Month-to-month,DSL,15,48.85,736.8,No
3904-UKFRE,0.6497,Month-to-month,Fiber optic,4,80.1,336.15,No
5353-WILCI,0.1179,Month-to-month,DSL,28,56.05,1522.65,No
0709-TVGUR,0.7419,Month-to-month,Fiber optic,9,74.55,622.9,Yes
0058-EVZWM,0.2857,Month-to-month,Fiber optic,55,89.8,4959.6,No
6023-YEBUP,0.819,Month-to-month,Fiber optic,3,100.95,329.95,Yes
7209-JCUDS,0.7179,Month-to-month,Fiber optic,10,94.9,1048.85,Yes
7009-PCARS,0.0068,One year,No,55,19.1,1001.5,No
0519-DRGTI,0.0778,Month-to-month,No,20,20.35,442.6,No
1017-FBQMM,0.1547,One year,Fiber optic,62,106.05,6703.5,No
3001-CBHLQ,0.5883,Month-to-month,Fiber optic,32,104.9,3351.55,Yes
1985-MBRYP,0.0113,Two year,No,43,19.65,779.25,No
6158-DWPZT,0.2317,One year,DSL,9,24.1,259.8,Yes
9372-TXXPS,0.0055,Two year,DSL,60,59.85,3483.45,No
3259-QMXUN,0.0402,Two year,DSL,58,86.1,4890.5,No
1015-JPFYW,0.0671,One year,No,7,19.45,136.75,No
6645-MXQJT,0.575,Month-to-month,Fiber optic,2,97.1,184.15,No
4360-QRAVE,0.194,Month-to-month,DSL,37,36.65,1315.0,No
8433-WPJTV,0.1786,One year,Fiber optic,65,103.9,6767.1,No
5804-JMYIO,0.0058,Two year,No,39,19.75,757.95,No
3763-GCZHZ,0.1815,One year,Fiber optic,66,104.05,6890.0,Yes
6484-LATFU,0.002,Two year,No,68,24.55,1657.4,No
7599-NTMDP,0.0092,Two year,DSL,62,48.7,3008.55,No
0772-GYEQQ,0.5668,Month-to-month,Fiber optic,3,88.35,262.05,Yes
0536-ACXIP,0.1135,Two year,Fiber optic,72,109.55,8165.1,No
0936-NQLJU,0.0071,Two year,No,41,20.65,875.55,No
4831-EOBFE,0.2735,Month-to-month,Fiber optic,29,94.65,2649.15,Yes
1575-KRZZE,0.287,Month-to-month,DSL,4,55.2,220.65,No
3251-YMVWZ,0.0117,One year,No,53,24.05,1301.9,No
4102-OQUPX,0.7664,Month-to-month,Fiber optic,1,74.4,74.4,Yes
9170-GYZJC,0.062,Month-to-month,DSL,41,79.9,3326.2,Yes
4884-LEVMQ,0.0147,Two year,No,39,20.45,790.0,No
8857-CUPFQ,0.0027,Two year,No,63,19.25,1237.65,No
7610-TVOPG,0.2214,Month-to-month,No,15,26.35,378.6,No
3638-DIMPH,0.208,One year,DSL,13,43.8,592.65,No
1845-ZLLIG,0.3779,Month-to-month,DSL,1,50.15,50.15,No
8559-WNQZS,0.0563,Two year,No,1,20.45,20.45,No
3999-QGRJH,0.7102,Month-to-month,Fiber optic,8,69.7,560.85,Yes
1699-UOTXU,0.0108,Two year,DSL,60,61.4,3638.25,No
2454-RPBRZ,0.6614,Month-to-month,Fiber optic,12,98.1,1060.2,Yes
0635-WKOLD,0.0546,One year,DSL,40,70.75,2921.75,No
5993-JSUWV,0.0073,Two year,DSL,66,61.15,4017.45,No
4518-FZBSX,0.0102,One year,No,42,20.25,854.9,No
5387-ASZNZ,0.0187,One year,DSL,66,63.85,4174.35,No
6988-CJEYV,0.4143,Month-to-month,Fiber optic,49,98.7,4920.55,No
2002-MZHWP,0.1842,Month-to-month,No,1,20.5,20.5,Yes
3097-FQTVJ,0.0063,Two year,No,41,20.0,810.3,No
5465-BUBFA,0.0065,Two year,No,41,19.3,772.4,No
7299-GNVPL,0.1852,Month-to-month,Fiber optic,23,84.4,1936.85,No
9743-DQKQW,0.5694,Month-to-month,DSL,3,25.1,79.8,No
1215-VFYVK,0.3311,Month-to-month,DSL,4,48.25,202.25,No
9371-BITHB,0.0047,Two year,No,52,19.85,1070.5,No
2265-CYWIV,0.7789,Month-to-month,Fiber optic,4,99.6,347.65,Yes
9093-FPDLG,0.5598,Month-to-month,Fiber optic,11,94.2,999.9,No
0541-FITGH,0.3883,Month-to-month,DSL,2,62.15,113.1,No
6985-HAYWX,0.3736,Month-to-month,Fiber optic,26,79.3,2015.8,No
7508-KBIMB,0.0742,One year,DSL,24,56.25,1454.25,No
6838-HVLXG,0.1357,Month-to-month,No,12,20.3,246.7,No
2277-DJJDL,0.4606,Month-to-month,Fiber optic,60,99.0,6017.9,No
1897-OKVMW,0.0174,Two year,DSL,64,90.6,5817.45,No
5485-ITNPC,0.0132,Two year,DSL,66,85.9,5595.3,No
0233-FTHAV,0.1188,One year,Fiber optic,60,79.2,4765.0,No
4644-PIZRT,0.1516,One year,DSL,17,70.35,1201.65,No
8922-NPKBJ,0.005,Two year,No,42,19.35,867.3,No
2740-TVLFN,0.595,Month-to-month,DSL,1,50.15,50.15,No
7771-CFQRQ,0.0157,Two year,DSL,47,63.8,3007.25,No
9512-PHSMG,0.204,Month-to-month,No,10,20.55,252.75,No
6963-EZQEE,0.0194,Two year,DSL,70,88.55,6306.5,No
2452-KDRRH,0.3851,Month-to-month,Fiber optic,67,101.4,6841.05,No
2004-OCQXK,0.7549,Month-to-month,Fiber optic,1,81.95,81.95,Yes
5027-QPKTE,0.6485,Month-to-month,Fiber optic,7,69.35,451.1,Yes
4146-SVFUD,0.3486,Month-to-month,DSL,1,44.6,44.6,No
1564-HJUVY,0.3326,Month-to-month,DSL,4,63.75,226.2,No
3617-XLSGQ,0.045,Two year,Fiber optic,66,109.25,7082.5,No
7517-LDMPS,0.6267,Month-to-month,Fiber optic,12,84.6,1017.35,No
7244-KXYZN,0.0378,One year,No,24,20.45,527.35,No
5226-NOZFC,0.5134,Month-to-month,Fiber optic,26,85.75,2146.5,No
2672-HUYVI,0.7353,Month-to-month,Fiber optic,6,91.1,455.3,Yes
1400-WIVLL,0.1149,Two year,Fiber optic,57,107.95,5969.85,No
7508-MYBOG,0.7009,Month-to-month,Fiber optic,14,86.1,1235.55,Yes
8148-NLEGT,0.0124,Two year,No,42,22.95,1014.25,No
0148-DCDOS,0.6029,Month-to-month,Fiber optic,25,94.7,2362.1,Yes
8347-GDTMP,0.0025,Two year,No,64,19.45,1225.65,No
9992-RRAMN,0.6624,Month-to-month,Fiber optic,22,85.1,1873.7,Yes
6746-WAUWT,0.0576,One year,No,19,19.7,386.5,No
0310-MVLET,0.3525,Month-to-month,Fiber optic,61,99.15,6010.05,Yes
0428-IKYCP,0.5111,Month-to-month,Fiber optic,22,87.0,1850.65,No
4550-VBOFE,0.4111,Month-to-month,Fiber optic,70,102.95,7101.5,Yes
2187-PKZAY,0.5915,Month-to-month,Fiber optic,12,79.95,1043.4,No
4003-OCTMP,0.0943,One year,DSL,31,64.0,1910.75,No
6652-YFFJO,0.5438,Month-to-month,DSL,11,64.9,716.1,No
7225-IILWY,0.0023,Two year,No,68,25.75,1686.15,No
5248-RPYWW,0.0185,Two year,DSL,72,90.15,6716.45,No
7923-IYJWY,0.0666,Two year,Fiber optic,67,116.1,7839.85,No
3170-GWYKC,0.1858,Month-to-month,Fiber optic,60,104.95,6236.75,No
5696-QURRL,0.441,Month-to-month,DSL,1,45.05,45.05,Yes
7409-KIUTL,0.7029,Month-to-month,Fiber optic,1,71.0,71.0,Yes
9830-ECLEN,0.0236,One year,DSL,58,50.0,2919.85,No
1732-VHUBQ,0.1669,Month-to-month,Fiber optic,47,70.55,3309.25,Yes
0495-RVCBF,0.7528,Month-to-month,Fiber optic,1,79.7,79.7,Yes
2668-TZSPS,0.1986,Month-to-month,No,1,20.45,20.45,No
7854-EDSSA,0.1698,Month-to-month,DSL,22,59.0,1254.7,Yes
8869-TORSS,0.0244,One year,DSL,48,60.35,2896.4,Yes
7446-SFAOA,0.0345,One year,No,37,19.85,717.5,No
9522-ZSINC,0.1249,One year,No,13,19.95,253.8,No
8234-GSZYK,0.0109,Two year,No,43,26.45,1110.05,No
6505-OZNPG,0.1629,Two year,DSL,6,63.4,348.8,No
6164-HAQTX,0.0072,Two year,DSL,71,53.95,3888.65,No
0679-IDSTG,0.7012,Month-to-month,Fiber optic,1,69.25,69.25,Yes
7765-LWVVH,0.0529,Two year,Fiber optic,72,95.1,6843.15,No
1658-TJVOA,0.6319,Month-to-month,Fiber optic,6,74.1,450.9,No
0953-LGOVU,0.2571,Month-to-month,DSL,12,35.5,432.25,No
2115-BFTIW,0.3171,Month-to-month,Fiber optic,25,70.95,1767.35,Yes
4692-NNQRU,0.2158,One year,Fiber optic,21,79.2,1742.45,No
7742-MYPGI,0.2979,Month-to-month,DSL,6,48.8,297.35,No
0611-DFXKO,0.5787,Month-to-month,Fiber optic,20,89.0,1820.45,Yes
7780-OTDSO,0.6309,Month-to-month,Fiber optic,18,99.4,1742.95,Yes
9619-GSATL,0.0406,One year,DSL,43,55.45,2444.25,No
5622-UEJFI,0.0144,Two year,No,35,25.4,949.8,No
9747-DDZOS,0.5576,Month-to-month,Fiber optic,1,73.5,73.5,Yes
0674-DGMAQ,0.6084,Month-to-month,Fiber optic,32,93.5,2970.8,No
6203-HBZPA,0.0188,Two year,DSL,52,63.9,3334.95,No
0484-FFVBJ,0.1616,One year,DSL,32,64.85,2010.95,No
0301-FIDRB,0.0125,Two year,DSL,72,63.8,4684.3,No
4139-JPIAM,0.0798,Month-to-month,DSL,51,44.45,2181.55,No
2181-TIDSV,0.0021,Two year,No,68,19.95,1303.25,No
2761-XECQW,0.5965,Month-to-month,DSL,8,43.35,371.4,No
1936-CZAKF,0.0393,Two year,DSL,49,49.65,2409.9,No
9453-PATOS,0.0089,Two year,DSL,72,85.1,6155.4,No
0564-JJHGS,0.7948,Month-to-month,Fiber optic,9,95.5,829.1,Yes
3348-CFRNX,0.433,Month-to-month,Fiber optic,28,92.35,2602.9,Yes
4402-FTBXC,0.1497,Month-to-month,Fiber optic,54,89.8,4667.0,No
1428-GTBJJ,0.5803,Month-to-month,Fiber optic,11,74.55,824.75,Yes
2931-XIQBR,0.1082,One year,Fiber optic,50,103.05,5153.5,No
0106-UGRDO,0.0818,Two year,Fiber optic,69,116.0,8182.85,No
5542-TBBWB,0.7051,Month-to-month,Fiber optic,1,69.9,69.9,No
1930-QPBVZ,0.0184,Two year,Fiber optic,68,95.1,6683.4,No
2606-PKWJB,0.0243,One year,DSL,40,40.25,1564.05,No
5322-ZSMZY,0.0154,Two year,No,31,25.75,755.6,No
8059-UDZFY,0.5675,Month-to-month,Fiber optic,33,105.35,3465.05,No
7740-BTPUX,0.1887,Two year,Fiber optic,55,113.6,6292.7,No
5220-AGAAX,0.0046,Two year,No,68,24.0,1664.3,No
0208-BPQEJ,0.1108,Month-to-month,No,12,19.4,198.1,No
9435-JMLSX,0.0114,Two year,DSL,71,86.1,6045.9,No
3352-ALMCK,0.4579,Month-to-month,Fiber optic,40,102.65,4108.15,No
5312-IRCFR,0.1857,One year,Fiber optic,64,92.85,5980.75,No
5294-IMHHT,0.121,One year,Fiber optic,53,97.75,5043.2,No
8802-UNOJF,0.4245,Month-to-month,Fiber optic,12,83.8,1029.75,Yes
6313-GIDIT,0.2966,Month-to-month,DSL,53,54.45,2854.55,Yes
6176-YJWAS,0.0454,Two year,Fiber optic,72,97.95,7114.25,No
5310-NOOVA,0.0069,Two year,No,46,19.95,907.05,No
4526-EXKKN,0.0185,Two year,No,40,24.6,973.95,No
5311-IHLEI,0.2786,Month-to-month,DSL,12,50.95,605.75,No
3987-KQDDU,0.4451,Month-to-month,Fiber optic,9,75.6,661.55,No
3404-JNXAX,0.2835,Month-to-month,Fiber optic,51,80.75,4116.9,No
5131-PONJI,0.2323,Month-to-month,Fiber optic,49,90.4,4494.65,No
2845-AFFTX,0.6532,Month-to-month,Fiber optic,41,99.8,4259.3,Yes
3489-VSFRD,0.0163,One year,DSL,56,60.25,3282.75,No
3345-JHUEO,0.2924,Month-to-month,No,4,20.2,55.7,No
5815-HGGHV,0.0881,One year,DSL,20,64.15,1274.45,No
5260-UMPWX,0.0748,Month-to-month,No,26,20.25,493.95,No
2249-YPRNG,0.5963,Month-to-month,Fiber optic,20,105.85,2239.65,Yes
7410-YTJIK,0.5339,Month-to-month,Fiber optic,7,75.45,480.75,Yes
4626-GYCZP,0.7863,Month-to-month,Fiber optic,7,93.85,635.6,Yes
5649-RXQTV,0.3844,Month-to-month,Fiber optic,51,99.0,5038.15,No
2674-MIAHT,0.613,Month-to-month,Fiber optic,4,80.3,324.2,No
2576-HXMPA,0.1911,Month-to-month,No,1,19.55,19.55,No
7587-AOVVU,0.302,Month-to-month,Fiber optic,27,100.75,2793.55,No
5590-BYNII,0.6192,Month-to-month,Fiber optic,22,100.75,2095.0,Yes
6898-MDLZW,0.2297,Month-to-month,DSL,12,53.75,648.65,No
3237-AJGEH,0.4419,Month-to-month,DSL,3,31.0,95.05,Yes
4707-YNOQA,0.0358,One year,No,34,25.6,917.15,No
9357-UJRUN,0.1229,One year,DSL,24,58.35,1346.9,No
1591-NFNLQ,0.1949,Month-to-month,Fiber optic,51,80.0,4242.35,Yes
8648-PFRMP,0.6796,Month-to-month,DSL,14,46.35,672.7,No
7663-CUXZB,0.07,Two year,Fiber optic,59,113.75,6561.25,No
0258-NOKBL,0.6234,Month-to-month,Fiber optic,3,90.4,268.45,No
1163-VIPRI,0.0641,Two year,Fiber optic,65,109.3,7337.55,No
2815-CPTUL,0.6669,Month-to-month,Fiber optic,5,70.25,331.9,Yes
9348-ROUAI,0.0137,Two year,DSL,59,90.3,5194.05,No
9443-JUBUO,0.0113,Two year,DSL,72,65.25,4478.85,No
0596-BQCEQ,0.2972,Month-to-month,Fiber optic,62,100.15,6283.3,Yes
1481-ZUWZA,0.4146,Month-to-month,Fiber optic,28,94.5,2659.4,Yes
3043-TYBNO,0.3065,Month-to-month,DSL,3,60.65,196.9,No
4830-FAXFM,0.1462,Month-to-month,No,19,24.1,439.2,No
5906-BFOZT,0.2792,Month-to-month,No,1,19.5,19.5,No
2960-NKRSO,0.3803,Month-to-month,Fiber optic,24,85.95,2107.15,No
8996-ZROXE,0.0411,One year,DSL,57,53.5,3035.8,No
5598-IKHQQ,0.0027,Two year,No,72,25.45,1866.45,No
0397-ZXWQF,0.0017,Two year,No,67,20.5,1430.95,No
5266-PFRQK,0.0124,One year,No,52,20.85,1071.6,No
4674-HGNUA,0.0096,Two year,DSL,71,89.9,6457.15,No
6765-MBQNU,0.0456,One year,No,26,26.0,684.05,No
9786-IJYDL,0.1288,Two year,Fiber optic,35,113.2,3914.05,No
1303-SRDOK,0.0457,Two year,Fiber optic,55,69.05,3842.6,No
3769-MHZNV,0.0115,Two year,No,33,20.1,670.35,No
6295-OSINB,0.0883,Two year,Fiber optic,72,109.65,7880.25,No
3308-MHOOC,0.2343,Month-to-month,No,1,19.2,19.2,No
2309-OSFEU,0.4978,Month-to-month,DSL,10,33.9,298.45,Yes
2207-QPJED,0.3867,Month-to-month,Fiber optic,37,90.0,3371.75,No
4177-JPDFU,0.2807,Month-to-month,DSL,12,34.0,442.45,No
2239-CFOUJ,0.0983,One year,No,1,20.4,20.4,No
8046-DNVTL,0.0065,Two year,DSL,62,38.6,2345.55,No
2209-XADXF,0.506,Month-to-month,DSL,1,25.25,25.25,No
6620-JDYNW,0.2721,Month-to-month,DSL,18,60.6,1156.35,No
1891-FZYSA,0.3268,Month-to-month,Fiber optic,69,89.95,6143.15,Yes
4770-UEZOX,0.6568,Month-to-month,Fiber optic,2,74.75,144.8,No
1038-RQOST,0.0779,Month-to-month,No,19,20.6,414.95,No
7613-LLQFO,0.7314,Month-to-month,Fiber optic,12,84.45,1059.55,Yes
4568-TTZRT,0.1359,Month-to-month,No,9,20.4,181.8,No
9513-DXHDA,0.0942,One year,DSL,27,81.7,2212.55,No
2640-PMGFL,0.4055,Month-to-month,Fiber optic,27,79.5,2180.55,Yes
3801-HMYNL,0.6023,Month-to-month,Fiber optic,1,89.15,89.15,Yes
0516-QREYC,0.1318,Month-to-month,No,24,20.3,459.95,No
9685-WKZGT,0.7046,Month-to-month,Fiber optic,14,74.95,1036.75,Yes
6022-UGGSO,0.4177,Month-to-month,Fiber optic,32,74.4,2276.95,Yes
8084-OIVBS,0.0732,One year,No,11,20.0,211.95,No
8896-BQTTI,0.295,Month-to-month,No,1,25.0,25.0,No
3865-QBWSJ,0.2946,Month-to-month,Fiber optic,38,80.45,3162.65,No
3352-RICWQ,0.0383,Two year,No,9,19.75,210.65,No
2160-GPFXD,0.0095,Two year,DSL,54,65.65,3566.7,No
2065-MMKGR,0.2247,One year,DSL,29,71.0,2080.1,No
5857-TYBCJ,0.5522,Month-to-month,Fiber optic,44,89.2,4040.2,No
1498-NHTLT,0.0205,Two year,DSL,59,86.75,5186.0,No
4484-CGXFK,0.5295,Month-to-month,DSL,3,55.3,196.15,Yes
1402-PTHGN,0.0738,One year,DSL,18,61.5,1087.45,No
4176-RELJR,0.0042,Two year,No,67,25.1,1672.15,No
6214-EDAKZ,0.1272,Month-to-month,DSL,22,55.15,1206.05,Yes
5199-FPUSP,0.0377,One year,DSL,33,34.05,1113.95,No
6377-KSLXC,0.1664,Month-to-month,No,5,19.95,107.05,No
1796-JANOW,0.2063,Month-to-month,No,2,19.95,38.15,No
0238-WHBIQ,0.0076,Two year,DSL,72,89.7,6339.3,No
8735-NBLWT,0.1063,Month-to-month,No,9,20.4,184.1,No
6651-RLGGM,0.003,Two year,No,67,26.3,1688.9,No
6127-ISGTU,0.7153,Month-to-month,Fiber optic,16,84.95,1378.25,Yes
1614-JBEBI,0.2132,Month-to-month,No,8,20.7,137.6,No
8740-XLHDR,0.2588,Month-to-month,DSL,5,43.25,219.0,Yes
1208-DNHLN,0.1386,One year,DSL,23,48.35,1067.15,Yes
1761-AEZZR,0.7387,Month-to-month,Fiber optic,1,79.55,79.55,Yes
3923-CSIHK,0.293,Month-to-month,Fiber optic,50,71.05,3444.85,Yes
5696-EXCYS,0.0256,Two year,No,17,19.45,369.05,No
5795-KTGUD,0.0899,Two year,Fiber optic,68,110.8,7553.6,No
7120-RFMVS,0.6929,Month-to-month,Fiber optic,1,84.5,84.5,Yes
7924-GJZFI,0.5438,Month-to-month,Fiber optic,25,69.3,1813.1,No
4702-HDRKD,0.023,One year,DSL,67,49.35,3321.35,No
8512-WIWYV,0.0254,One year,No,32,20.35,707.5,No
5897-ZYEKH,0.2323,One year,Fiber optic,67,105.6,7112.15,No
5456-ITGIC,0.0135,Two year,DSL,72,64.45,4641.1,No
7317-GGVPB,0.0669,Two year,Fiber optic,71,108.6,7690.9,Yes
1406-PUQVY,0.4446,Month-to-month,DSL,1,49.9,49.9,No
1322-AGOQM,0.0793,Month-to-month,DSL,46,30.3,1380.1,Yes
3677-IYRBF,0.7076,Month-to-month,DSL,2,30.4,78.65,Yes
5692-FPTAH,0.4344,Month-to-month,DSL,1,45.4,45.4,Yes
9114-AAFQH,0.0812,One year,DSL,48,65.65,3094.65,No
8715-KKTFG,0.2006,One year,Fiber optic,61,103.3,6518.35,No
1550-LOAHA,0.2937,Month-to-month,Fiber optic,32,84.15,2585.95,Yes
1728-BQDMA,0.4595,Month-to-month,DSL,2,44.45,82.7,No
0268-QKIWO,0.253,Month-to-month,No,3,19.75,58.85,Yes
0876-WDUUZ,0.5391,Month-to-month,Fiber optic,5,85.4,425.9,Yes
5117-ZSMHQ,0.0109,Two year,DSL,71,89.9,6342.7,No
5151-HQRDG,0.1307,Month-to-month,DSL,37,55.05,2030.75,No
0960-HUWBM,0.0818,Two year,Fiber optic,65,104.1,6700.05,No
6465-GSRCL,0.1188,One year,Fiber optic,67,106.6,7244.7,No
0617-FHSGK,0.1681,Month-to-month,Fiber optic,49,75.2,3678.3,Yes
0263-FJTQO,0.0179,Two year,DSL,50,70.5,3486.65,No
7319-ZNRTR,0.0452,One year,No,25,19.6,411.15,No
2858-MOFSQ,0.167,One year,DSL,17,55.85,937.5,Yes
7503-EPSZW,0.0029,Two year,No,64,24.05,1559.15,No
7089-XXAYG,0.209,One year,DSL,25,38.1,970.4,No
8118-LSUEL,0.725,Month-to-month,Fiber optic,23,106.4,2483.5,Yes
8070-AAWZP,0.2161,Month-to-month,DSL,24,34.25,828.2,No
1666-JXLKU,0.6341,Month-to-month,Fiber optic,37,100.05,3810.55,No
7855-DIWPO,0.5492,Month-to-month,Fiber optic,21,68.65,1493.2,No
5133-POWUA,0.433,Month-to-month,DSL,1,45.8,45.8,No
5652-MSDEY,0.6078,Month-to-month,Fiber optic,10,75.75,777.3,No
7005-CCBKV,0.6803,Month-to-month,Fiber optic,6,84.4,556.35,Yes
1810-BOHSY,0.1328,One year,Fiber optic,51,96.4,4911.05,No
1784-BXEFA,0.1975,Month-to-month,No,10,20.55,187.35,No
7351-MHQVU,0.2385,Month-to-month,DSL,6,50.95,307.6,No
9224-VTYID,0.0271,Two year,DSL,47,90.5,4318.35,No
9500-IWPXQ,0.041,One year,DSL,61,79.4,4820.55,No
5762-TJXGK,0.0317,Two year,DSL,52,58.75,3038.55,No
4504-YOULA,0.1113,Month-to-month,DSL,35,59.45,2136.9,No
5569-IDSEY,0.1841,One year,Fiber optic,71,105.7,7472.15,No
4250-FDVOU,0.2691,Month-to-month,DSL,6,56.25,389.1,Yes
7284-ZZLOH,0.0116,Two year,DSL,45,53.3,2296.25,No
5277-ZLOOR,0.8245,Month-to-month,Fiber optic,2,85.55,187.45,Yes
2141-RRYGO,0.4639,Month-to-month,DSL,4,68.65,261.25,Yes
1777-JYQPJ,0.4609,Month-to-month,DSL,2,24.3,38.45,No
6376-GAHQE,0.6358,Month-to-month,Fiber optic,4,77.85,299.2,Yes
3401-URHDA,0.0208,One year,DSL,51,59.9,3043.6,No
1599-EAHXY,0.0072,One year,No,60,23.95,1506.4,No
8631-XVRZL,0.1141,One year,No,9,20.15,163.7,No
5052-PNLOS,0.7453,Month-to-month,Fiber optic,3,105.35,323.25,Yes
3853-LYGAM,0.5276,Month-to-month,Fiber optic,17,95.65,1640.0,No
6979-ZNSFF,0.7646,Month-to-month,Fiber optic,8,87.05,762.1,Yes
5751-USDBL,0.0169,Two year,DSL,46,81.0,3846.35,No
5680-LQOGP,0.0125,Two year,DSL,68,82.45,5646.6,No
2386-LAHRK,0.4741,Month-to-month,DSL,1,53.5,53.5,Yes
8189-DUKMV,0.1064,One year,No,4,20.5,79.05,No
6032-IGALN,0.5954,Month-to-month,DSL,1,25.1,25.1,Yes
9931-DCEZH,0.0555,One year,DSL,28,54.4,1516.6,No
1898-JSNDC,0.0855,One year,DSL,39,58.6,2224.5,No
0315-LVCRK,0.5985,Month-to-month,Fiber optic,11,84.8,888.75,No
3911-RSNHI,0.0169,Two year,DSL,71,61.4,4310.35,No
2410-CIYFZ,0.1758,Month-to-month,No,2,20.4,42.9,No
4248-HCETZ,0.3478,Month-to-month,Fiber optic,30,79.65,2365.15,Yes
5505-OVWQW,0.0554,One year,No,17,20.15,353.65,No
7271-AJDTL,0.2987,Month-to-month,Fiber optic,55,94.45,5073.1,No
1867-TJHTS,0.1712,Month-to-month,Fiber optic,58,79.8,4526.85,No
0516-WJVXC,0.242,Month-to-month,DSL,5,54.2,308.25,Yes
9174-FKWZE,0.4019,Month-to-month,No,1,19.45,19.45,Yes
6860-YRJZP,0.7197,Month-to-month,Fiber optic,9,74.05,678.45,No
4429-WYGFR,0.1096,Month-to-month,DSL,26,49.15,1237.3,No
2817-LVCPP,0.0038,Two year,No,50,19.4,1023.95,No
5038-ETMLM,0.0582,Two year,Fiber optic,72,113.65,8182.75,No
5056-FIMPT,0.1196,One year,Fiber optic,43,106.0,4532.3,No
4521-WFJAI,0.0083,Two year,No,56,25.95,1444.05,No
6569-KTMDU,0.2022,Month-to-month,No,1,19.1,19.1,No
8809-RIHDD,0.1149,Two year,Fiber optic,72,103.4,7372.65,Yes
8809-XKHMD,0.0373,Two year,Fiber optic,72,100.55,7325.1,No
0396-YCHWO,0.6231,Month-to-month,Fiber optic,36,95.4,3474.2,No
0867-LDTTC,0.3386,Month-to-month,DSL,5,75.15,392.65,No
4822-NGOCH,0.6235,Month-to-month,Fiber optic,13,84.45,1058.6,Yes
9391-DXGGG,0.1568,One year,Fiber optic,44,89.15,3990.75,No
9844-FELAJ,0.1719,One year,Fiber optic,70,107.9,7475.85,No
2122-SZZZD,0.0128,One year,No,44,19.5,835.5,No
5307-DZCVC,0.5245,Month-to-month,Fiber optic,32,85.95,2628.6,Yes
3148-AOIQT,0.0032,Two year,No,69,24.95,1718.35,No
8679-JOEVF,0.3364,Month-to-month,DSL,16,59.4,1023.9,Yes
8395-ETZKQ,0.0038,One year,No,68,19.5,1193.55,No
6692-YQHXC,0.4824,Month-to-month,Fiber optic,16,69.95,1205.5,No
3889-VWBID,0.008,Two year,DSL,68,82.85,5776.45,No
5222-JCXZT,0.1748,Month-to-month,No,4,19.0,78.9,No
9754-CLVZW,0.0903,Month-to-month,DSL,26,38.85,1025.15,No
1432-FPAXX,0.2757,Month-to-month,DSL,29,30.6,856.35,Yes
2739-CCZMB,0.1278,Month-to-month,No,5,20.35,122.0,No
7080-TNUWP,0.1342,One year,Fiber optic,70,95.0,6602.9,No
0496-AHOOK,0.0926,One year,DSL,24,74.4,1712.9,No
8336-TAVKX,0.0095,Two year,DSL,72,78.45,5682.25,No
2468-SJFLM,0.4879,Month-to-month,Fiber optic,1,74.3,74.3,No
3181-VTHOE,0.0269,One year,DSL,70,51.05,3635.15,No
7168-HDQHG,0.039,Month-to-month,No,36,19.2,702.9,No
4803-AXVYP,0.5794,Month-to-month,Fiber optic,38,99.55,3734.25,Yes
3884-HCSWG,0.5501,Month-to-month,Fiber optic,17,70.0,1144.5,Yes
4567-AKPIA,0.2403,One year,Fiber optic,41,109.1,4454.25,No
5077-DXTCG,0.5192,Month-to-month,DSL,1,45.3,45.3,Yes
1142-WACZW,0.377,Month-to-month,DSL,2,29.85,75.6,Yes
7901-HXJVA,0.4975,Month-to-month,Fiber optic,14,76.45,1117.55,No
5649-ANRML,0.5075,Month-to-month,Fiber optic,2,95.1,180.25,Yes
4892-VLANZ,0.1911,Month-to-month,No,1,19.8,19.8,Yes
5924-IFQTT,0.3552,Month-to-month,DSL,13,72.8,930.05,No
7968-QUXNS,0.144,Month-to-month,No,6,18.95,110.15,No
2919-HBCJO,0.532,Month-to-month,Fiber optic,4,76.65,333.6,Yes
4236-XPXAV,0.4898,Month-to-month,Fiber optic,5,99.15,465.05,Yes
8903-WMRNW,0.5161,Month-to-month,Fiber optic,15,101.75,1669.4,No
2452-SNHFZ,0.1296,Month-to-month,Fiber optic,47,75.45,3545.1,No
3629-WEAAM,0.2862,Month-to-month,DSL,8,64.1,504.05,No
6029-CSMJE,0.38,Month-to-month,DSL,17,25.65,440.2,No
7993-NQLJE,0.2816,Month-to-month,Fiber optic,15,75.1,1151.55,No
9909-DFRJA,0.2035,One year,Fiber optic,26,95.85,2475.35,No
9099-FTUHS,0.2299,Month-to-month,DSL,23,54.4,1249.25,No
0581-BXBUB,0.6072,Month-to-month,Fiber optic,4,72.75,317.75,No
4962-CHQPW,0.0249,One year,No,29,19.85,535.05,No
9467-ROOLM,0.0545,Month-to-month,No,25,19.05,461.3,No
3030-YZADT,0.2642,Month-to-month,DSL,9,44.95,431.0,Yes
7410-KTVFV,0.2414,Month-to-month,DSL,18,49.55,878.35,Yes
5150-ITWWB,0.8313,Month-to-month,Fiber optic,3,94.85,335.75,No
2253-KPMNB,0.0051,Two year,DSL,69,46.25,3121.4,No
1345-ZUKID,0.061,One year,No,14,19.35,324.8,No
6429-SHBCB,0.3428,Month-to-month,DSL,19,69.6,1394.55,No
9281-OFDMF,0.4374,Month-to-month,Fiber optic,39,90.7,3413.25,No
2603-HVKCG,0.5672,Month-to-month,Fiber optic,31,101.4,3143.65,No
1834-WULEG,0.0357,One year,No,24,20.25,439.75,No
9097-ZUBYC,0.1882,Month-to-month,DSL,14,48.8,664.4,No
5148-ORICT,0.0102,Two year,DSL,64,74.35,4759.55,No
4893-GYUJU,0.0165,One year,No,50,19.35,1033.0,No
4578-PHJYZ,0.0452,One year,DSL,52,68.75,3482.85,No
7272-QDCKA,0.3804,One year,Fiber optic,28,100.2,2688.45,No
8908-SLFCJ,0.035,Two year,No,21,20.85,435.25,No
8393-DLHGA,0.5488,Month-to-month,Fiber optic,25,95.9,2448.75,Yes
9766-HGEDE,0.0516,One year,No,17,19.35,307.0,No
6968-MHOMU,0.0862,One year,DSL,58,45.0,2689.35,No
7395-IGJOS,0.4847,Month-to-month,Fiber optic,17,81.5,1329.2,Yes
5044-XDPYX,0.0061,Two year,No,51,25.5,1281.25,No
1814-WFGVS,0.0054,Two year,DSL,72,48.9,3527.0,No
2834-SPCJV,0.1799,Month-to-month,Fiber optic,52,84.1,4348.65,Yes
3721-WKIIL,0.0204,Two year,No,27,19.6,561.15,No
6734-CKRSM,0.1678,Month-to-month,No,3,20.0,63.6,No
1265-ZFOSD,0.0124,Two year,DSL,64,81.3,5129.3,No
6568-POCUI,0.1083,Two year,Fiber optic,45,95.2,4285.8,No
7890-VYYWG,0.6579,Month-to-month,DSL,3,36.45,93.7,Yes
5197-LQXXH,0.0189,Two year,DSL,71,83.3,5894.5,No
9907-SWKKF,0.5815,Month-to-month,DSL,1,25.05,25.05,Yes
3457-PQBYH,0.003,Two year,No,58,20.3,1160.75,No
7682-AZNDK,0.4259,Month-to-month,Fiber optic,34,89.85,3091.75,No
0587-DMGBH,0.34,Month-to-month,DSL,8,49.85,365.55,Yes
5384-ZTTWP,0.0972,Month-to-month,No,15,19.8,272.95,No
3745-HRPHI,0.0153,Two year,DSL,66,54.65,3632.0,No
7636-OWBPG,0.4198,Month-to-month,DSL,12,29.35,381.2,No
1231-YNDEK,0.0041,Two year,No,58,19.15,1035.5,No
1407-DIGZV,0.0512,Two year,No,3,19.1,52.0,No
6397-JNZZG,0.1865,Month-to-month,DSL,43,55.55,2342.2,Yes
0570-BFQHT,0.5119,Month-to-month,Fiber optic,9,80.55,653.9,No
4393-OBCRR,0.1089,One year,No,3,20.25,71.2,No
3523-QRQLL,0.1745,One year,DSL,22,69.5,1498.2,Yes
8564-LDKFL,0.3487,One year,Fiber optic,40,106.0,4178.65,No
3696-DFHHB,0.004,Two year,No,68,25.5,1821.8,No
0895-DQHEW,0.4401,Month-to-month,Fiber optic,54,104.3,5278.15,Yes
4717-GHADL,0.0398,Two year,DSL,50,79.6,4024.2,No
5501-TVMGM,0.5772,Month-to-month,DSL,1,55.25,55.25,No
5879-HMFFH,0.0123,Two year,DSL,72,88.05,6520.8,No
6772-WFQRD,0.0234,One year,No,40,20.4,854.9,No
3810-DVDQQ,0.0514,Two year,Fiber optic,72,117.6,8308.9,No
6972-SNKKW,0.1633,Month-to-month,No,6,20.0,109.2,No
3694-GLTJM,0.2331,Month-to-month,No,5,19.65,92.05,No
8550-XSXUQ,0.0823,One year,DSL,48,70.55,3420.5,No
8149-RSOUN,0.8144,Month-to-month,Fiber optic,1,93.85,93.85,Yes
9055-MOJJJ,0.0119,One year,DSL,64,65.8,4068.0,No
4359-INNWN,0.0491,One year,No,17,20.05,337.9,No
0585-EGDDA,0.3644,Month-to-month,Fiber optic,40,80.0,3168.75,No
4032-RMHCI,0.0353,One year,DSL,41,35.4,1412.4,No
0549-CYCQN,0.1828,One year,Fiber optic,51,79.6,3974.7,No
3481-JHUZH,0.4145,Month-to-month,Fiber optic,41,80.25,3439.0,No
7250-EQKIY,0.2952,Month-to-month,DSL,1,50.45,50.45,Yes
3594-IVHJZ,0.2699,Month-to-month,No,2,20.45,42.45,No
6869-FGJJC,0.0396,One year,Fiber optic,68,79.6,5461.45,No
3896-ZVNET,0.0221,Two year,No,24,24.7,571.75,No
8205-VSLRB,0.0094,Two year,DSL,70,77.3,5498.2,No
5960-MVTUK,0.5676,Month-to-month,DSL,3,29.75,96.85,No
6817-WTYHE,0.3558,Month-to-month,DSL,2,44.9,111.05,No
3082-VQXNH,0.4032,Month-to-month,DSL,3,29.8,94.4,No
4013-UBXWQ,0.563,Month-to-month,DSL,7,74.65,521.1,Yes
4931-TRZWN,0.4124,Month-to-month,DSL,13,71.95,923.85,No
0750-EKNGL,0.1387,Month-to-month,No,7,20.75,141.1,No
7669-LCRSD,0.3362,Month-to-month,DSL,12,56.3,628.65,No
3567-PQTSO,0.2844,One year,Fiber optic,53,105.25,5576.3,No
5519-NPHVG,0.76,Month-to-month,Fiber optic,12,94.2,1046.1,Yes
8043-PNYSD,0.0015,Two year,No,63,19.55,1245.6,No
9938-EKRGF,0.1399,Month-to-month,DSL,15,84.45,1287.85,No
2703-AMTUL,0.0339,One year,DSL,36,53.65,1939.35,No
0928-JMXNP,0.6741,Month-to-month,DSL,4,29.9,118.25,No
8173-RXAYP,0.0133,Two year,No,24,19.7,452.55,No
4825-XJGDM,0.0151,One year,DSL,61,43.7,2696.55,No
5402-HTOTQ,0.2754,Month-to-month,DSL,16,55.3,875.35,No
6734-JDTTV,0.0024,Two year,No,65,19.85,1267.05,No
7850-THJMU,0.0133,Two year,No,26,19.65,494.9,No
3890-RTCMS,0.2196,Month-to-month,DSL,16,49.45,799.0,No
8849-GYOKR,0.1288,One year,Fiber optic,54,106.55,5763.3,Yes
3148-BLQJT,0.1907,Month-to-month,No,1,20.1,20.1,Yes
3717-FDJFU,0.0449,Two year,No,5,20.45,106.9,No
3665-JATSN,0.5018,Month-to-month,DSL,19,39.7,710.05,No
7966-YOTQW,0.3141,Month-to-month,DSL,10,54.5,568.2,No
0461-CVKMU,0.2556,Month-to-month,Fiber optic,23,83.8,1900.25,Yes
8806-EAGWC,0.3546,Month-to-month,DSL,3,55.15,159.15,Yes
8853-TZDGH,0.0774,Two year,Fiber optic,72,111.6,8012.75,No
7779-LGOVN,0.7644,Month-to-month,Fiber optic,10,86.65,856.65,Yes
4324-BZCKL,0.2753,Month-to-month,DSL,10,55.55,551.3,No
6924-TDGMT,0.0858,One year,No,11,20.55,184.95,No
9710-ZUSHQ,0.5119,Month-to-month,Fiber optic,37,106.75,4056.75,Yes
1536-YHDOE,0.0847,One year,DSL,17,62.1,1096.65,No
8123-QBNAZ,0.4156,Month-to-month,Fiber optic,36,104.5,3684.95,No
3629-ZNKXA,0.6947,Month-to-month,Fiber optic,17,101.8,1752.45,No
4827-LTQRJ,0.1145,One year,Fiber optic,66,110.6,7210.85,No
7711-YIJWC,0.0174,One year,DSL,61,84.9,5264.5,No
5482-VXSXJ,0.5203,Month-to-month,Fiber optic,22,93.2,2157.3,No
7365-BVCJH,0.6703,Month-to-month,DSL,1,24.4,24.4,No
9620-ENEJV,0.4857,Month-to-month,Fiber optic,6,70.55,433.95,No
4183-WCSEP,0.308,Month-to-month,Fiber optic,31,78.45,2435.15,Yes
2378-YIZKA,0.0103,Two year,DSL,68,85.0,5607.75,No
5498-TXHLF,0.4064,Month-to-month,Fiber optic,34,87.45,2874.15,Yes
0689-DSXGL,0.1123,Month-to-month,Fiber optic,52,85.8,4433.3,No
6818-DJXAA,0.5579,Month-to-month,Fiber optic,10,91.1,964.35,No
9722-UJOJR,0.4267,Month-to-month,Fiber optic,29,70.75,1974.8,Yes
0464-WJTKO,0.0014,Two year,No,72,20.1,1460.85,No
8902-ZEOVF,0.0108,One year,No,47,20.05,951.55,No
6778-EICRF,0.1214,One year,DSL,24,74.8,1821.2,No
2662-NNTDK,0.006,One year,No,65,24.8,1600.95,No
4132-KALRO,0.6389,Month-to-month,Fiber optic,4,100.85,399.25,No
3902-FOIGH,0.7787,Month-to-month,Fiber optic,12,101.35,1218.55,Yes
6772-KSATR,0.6876,Month-to-month,Fiber optic,1,81.7,81.7,Yes
7112-OPOTK,0.3127,Month-to-month,Fiber optic,33,68.25,2171.15,Yes
2874-YXVVA,0.478,Month-to-month,Fiber optic,34,105.1,3634.8,No
1245-HARPS,0.0312,Two year,No,14,20.4,292.4,No
4210-QFJMF,0.7238,Month-to-month,Fiber optic,4,79.15,317.25,Yes
4323-ELYYB,0.0512,One year,No,13,20.0,218.55,No
4293-ETKAP,0.0202,Two year,DSL,65,79.4,5071.9,No
6064-PUPMC,0.0459,One year,DSL,23,57.2,1423.35,No
6504-VBLFL,0.0119,Two year,DSL,55,58.6,3068.6,No
6322-PJJDJ,0.1434,Two year,Fiber optic,49,94.8,4690.65,No
0330-BGYZE,0.1648,One year,Fiber optic,60,102.5,6157.6,No
1085-LDWAM,0.0043,One year,No,69,20.35,1442.65,No
7586-ZATGZ,0.504,Month-to-month,Fiber optic,40,84.9,3369.05,No
7197-VOJMM,0.0086,Two year,DSL,67,69.2,4671.65,No
3318-OSATS,0.694,Month-to-month,Fiber optic,35,95.45,3474.05,Yes
5828-AVIPD,0.4805,One year,Fiber optic,19,100.95,1875.55,Yes
1843-TLSGD,0.0274,Two year,No,13,20.85,272.35,No
9626-VFRGG,0.3646,Month-to-month,Fiber optic,41,88.5,3645.05,No
7075-BNDVQ,0.3759,Month-to-month,DSL,4,35.0,135.75,No
9143-CANJF,0.1064,Month-to-month,DSL,24,55.15,1319.85,No
7284-BUYEC,0.6263,Month-to-month,DSL,5,50.95,229.4,No
2041-JIJCI,0.5729,Month-to-month,DSL,5,64.0,370.25,No
1086-LXKFY,0.5648,Month-to-month,Fiber optic,1,69.1,69.1,Yes
4900-MSOMT,0.0062,Two year,DSL,72,80.2,5714.2,No
2229-VWQJH,0.2131,Month-to-month,DSL,24,49.3,1233.25,No
9194-GFVOI,0.0306,Two year,DSL,42,84.35,3571.6,No
1336-EZFZY,0.1904,Month-to-month,No,4,20.05,83.3,No
4282-MSACW,0.1048,One year,Fiber optic,68,117.2,8035.95,No
1403-LKLIK,0.0223,One year,No,33,20.1,579.4,No
2636-ALXXZ,0.7518,Month-to-month,Fiber optic,1,69.6,69.6,Yes
7774-OJSXI,0.441,One year,Fiber optic,31,103.45,3066.45,Yes
7786-WBJYI,0.5587,Month-to-month,Fiber optic,4,77.95,305.55,Yes
0136-IFMYD,0.1278,Two year,Fiber optic,69,109.95,7634.25,No
5144-TVGLP,0.5867,Month-to-month,Fiber optic,38,94.75,3653.0,No
9643-AVVWI,0.491,Month-to-month,Fiber optic,3,80.0,241.3,No
0253-ZTEOB,0.0327,Two year,DSL,48,79.65,3870.3,No
2706-QZIHY,0.0349,Two year,No,15,25.2,387.9,No
6061-PQHMK,0.0386,One year,No,25,19.9,527.5,No
9885-CSMWE,0.7201,Month-to-month,Fiber optic,1,78.45,78.45,Yes
6137-MFAJN,0.1605,Month-to-month,DSL,48,44.8,2104.55,No
9122-UMROB,0.1904,Month-to-month,No,1,20.3,20.3,No
4232-JGKIY,0.2651,Month-to-month,No,1,19.2,19.2,No
2402-TAIRZ,0.1839,One year,Fiber optic,37,80.05,3019.1,No
9659-ZTWSM,0.2004,One year,Fiber optic,66,107.35,7051.95,No
9139-TWBAS,0.1102,One year,DSL,26,47.85,1190.5,No
6685-GBWJZ,0.0122,One year,DSL,63,70.8,4448.8,No
5016-ETTFF,0.3643,Month-to-month,DSL,10,29.5,255.25,Yes
3866-MDTUB,0.5231,Month-to-month,DSL,2,70.75,146.9,Yes
2195-VVRJF,0.274,Month-to-month,DSL,18,59.1,1011.05,No
3913-RDSJZ,0.0037,Two year,No,64,25.55,1714.95,No
8058-JMEQO,0.7848,Month-to-month,Fiber optic,9,84.45,762.5,Yes
4203-QGNZA,0.0544,Month-to-month,No,28,20.25,535.35,No
5043-TRZWM,0.6169,Month-to-month,Fiber optic,1,75.55,75.55,No
0697-ZMSWS,0.7639,Month-to-month,Fiber optic,4,85.65,338.9,Yes
7657-DYEPJ,0.0762,One year,DSL,38,70.15,2497.35,Yes
9494-BDNNC,0.1535,One year,Fiber optic,66,95.3,6273.4,No
1640-PLFMP,0.6912,Month-to-month,Fiber optic,1,70.25,70.25,No
5366-OBVMR,0.2228,Month-to-month,DSL,18,50.3,908.75,No
8276-MQBYC,0.5617,Month-to-month,Fiber optic,51,97.8,4913.3,Yes
7644-OMVMY,0.0568,Two year,No,0,19.85,0.0,No
7593-XFKDI,0.3506,Month-to-month,DSL,1,46.3,46.3,Yes
4573-JKNAE,0.0361,Two year,No,12,19.35,212.3,No
0337-CNPZE,0.5389,Month-to-month,Fiber optic,41,106.3,4443.45,Yes
9817-APLHW,0.185,Month-to-month,No,12,25.0,316.2,No
8380-MQINP,0.004,Two year,No,55,20.3,1079.05,No
0840-DFEZH,0.7208,Month-to-month,Fiber optic,7,75.35,564.65,No
1513-XNPPH,0.5847,Month-to-month,Fiber optic,12,89.4,1095.65,Yes
8690-ZVLCL,0.0105,Two year,DSL,68,88.0,6161.9,No
6015-VVHHE,0.7546,Month-to-month,Fiber optic,5,83.15,446.05,Yes
1125-SNVCK,0.0797,Month-to-month,DSL,49,43.8,2106.05,No
0384-LPITE,0.0718,One year,DSL,40,62.05,2511.55,No
4616-EWBNJ,0.0564,One year,No,16,20.1,318.6,No
6347-DCUIK,0.6018,Month-to-month,Fiber optic,10,74.15,811.8,Yes
1335-HQMKX,0.2341,One year,Fiber optic,72,101.35,7323.15,No
2545-EBUPK,0.8296,Month-to-month,Fiber optic,2,84.05,186.05,No
6923-AQONU,0.0182,Two year,No,23,20.9,454.0,No
2172-EJXVF,0.2816,One year,Fiber optic,71,105.9,7521.95,No
0897-FEGMU,0.7583,Month-to-month,Fiber optic,11,99.5,1056.95,Yes
7663-RGWBC,0.4416,Month-to-month,DSL,1,44.15,44.15,Yes
1120-BMWUB,0.2045,Month-to-month,DSL,16,53.9,834.15,Yes
9124-LHCJQ,0.7138,Month-to-month,Fiber optic,1,85.45,85.45,Yes
4536-PLEQY,0.5274,Month-to-month,Fiber optic,12,85.05,999.8,No
7029-IJEJK,0.0271,One year,DSL,54,44.1,2369.7,No
8871-JLMHM,0.0242,Two year,Fiber optic,68,90.2,6297.65,No
2235-ZGKPT,0.345,Month-to-month,DSL,4,50.85,239.55,Yes
3891-PUQOD,0.4508,Month-to-month,DSL,1,59.2,59.2,Yes
5447-VYTKW,0.0791,Month-to-month,DSL,27,53.45,1461.45,No
3623-FQBOX,0.1066,Month-to-month,No,21,19.95,416.4,No
0689-NKYLF,0.6409,Month-to-month,Fiber optic,13,83.2,1060.6,Yes
8659-HDIYE,0.0523,Month-to-month,DSL,64,74.65,4869.35,No
3658-KIBGF,0.3797,Month-to-month,DSL,1,54.9,54.9,Yes
3474-BAFSJ,0.0298,Two year,DSL,57,57.5,3265.95,No
5519-YLDGW,0.6503,Month-to-month,Fiber optic,21,103.9,2254.2,Yes
3865-ZFZIB,0.026,Two year,No,19,19.65,358.15,No
1855-AGAWH,0.4263,One year,Fiber optic,31,93.8,2939.8,No
7109-CQYUZ,0.0268,Two year,DSL,52,89.25,4652.4,No
1370-GGAWX,0.2988,One year,Fiber optic,46,94.15,4408.45,No
4680-KUTAJ,0.4557,Month-to-month,DSL,11,55.6,580.8,No
5307-UVGNB,0.085,Month-to-month,DSL,53,48.7,2495.2,No
4946-EDSEW,0.1281,Month-to-month,No,11,19.25,180.3,Yes
2883-ILGWO,0.3577,Month-to-month,Fiber optic,57,104.9,5913.95,No
2516-VQRRV,0.7161,Month-to-month,Fiber optic,2,75.45,158.4,Yes
7580-UGXNC,0.2573,Month-to-month,DSL,2,54.85,104.2,Yes
3642-BYHDO,0.0017,Two year,No,71,19.9,1389.35,No
9629-NHXFW,0.2565,Month-to-month,No,1,19.4,19.4,No
2696-RZVZW,0.0024,Two year,No,68,25.05,1629.2,No
5766-FTRTS,0.0074,Two year,DSL,72,84.45,6033.1,No
0396-HUJBP,0.194,Month-to-month,No,2,19.3,44.4,No
5178-LMXOP,0.8476,Month-to-month,Fiber optic,1,95.1,95.1,Yes
8879-ZKJOF,0.0638,One year,DSL,41,79.85,3320.75,No
6285-FTQBF,0.002,Two year,No,72,25.55,1867.7,No
8185-UPYBR,0.7051,Month-to-month,Fiber optic,6,75.5,438.0,Yes
4585-HETAI,0.6143,Month-to-month,Fiber optic,4,73.75,325.45,Yes
7526-BEZQB,0.7571,Month-to-month,Fiber optic,12,96.05,1148.1,Yes
1474-JUWSM,0.0564,One year,DSL,58,68.4,3972.25,No
3530-CRZSB,0.1676,Month-to-month,No,7,20.65,155.9,No
8498-XXGWA,0.028,Month-to-month,DSL,65,55.15,3673.15,No
9617-INGJY,0.6189,Month-to-month,Fiber optic,1,70.6,70.6,No
0621-TSSMU,0.0071,One year,No,56,19.95,1126.75,No
7234-KMNRQ,0.1696,Month-to-month,No,4,19.0,73.45,No
7636-PEPNS,0.0286,One year,DSL,58,44.1,2413.05,No
4683-WYDOU,0.1053,Two year,Fiber optic,62,107.6,6912.7,No
9052-DHNKM,0.0989,One year,DSL,26,61.55,1581.95,No
6794-HKIAJ,0.1135,Month-to-month,Fiber optic,62,90.7,5586.45,No
5578-NKCXI,0.0701,One year,Fiber optic,58,99.25,5846.65,No
1642-HMARX,0.024,Two year,DSL,68,91.7,6424.7,No
3096-WPXBT,0.0911,One year,Fiber optic,61,100.7,6018.65,No
8434-PNQZX,0.0626,Two year,DSL,42,78.45,3373.4,No
5950-AAAGJ,0.5129,Month-to-month,Fiber optic,18,84.3,1537.9,No
4299-OPXEJ,0.0059,Two year,No,56,19.55,1080.55,No
4951-UKAAQ,0.739,Month-to-month,Fiber optic,4,88.95,355.2,Yes
9618-LFJRU,0.1673,Month-to-month,No,4,20.45,82.85,No
6693-DJWTY,0.0311,One year,DSL,35,55.6,2016.45,No
0744-GKNGE,0.1039,Month-to-month,Fiber optic,64,86.8,5327.25,No
6447-EGDIV,0.0229,One year,No,31,20.95,683.25,No
1167-OYZJF,0.0029,Two year,No,67,20.05,1263.05,No
2108-YKQTY,0.2792,Month-to-month,DSL,4,50.7,151.3,Yes
4806-DXQCE,0.0827,Two year,Fiber optic,70,113.65,7714.65,No
4918-QLLIW,0.3461,Month-to-month,DSL,3,53.4,188.7,Yes
7056-IMHCC,0.5354,Month-to-month,Fiber optic,53,101.9,5549.4,Yes
4854-SSLTN,0.0459,Two year,DSL,2,59.5,130.5,No
5294-DMSFH,0.4523,Month-to-month,Fiber optic,29,87.8,2621.75,No
4837-PZTIC,0.0127,Two year,DSL,47,41.9,1875.25,No
1625-JAIIY,0.1311,One year,Fiber optic,68,83.0,5685.8,Yes
0603-OLQDC,0.323,Month-to-month,DSL,12,69.85,837.5,No
3272-VUHPV,0.1839,Month-to-month,DSL,8,56.3,401.5,No
4176-FXYBO,0.3186,Month-to-month,Fiber optic,54,109.55,6118.95,No
1063-DHQJF,0.0283,Two year,Fiber optic,69,92.15,6480.9,No
8663-UPDGF,0.2064,Month-to-month,DSL,26,69.5,1800.05,No
6719-FGEDO,0.0227,Two year,Fiber optic,72,97.0,7104.2,No
1837-YQUCE,0.0164,Two year,DSL,70,58.35,4214.25,No
2947-DOMLJ,0.2358,Month-to-month,DSL,1,50.6,50.6,Yes
4112-LUEIZ,0.7259,Month-to-month,Fiber optic,10,89.5,863.1,Yes
0369-ZGOVK,0.2088,One year,Fiber optic,28,70.4,1992.2,No
4510-HIMLV,0.6992,Month-to-month,Fiber optic,1,69.8,69.8,Yes
9919-KNPOO,0.7154,Month-to-month,Fiber optic,21,94.3,1948.35,No
8749-JMNKX,0.345,Month-to-month,Fiber optic,51,93.8,4750.95,Yes
7872-BAAZR,0.0061,One year,No,53,19.55,1007.9,No
9391-LMANN,0.0901,One year,Fiber optic,53,95.95,5036.9,No
2430-USGXP,0.6757,Month-to-month,Fiber optic,24,101.05,2391.8,Yes
8174-TBVCF,0.0163,Two year,DSL,70,94.8,6859.05,No
1698-XFZCI,0.2128,One year,Fiber optic,61,107.75,6521.9,No
1877-HKBQX,0.1028,One year,DSL,11,54.6,617.85,No
4450-DLLMH,0.5964,Month-to-month,Fiber optic,2,71.3,157.75,No
0428-AXXLJ,0.0567,One year,No,25,19.5,516.3,No
2746-DIJLO,0.0729,One year,DSL,41,56.3,2364.0,No
5955-ERIHD,0.7292,Month-to-month,Fiber optic,18,94.7,1687.95,Yes
0917-EZOLA,0.1035,Two year,Fiber optic,72,104.15,7689.95,Yes
3508-VLHCZ,0.0136,Two year,DSL,71,90.55,6239.05,No
4086-ATNFV,0.0554,One year,DSL,34,60.8,2042.05,No
0468-YRPXN,0.379,Month-to-month,Fiber optic,29,98.8,2807.1,No
5996-NRVXR,0.174,One year,Fiber optic,40,98.15,4116.8,No
3739-YBWAB,0.0711,One year,DSL,36,35.35,1317.95,No
7047-FWEYA,0.2584,One year,Fiber optic,46,103.15,4594.65,No
2000-MPKCA,0.233,One year,Fiber optic,58,107.75,6332.75,No
9762-YAQAA,0.1467,One year,Fiber optic,39,81.4,3213.75,No
5949-EBSQK,0.2387,Month-to-month,DSL,4,61.45,229.55,Yes
5473-KHBPS,0.1555,One year,Fiber optic,52,95.7,4976.15,No
0100-DUVFC,0.2686,One year,Fiber optic,70,104.8,7308.95,No
5397-TUPSH,0.0845,One year,Fiber optic,65,70.95,4555.2,No
8950-MTZNV,0.4288,Month-to-month,DSL,1,44.95,44.95,No
0326-VDYXE,0.2667,One year,Fiber optic,70,97.65,6982.5,No
6773-LQTVT,0.2608,Month-to-month,DSL,29,35.65,1025.15,No
7274-RTAPZ,0.7906,Month-to-month,Fiber optic,1,90.55,90.55,Yes
0436-TWFFZ,0.0208,Two year,DSL,67,85.25,5714.2,No
8566-YPRGL,0.272,Month-to-month,No,1,19.5,19.5,No
0311-UNPFF,0.5356,Month-to-month,Fiber optic,26,88.8,2274.35,Yes
6609-MXJHJ,0.0189,Two year,No,30,25.1,789.55,No
2669-OIDSD,0.2917,Month-to-month,Fiber optic,48,100.05,4834.0,No
8400-WZICQ,0.0472,Month-to-month,DSL,55,55.7,3131.8,No
3834-XUIFC,0.6612,Month-to-month,Fiber optic,7,85.2,602.55,Yes
9576-SYUHJ,0.4639,Month-to-month,Fiber optic,37,91.15,3369.25,No
0410-IPFTY,0.442,Month-to-month,Fiber optic,31,83.85,2674.15,No
2831-EBWRN,0.4912,Month-to-month,DSL,4,45.9,199.75,No
9430-NKQLY,0.0024,Two year,No,72,25.1,1790.8,No
8414-MYSHR,0.7975,Month-to-month,Fiber optic,5,91.4,449.75,Yes
0247-SLUJI,0.18,Month-to-month,No,1,19.7,19.7,No
9402-ORRAH,0.722,Month-to-month,Fiber optic,15,91.5,1400.3,No
6483-OATDN,0.2337,Month-to-month,DSL,8,51.3,411.6,No
1293-HHSHJ,0.0231,One year,No,35,21.1,741.0,No
4840-ORQXB,0.4028,Month-to-month,Fiber optic,56,104.75,5841.35,No
7599-FKVXZ,0.4043,Month-to-month,Fiber optic,42,106.15,4512.7,Yes
3982-DQLUS,0.1777,Month-to-month,Fiber optic,65,85.75,5688.45,No
8610-ZIKJJ,0.1054,One year,No,2,20.3,31.9,No
3756-VNWDH,0.27,One year,Fiber optic,65,100.75,6674.65,No
7801-KICAO,0.6457,Month-to-month,Fiber optic,18,74.15,1345.75,No
7673-LPRNY,0.265,One year,DSL,23,78.55,1843.05,No
8229-TNIQA,0.4037,Month-to-month,DSL,4,45.3,196.95,Yes
6060-QBMGV,0.0019,Two year,No,70,19.85,1433.8,No
7339-POGZN,0.4802,Month-to-month,DSL,4,50.7,214.55,No
2828-SLQPF,0.2596,Month-to-month,DSL,19,45.0,865.85,No
4465-VDKIQ,0.4417,Month-to-month,Fiber optic,18,77.8,1358.6,No
2921-XWDJH,0.4197,Month-to-month,Fiber optic,38,83.45,3147.15,No
6221-AVQYL,0.6684,Month-to-month,Fiber optic,2,73.25,131.05,Yes
2558-BUOZZ,0.1341,One year,Fiber optic,47,94.8,4535.85,No
9257-AZMTZ,0.0046,Two year,No,52,20.1,1078.75,No
0003-MKNFE,0.3917,Month-to-month,DSL,9,59.9,542.4,No
0975-UYDTX,0.1173,One year,DSL,26,90.1,2312.55,No
7743-EXURX,0.3778,Month-to-month,DSL,8,51.05,415.05,Yes
4682-BLBUC,0.0817,One year,DSL,44,70.95,3250.45,No
0975-VOOVL,0.4591,Month-to-month,DSL,3,29.2,98.5,No
5968-VXZLG,0.4225,Month-to-month,DSL,2,46.6,87.9,No
5569-KGJHX,0.6745,Month-to-month,Fiber optic,9,85.35,754.65,Yes
4988-IQIGL,0.7883,Month-to-month,Fiber optic,1,75.35,75.35,Yes
5201-FRKKS,0.2455,Month-to-month,Fiber optic,25,74.3,1952.25,No
9799-CAYJJ,0.7213,Month-to-month,Fiber optic,2,69.3,153.8,No
7730-IUTDZ,0.2456,Month-to-month,Fiber optic,43,75.2,3198.6,Yes
0426-TIRNE,0.199,Month-to-month,No,1,20.9,20.9,Yes
5443-SCMKX,0.2361,One year,Fiber optic,58,94.3,5610.15,No
8295-KMENE,0.0148,Two year,DSL,59,76.45,4519.5,No
6738-ISCBM,0.1389,One year,DSL,44,54.0,2440.25,No
9821-BESNZ,0.1776,One year,Fiber optic,66,104.25,6860.6,No
3678-MNGZX,0.002,Two year,No,68,19.95,1377.7,No
1335-NTIUC,0.5727,Month-to-month,DSL,9,24.95,190.25,No
2916-BQZLN,0.5271,Month-to-month,Fiber optic,19,84.75,1651.95,No
4558-CGYCZ,0.1736,Month-to-month,No,4,19.75,78.3,No
2368-GAKKQ,0.0605,Two year,Fiber optic,70,113.65,7939.25,No
8710-YGLWG,0.4285,Month-to-month,DSL,1,44.9,44.9,No
3199-XGZCY,0.7088,Month-to-month,Fiber optic,8,75.25,576.7,No
3785-KTYSH,0.0055,Two year,No,53,24.6,1279.0,No
6814-ZPWFQ,0.0151,One year,No,51,25.0,1260.7,No
4063-EIKNQ,0.1093,Month-to-month,No,11,20.95,267.35,No
6993-YCOBK,0.0933,Two year,Fiber optic,60,110.6,6586.85,No
5206-HPJKM,0.1751,Month-to-month,DSL,17,55.5,934.15,No
7587-RZNME,0.4973,Month-to-month,DSL,3,43.3,123.65,Yes
0748-RDGGM,0.0703,One year,Fiber optic,70,109.5,7534.65,Yes
8393-JMVMB,0.1972,Month-to-month,No,1,19.45,19.45,No
5019-GQVCR,0.5542,Month-to-month,Fiber optic,43,84.85,3645.6,No
6036-TTFYU,0.1053,Month-to-month,No,16,19.6,314.45,No
2550-AEVRU,0.0165,One year,DSL,57,53.45,3053.0,No
0969-RGKCU,0.0151,One year,No,37,19.8,677.05,No
0378-CJKPV,0.0392,Two year,Fiber optic,72,112.1,7965.95,No
4706-AXVKM,0.6896,Month-to-month,Fiber optic,11,84.8,906.85,Yes
5889-JTMUL,0.4795,Month-to-month,Fiber optic,50,95.05,4888.7,Yes
9026-RNUJS,0.4261,Month-to-month,DSL,5,50.35,237.25,Yes
3746-EUBYR,0.7128,Month-to-month,Fiber optic,1,74.6,74.6,Yes
2332-EFBJY,0.12,Month-to-month,No,16,19.7,342.4,Yes
2880-FPNAE,0.7193,Month-to-month,Fiber optic,2,74.2,140.1,No
1703-MGIAB,0.3069,Month-to-month,DSL,17,69.0,1108.0,No
4311-QTTAI,0.0557,One year,No,16,19.35,295.55,No
9474-PHLYD,0.4295,Month-to-month,DSL,15,59.45,892.65,Yes
4318-RAJVY,0.1065,One year,No,10,19.8,198.25,No
2165-VOEGB,0.1212,One year,Fiber optic,46,105.2,4822.85,Yes
3612-YUNGG,0.0684,Two year,Fiber optic,64,109.2,6741.15,No
2254-DLXRI,0.654,Month-to-month,Fiber optic,1,79.15,79.15,No
5062-CJJKH,0.0748,One year,DSL,25,53.65,1355.45,No
9028-LIHRP,0.0172,Two year,Fiber optic,71,100.2,7209.0,No
2219-MVUSO,0.36,Month-to-month,DSL,8,45.15,438.4,Yes
1053-MXTTK,0.0347,Two year,Fiber optic,72,108.65,7726.35,No
1530-ZTDOZ,0.0974,Month-to-month,DSL,49,40.65,2070.75,No
1301-LOPVR,0.0953,One year,DSL,29,55.35,1636.95,No
0853-TWRVK,0.0289,Two year,Fiber optic,72,105.6,7581.5,No
8914-RBTSB,0.476,Month-to-month,Fiber optic,31,93.8,3019.5,Yes
6212-ATMLK,0.5171,Month-to-month,Fiber optic,50,95.7,4729.75,No
8200-LGKSR,0.0173,Two year,DSL,71,83.2,6126.1,No
1568-BEKZM,0.0143,Two year,DSL,70,90.05,6333.4,No
0670-ANMUU,0.0576,One year,Fiber optic,71,97.65,6687.85,No
6897-RWMUB,0.0063,Two year,DSL,61,68.05,4158.25,No
0963-ZBDRN,0.5341,Month-to-month,Fiber optic,32,96.2,3183.4,Yes
7594-RQHXR,0.7229,Month-to-month,Fiber optic,1,79.6,79.6,Yes
6999-CHVCF,0.0623,Two year,Fiber optic,68,102.1,7149.35,No
6134-KWTBV,0.0037,Two year,No,62,23.4,1429.65,No
1077-HUUJM,0.6379,Month-to-month,Fiber optic,7,71.05,472.65,No
6331-EWIEB,0.6588,Month-to-month,Fiber optic,20,85.25,1734.5,Yes
0895-LNKRC,0.0863,One year,No,6,19.45,113.5,No
2045-BMBTJ,0.2864,Month-to-month,DSL,33,59.45,1884.65,No
8417-GSODA,0.332,One year,Fiber optic,28,92.2,2568.15,No
5171-EPLKN,0.0141,Two year,No,27,19.85,470.0,No
4452-QIIEB,0.2807,Month-to-month,DSL,7,43.9,278.4,No
5998-VVEJY,0.4539,Month-to-month,Fiber optic,26,80.5,2088.8,Yes
1624-NALOJ,0.7961,Month-to-month,Fiber optic,5,89.8,502.6,Yes
6741-EGCBI,0.4445,Month-to-month,Fiber optic,30,90.5,2595.85,No
7820-ZYGNY,0.1159,One year,Fiber optic,63,90.45,5825.5,No
4317-VTEOA,0.4863,Month-to-month,DSL,1,50.75,50.75,Yes
9677-AVKED,0.0978,One year,DSL,53,84.6,4449.75,No
1670-SVOWZ,0.3791,Month-to-month,Fiber optic,14,89.65,1208.35,Yes
2227-JRSJX,0.455,Month-to-month,Fiber optic,21,99.15,1956.4,No
9847-HNVGP,0.0546,One year,No,17,19.95,310.6,No
6696-YDAYZ,0.0259,Two year,No,16,20.5,290.55,No
8980-WQFWL,0.2584,Month-to-month,DSL,35,62.1,2096.1,No
1730-ZMAME,0.5708,Month-to-month,Fiber optic,32,79.5,2665.0,No
6506-EYCNH,0.0706,Month-to-month,No,28,19.55,543.8,No
4634-JLRJT,0.2484,Month-to-month,No,1,20.35,20.35,No
9501-UKKNL,0.1516,Month-to-month,DSL,59,51.7,3005.8,No
2560-QTSBS,0.0052,One year,No,72,23.3,1623.15,No
7541-YLXCL,0.0732,One year,DSL,36,65.4,2498.4,Yes
4795-WRNVT,0.0787,Month-to-month,DSL,40,65.1,2586.0,No
6080-TCMYC,0.3757,Month-to-month,Fiber optic,40,81.2,3292.3,No
0260-ZDLGK,0.3547,Month-to-month,DSL,9,72.9,651.4,Yes
7860-UXCRM,0.0061,Two year,DSL,63,74.5,4674.55,No
6357-JJPQT,0.7236,Month-to-month,Fiber optic,3,80.5,232.35,No
2292-XQWSV,0.0672,One year,DSL,40,60.3,2448.5,No
9552-TGUZV,0.4453,Month-to-month,Fiber optic,8,75.0,658.1,No
5913-INRQV,0.1399,One year,Fiber optic,34,90.15,3128.8,No
8722-NGNBH,0.2762,Month-to-month,DSL,5,40.0,223.45,Yes
6210-KBBPI,0.6787,Month-to-month,Fiber optic,9,99.45,919.4,Yes
9643-YBLUR,0.3985,Month-to-month,DSL,9,69.05,653.95,No
8734-FNWVH,0.1779,Month-to-month,DSL,31,59.7,1825.5,No
9447-YPTBX,0.0122,One year,No,50,19.85,943.1,No
0133-BMFZO,0.4761,Month-to-month,Fiber optic,2,86.25,181.65,Yes
6128-CZOMY,0.5181,Month-to-month,DSL,1,45.65,45.65,Yes
9540-JYROE,0.5417,Month-to-month,Fiber optic,8,70.1,551.35,Yes
9026-LHEVG,0.5062,Month-to-month,DSL,9,40.75,359.4,No
2260-USTRB,0.6287,Month-to-month,Fiber optic,2,70.2,115.95,Yes
3656-TKRVZ,0.2751,Month-to-month,DSL,3,55.35,165.2,Yes
7011-CVEUC,0.4511,Month-to-month,Fiber optic,25,95.7,2338.35,No
6185-TASNN,0.4838,Month-to-month,DSL,1,46.3,46.3,No
7925-PNRGI,0.0585,Month-to-month,DSL,45,81.3,3541.1,No
8623-TMRBY,0.3375,Month-to-month,Fiber optic,51,84.2,4146.05,Yes
1552-CZCLL,0.0149,Month-to-month,No,55,20.0,1087.25,No
3038-PQIUY,0.1162,Month-to-month,DSL,38,66.15,2522.4,No
1501-SGHBW,0.3385,Month-to-month,DSL,2,45.85,81.0,Yes
9313-CDOGY,0.0466,Month-to-month,No,38,19.6,717.3,No
8148-BPLZQ,0.1638,Month-to-month,DSL,34,49.8,1734.2,No
2623-DRYAM,0.2551,One year,Fiber optic,70,101.75,7069.3,No
9987-LUTYD,0.0767,One year,DSL,13,55.15,742.9,No
3208-YPIOE,0.3564,Month-to-month,Fiber optic,39,75.25,3017.65,Yes
4488-KQFDT,0.2658,One year,Fiber optic,61,103.95,6423.0,No
2612-RANWT,0.6828,Month-to-month,Fiber optic,12,100.15,1164.3,Yes
5693-PIPCS,0.0994,Two year,Fiber optic,41,99.65,4220.35,No
0491-KAPQG,0.5819,Month-to-month,Fiber optic,21,73.7,1558.7,No
1925-LFCZZ,0.0984,One year,DSL,55,50.05,2743.45,No
8039-EQPIM,0.0104,Two year,DSL,69,60.25,4055.5,No
6900-PXRMS,0.5759,Month-to-month,Fiber optic,26,105.75,2710.25,Yes
8707-RMEZH,0.0594,One year,Fiber optic,69,87.3,6055.55,No
3346-BRMIS,0.6274,Month-to-month,DSL,18,48.35,810.7,Yes
3209-ZPKFI,0.1041,Month-to-month,DSL,47,54.25,2538.2,No
6479-VDGRK,0.0074,Two year,DSL,72,85.3,6129.2,No
9373-WSLOY,0.277,Month-to-month,DSL,33,50.0,1750.85,No
2933-FILNV,0.5346,Month-to-month,DSL,2,24.4,36.55,Yes
3569-JFODW,0.0106,Two year,DSL,72,90.95,6652.45,No
9819-FBNSV,0.322,Month-to-month,Fiber optic,37,72.25,2575.45,No
9544-PYPSJ,0.2639,Month-to-month,Fiber optic,62,96.1,6019.35,No
1591-XWLGB,0.0015,Two year,No,71,19.85,1379.6,No
0396-UKGAI,0.1317,Month-to-month,DSL,23,55.3,1284.2,No
3243-ZHOHY,0.0576,One year,No,16,20.1,296.15,No
5186-EJEGL,0.2338,Month-to-month,DSL,9,69.5,653.25,No
7527-QNRUS,0.037,Two year,No,17,25.15,412.6,No
9986-BONCE,0.1954,Month-to-month,No,4,20.95,85.5,Yes
2722-JMONI,0.5028,Month-to-month,DSL,1,49.55,49.55,Yes
2203-GHNWN,0.5083,Month-to-month,Fiber optic,24,79.65,1928.7,No
3878-AVSOQ,0.7624,Month-to-month,Fiber optic,1,71.25,71.25,No
3258-SYSWS,0.0422,Two year,Fiber optic,72,113.8,7845.8,No
5296-PSYVW,0.0035,Two year,No,72,24.55,1750.7,No
6319-QSUSR,0.1163,Month-to-month,No,11,19.7,216.2,No
4083-EUGRJ,0.1255,Month-to-month,No,9,20.25,178.5,Yes
7579-OOPEC,0.3711,Month-to-month,DSL,2,50.15,115.1,Yes
0512-FLFDW,0.278,One year,Fiber optic,60,100.5,6029.0,No
1771-OADNZ,0.6268,Month-to-month,Fiber optic,29,95.9,2745.2,Yes
0487-CRLZF,0.0359,Two year,DSL,49,74.45,3721.9,No
2107-FBPTK,0.6792,Month-to-month,Fiber optic,30,104.1,3121.1,No
9451-WLYRI,0.0063,One year,No,53,19.05,990.45,No
8219-VYBVI,0.0116,Two year,No,39,25.0,1004.35,No
1991-VOPLL,0.1456,Month-to-month,No,9,19.05,157.65,No
9738-QLWTP,0.1376,One year,Fiber optic,39,81.9,3219.75,No
1016-DJTSV,0.7109,Month-to-month,Fiber optic,8,69.7,572.85,No
9419-IPPBE,0.2448,One year,Fiber optic,51,90.15,4554.85,No
0174-QRVVY,0.0026,Two year,No,71,25.35,1847.55,No
5699-BNCAS,0.0034,Two year,No,71,24.65,1766.75,No
2900-PHPLN,0.0022,Two year,No,70,19.55,1462.05,No
0612-RTZZA,0.639,Month-to-month,DSL,1,25.25,25.25,Yes
8106-GWQOK,0.0444,Two year,DSL,38,60.0,2193.2,No
8751-EDEKA,0.305,Month-to-month,Fiber optic,28,89.9,2433.5,No
6878-GGDWG,0.0433,Month-to-month,No,32,19.4,641.15,No
4039-PIMHX,0.0171,Two year,DSL,49,49.8,2398.4,No
8450-LUGUK,0.0164,Two year,No,37,24.1,861.85,No
3604-WLABM,0.2616,Month-to-month,DSL,10,54.25,583.0,No
0795-GMVQO,0.105,One year,Fiber optic,67,109.9,7332.4,No
2259-OUUSZ,0.2657,One year,DSL,7,35.5,249.55,No
1142-IHLOO,0.1706,One year,Fiber optic,51,87.55,4475.9,No
6410-LEFEN,0.3316,Month-to-month,DSL,9,45.15,416.45,Yes
4633-MKHYU,0.6624,Month-to-month,Fiber optic,9,88.4,788.6,No
6257-RJOHI,0.3141,Month-to-month,DSL,4,50.8,202.3,No
1545-JFUML,0.072,Two year,Fiber optic,71,99.0,6994.6,No
3194-ORPIK,0.3189,Month-to-month,Fiber optic,50,84.4,4116.15,Yes
7826-VVKWT,0.3359,Two year,Fiber optic,24,96.55,2263.45,No
1353-GHZOS,0.1126,One year,DSL,22,59.75,1374.35,No
2587-EKXTS,0.4772,Month-to-month,Fiber optic,44,111.5,4915.15,No
5442-BXVND,0.0543,Month-to-month,No,33,24.25,838.5,No
8816-VXNZD,0.7428,Month-to-month,Fiber optic,1,75.1,75.1,Yes
9378-FXTIZ,0.0907,One year,DSL,54,70.15,3715.65,Yes
1723-HKXJQ,0.5475,Month-to-month,Fiber optic,42,101.75,4273.45,Yes
7825-GKXMW,0.4111,Month-to-month,DSL,1,45.8,45.8,Yes
9753-OYLBX,0.2136,Month-to-month,No,1,20.5,20.5,No
2364-UFROM,0.0571,One year,DSL,30,70.4,2044.75,No
6656-JWRQX,0.4234,Month-to-month,DSL,1,30.55,30.55,No
6473-ULUHT,0.2631,Month-to-month,DSL,16,84.9,1398.25,No
1240-KNSEZ,0.2476,Month-to-month,No,1,20.1,20.1,Yes
0836-SEYLU,0.3216,Month-to-month,DSL,9,40.65,328.95,Yes
4433-JCGCG,0.5915,Month-to-month,Fiber optic,46,101.0,4680.05,Yes
3716-BDVDB,0.7024,Month-to-month,Fiber optic,1,69.1,69.1,Yes
7688-AWMDX,0.0038,Two year,DSL,71,54.5,3778.2,No
2842-BCQGE,0.2988,Month-to-month,Fiber optic,43,75.35,3161.4,No
7244-QWYHG,0.0445,One year,DSL,50,44.45,2188.45,No
5899-MQZZL,0.5875,Month-to-month,Fiber optic,13,75.0,999.45,Yes
6849-OYAMU,0.2026,One year,Fiber optic,19,100.0,1888.65,Yes
5312-UXESG,0.428,Month-to-month,Fiber optic,41,98.05,3990.6,No
9488-HGMJH,0.7384,Month-to-month,Fiber optic,1,71.15,71.15,Yes
6038-GCYEC,0.3955,Month-to-month,DSL,24,54.15,1240.25,Yes
2150-WLKUW,0.0914,One year,DSL,40,63.9,2635.0,No
7159-FVYPK,0.464,Month-to-month,DSL,3,69.15,235.0,No
7032-LMBHI,0.0823,One year,DSL,37,64.65,2347.85,No
1150-WFARN,0.0538,Two year,Fiber optic,67,108.75,7156.2,Yes
6088-BXMRG,0.5723,Month-to-month,Fiber optic,32,98.85,3089.6,No
3144-AUDBS,0.4122,Month-to-month,DSL,6,49.15,270.8,Yes
4821-SJHJV,0.3831,Month-to-month,Fiber optic,32,89.6,2901.8,No
7346-MEDWM,0.287,Month-to-month,Fiber optic,59,83.25,4949.1,No
1137-DGOWI,0.0705,One year,DSL,30,70.25,2198.9,No
5616-PRTNT,0.1151,Month-to-month,No,20,19.4,374.5,Yes
3812-LRZIR,0.034,Two year,No,27,24.5,761.95,No
4818-QIUFN,0.5712,Month-to-month,Fiber optic,20,79.15,1520.9,Yes
9483-GCPWE,0.0688,One year,No,9,20.1,190.25,No
4227-OJHAL,0.031,One year,DSL,68,73.0,5163.0,No
9220-CXRSC,0.0049,Two year,DSL,69,61.4,4059.85,No
4993-JCRGJ,0.3955,Month-to-month,Fiber optic,26,84.3,2281.6,No
9537-JALFH,0.0016,Two year,No,69,19.9,1356.7,No
6698-OXETB,0.0384,Two year,No,11,20.4,231.45,No
2103-ZRXFN,0.4192,Month-to-month,DSL,1,50.75,50.75,No
3724-BSCVH,0.0586,One year,No,10,20.45,242.4,No
4877-TSOFF,0.0336,One year,DSL,55,75.75,4264.25,No
9209-NWPGU,0.039,One year,DSL,44,65.4,2774.55,No
6961-VCPMC,0.4065,Month-to-month,Fiber optic,46,80.4,3605.2,Yes
7306-YDSOI,0.0056,Two year,DSL,69,59.75,4069.9,No
5288-AHOUP,0.7223,Month-to-month,Fiber optic,11,78.5,874.2,No
6688-UZPWD,0.7261,Month-to-month,Fiber optic,11,102.0,1145.35,Yes
0655-YDGFJ,0.1303,Month-to-month,DSL,29,48.95,1323.7,No
8468-EHYJA,0.3775,Month-to-month,Fiber optic,57,99.65,5497.05,No
6823-SIDFQ,0.0253,One year,No,28,18.25,534.7,No
1097-FSPVW,0.0654,Month-to-month,DSL,42,54.55,2455.05,No
2839-RFSQE,0.2049,Month-to-month,No,2,20.65,38.7,Yes
8328-SKJNO,0.0608,One year,DSL,23,40.65,947.4,No
7010-ZMVBF,0.0821,Month-to-month,No,18,20.45,357.0,No
5201-CBWYG,0.0054,One year,No,62,24.8,1476.25,No
0968-GSIKN,0.6167,Month-to-month,Fiber optic,1,70.8,70.8,Yes
1965-DDBWU,0.538,Month-to-month,Fiber optic,16,89.05,1448.6,Yes
9057-SIHCH,0.8189,Month-to-month,Fiber optic,3,96.6,291.9,Yes
6352-GIGGQ,0.0365,One year,DSL,67,88.8,5903.15,No
3635-QQRQD,0.0032,Two year,No,62,20.05,1201.65,No
6771-XWBDM,0.3634,Month-to-month,Fiber optic,57,104.5,5921.35,Yes
2897-DOVND,0.6914,Month-to-month,Fiber optic,2,69.8,146.65,No
3082-YVEKW,0.0592,Two year,DSL,23,77.15,1759.4,No
0191-EQUUH,0.0292,Two year,DSL,25,35.05,844.45,No
7134-HBPBS,0.0897,Two year,Fiber optic,72,108.1,7774.05,No
3489-HHPFY,0.7944,Month-to-month,Fiber optic,2,84.05,134.05,No
2926-JEJJC,0.1004,One year,No,8,20.2,140.95,No
8601-QACRS,0.4752,Month-to-month,DSL,5,50.6,249.95,Yes
4950-BDEUX,0.3061,Month-to-month,DSL,35,49.2,1701.65,No
5789-LDFXO,0.0638,One year,No,24,24.6,592.65,No
0508-OOLTO,0.6584,Month-to-month,Fiber optic,2,71.65,135.75,No
2984-TBYKU,0.0339,Two year,Fiber optic,72,104.9,7732.65,No
9822-WMWVG,0.3119,Month-to-month,Fiber optic,41,106.5,4282.4,No
2391-SOORI,0.2589,Month-to-month,DSL,4,49.35,219.65,Yes
9040-KZVWO,0.1948,One year,Fiber optic,26,75.5,2018.1,No
2645-QTLMB,0.7156,Month-to-month,Fiber optic,7,94.25,669.0,Yes
4806-HIPDW,0.7281,Month-to-month,Fiber optic,1,68.95,68.95,Yes
1548-ARAGG,0.2907,Month-to-month,DSL,4,58.5,224.85,No
6339-RZCBJ,0.0239,Two year,DSL,48,78.9,3771.5,No
4424-TKOPW,0.8587,Month-to-month,Fiber optic,2,93.85,196.75,Yes
4415-WNGVR,0.2623,One year,DSL,12,79.2,943.85,No
2522-AHJXR,0.2267,Month-to-month,Fiber optic,60,109.45,6572.85,No
0412-UCCNP,0.0135,Two year,DSL,55,59.2,3175.85,No
1816-FLZDK,0.4114,Month-to-month,DSL,1,29.15,29.15,No
7096-UCLNH,0.1961,Month-to-month,No,1,20.05,20.05,No
8443-ZRDBZ,0.7199,Month-to-month,Fiber optic,4,76.05,318.9,Yes
9136-ALYBR,0.563,Month-to-month,DSL,1,24.45,24.45,Yes
4615-PIVVU,0.0221,Two year,DSL,42,66.5,2762.75,No
8885-QSQBX,0.2697,Month-to-month,DSL,1,49.55,49.55,No
7479-NITWS,0.6523,Month-to-month,Fiber optic,7,89.35,631.85,Yes
8617-ENBDS,0.5793,Month-to-month,Fiber optic,3,73.6,232.5,No
9385-NXKDA,0.0173,Two year,DSL,72,82.65,5919.35,No
0430-IHCDJ,0.4513,Month-to-month,DSL,15,49.0,749.25,No
2959-MJHIC,0.6974,Month-to-month,Fiber optic,4,80.35,307.4,Yes
6674-KVJHG,0.1152,One year,No,11,25.2,245.15,No
1814-DKOLC,0.2134,Month-to-month,No,5,25.45,134.75,No
4201-JMNGR,0.4323,Month-to-month,DSL,1,55.8,55.8,Yes
9351-HXDMR,0.0615,Two year,Fiber optic,72,110.9,8240.85,No
3537-HPKQT,0.1867,Month-to-month,Fiber optic,55,77.75,4266.4,No
2129-ALKBS,0.0884,Month-to-month,No,40,26.2,1077.5,No
5821-MMEIL,0.0045,Two year,No,57,19.9,1115.6,No
5960-WPXQM,0.7337,Month-to-month,Fiber optic,1,79.05,79.05,Yes
0684-AOSIH,0.6898,Month-to-month,Fiber optic,1,95.0,95.0,Yes
8260-NGFNY,0.5106,Month-to-month,DSL,1,25.2,25.2,Yes
1309-XGFSN,0.1315,One year,DSL,52,80.85,4079.55,No
1866-RZZQS,0.6454,Month-to-month,Fiber optic,41,98.4,4187.75,Yes
6968-URWQU,0.0717,One year,DSL,43,56.35,2391.15,No
4742-TXUEX,0.0067,Two year,No,47,19.3,890.5,No
9631-XEYKE,0.4258,Month-to-month,DSL,3,50.4,137.25,No
8631-NBHFZ,0.0088,Two year,DSL,66,79.4,5154.6,Yes
1335-MXCSE,0.0103,Two year,DSL,55,55.25,3119.9,No
8873-TMKGR,0.0287,One year,No,29,19.1,529.5,No
8800-JOOCF,0.6883,Month-to-month,Fiber optic,12,84.05,966.55,No
1469-LBJQJ,0.3798,Month-to-month,Fiber optic,66,105.2,6936.85,No
4958-XCBDQ,0.6886,Month-to-month,Fiber optic,35,101.4,3496.3,Yes
8337-UPOAQ,0.7726,Month-to-month,Fiber optic,10,89.8,914.3,Yes
0064-YIJGF,0.4065,Month-to-month,Fiber optic,27,75.75,1929.0,No
2386-OWURY,0.3865,Month-to-month,Fiber optic,58,95.3,5817.7,No
1725-IQNIY,0.0395,Two year,Fiber optic,54,109.75,6110.2,Yes
0310-VQXAM,0.1364,Month-to-month,No,9,19.85,178.8,No
6598-RFFVI,0.0999,One year,No,2,19.3,28.3,Yes
3453-RTHJQ,0.6674,Month-to-month,Fiber optic,6,69.1,435.0,No
6712-OAWRH,0.6718,Month-to-month,Fiber optic,26,91.25,2351.8,Yes
6278-FEPBZ,0.1261,Month-to-month,No,9,20.25,186.15,No
4280-DLSHD,0.3064,Month-to-month,DSL,8,54.75,445.85,No
1508-DFXCU,0.6465,Month-to-month,Fiber optic,12,81.45,912.0,No
8614-VGMMV,0.4474,Month-to-month,DSL,15,49.1,679.55,Yes
7868-BGSZA,0.1523,One year,DSL,43,80.2,3581.6,No
2800-QQUSO,0.5352,Month-to-month,Fiber optic,42,100.3,4222.95,No
2930-UOTMB,0.084,Month-to-month,DSL,31,65.25,1994.3,Yes
7973-DZRKH,0.0258,Two year,Fiber optic,66,90.95,5930.05,No
5914-DVBWJ,0.5399,Month-to-month,Fiber optic,18,85.45,1505.85,Yes
7698-YFGEZ,0.2122,Month-to-month,No,1,20.0,20.0,No
2533-QVMSK,0.0721,Two year,Fiber optic,61,94.1,5638.3,Yes
9773-PEQBZ,0.578,Month-to-month,Fiber optic,10,79.85,797.25,No
8644-XLFBW,0.717,Month-to-month,Fiber optic,1,71.65,71.65,Yes
0650-BWOZN,0.6129,Month-to-month,Fiber optic,18,73.55,1359.45,No
8625-AZYZY,0.6671,Month-to-month,Fiber optic,24,104.65,2542.45,Yes
7785-RDVIG,0.1692,Month-to-month,No,3,19.3,54.7,No
9602-WCXPI,0.0103,One year,No,50,20.15,989.05,No
2903-YYTBW,0.434,Month-to-month,DSL,1,44.55,44.55,No
3620-MWJNE,0.2645,Month-to-month,DSL,2,54.45,87.3,No
8573-JGCZW,0.0739,One year,No,17,19.65,351.55,No
6837-HAEVO,0.11,Two year,Fiber optic,69,105.0,7297.75,No
6701-YVNQG,0.0131,Two year,DSL,72,88.7,6301.7,No
9306-CPCBC,0.752,Month-to-month,Fiber optic,3,74.25,210.3,Yes
4304-XUMGI,0.0266,Two year,DSL,50,75.15,3822.45,No
9504-YAZWB,0.0041,Two year,No,53,20.25,1048.45,No
8819-ZBYNA,0.07,Two year,Fiber optic,58,109.1,6393.65,No
6174-NRBTZ,0.0621,One year,DSL,46,30.75,1489.3,No
9481-IEBZY,0.1823,Month-to-month,Fiber optic,72,112.9,8061.5,No
1833-VGRUM,0.796,Month-to-month,Fiber optic,1,74.2,74.2,Yes
6137-NICCO,0.6256,Month-to-month,Fiber optic,6,94.05,518.75,No
9065-ZCPQX,0.0075,Two year,DSL,72,78.85,5763.15,No
6402-EJMWF,0.4306,Month-to-month,DSL,4,55.3,238.5,No
3620-EHIMZ,0.0047,Two year,No,52,19.35,1031.7,No
3213-VVOLG,0.0673,Two year,No,0,25.35,0.0,No
6870-ECSHE,0.1038,One year,No,2,20.45,34.8,No
8747-UDCOI,0.0031,Two year,No,65,19.35,1319.95,No
8374-XGEJJ,0.6013,Month-to-month,Fiber optic,43,101.0,4388.4,Yes
2656-TABEH,0.7897,Month-to-month,Fiber optic,4,100.2,420.2,Yes
6946-LMSQS,0.4422,One year,Fiber optic,25,89.05,2177.45,Yes
4626-OZDTJ,0.0696,One year,DSL,51,78.65,3950.85,No
9169-BSVIN,0.3569,Month-to-month,DSL,12,74.75,827.05,No
2325-ZUSFD,0.0498,One year,DSL,57,70.1,3913.3,Yes
8194-PEEBY,0.033,One year,No,24,19.9,533.5,No
6872-HXFNF,0.0204,One year,DSL,64,58.35,3756.45,No
3932-CMDTD,0.5027,One year,Fiber optic,4,105.65,443.9,Yes
7714-YXSMB,0.5916,Month-to-month,Fiber optic,26,100.5,2599.95,No
8387-UGUSU,0.1014,Month-to-month,No,15,20.05,284.3,No
1080-BWSYE,0.0047,Two year,No,64,25.65,1740.8,No
4039-HEUNW,0.6261,Month-to-month,Fiber optic,36,96.5,3436.1,Yes
1194-HVAIF,0.4926,Month-to-month,Fiber optic,27,95.0,2462.55,No
0812-WUPTB,0.5674,Month-to-month,Fiber optic,1,70.85,70.85,Yes
3594-UVONA,0.0897,One year,DSL,35,85.95,3110.1,Yes
0004-TLHLJ,0.661,Month-to-month,Fiber optic,4,73.9,280.85,Yes
1767-TGTKO,0.4392,Month-to-month,DSL,8,45.45,411.75,No
8439-LTUGF,0.1648,Month-to-month,No,10,20.0,198.6,No
8805-JNRAZ,0.2982,Month-to-month,DSL,2,49.2,103.7,No
5089-IFSDP,0.1041,Two year,Fiber optic,58,109.45,6144.55,Yes
6418-HNFED,0.0195,Two year,DSL,51,83.25,4089.45,No
0206-OYVOC,0.0054,Two year,No,46,19.25,864.2,No
7291-CDTMJ,0.2736,Month-to-month,No,1,19.65,19.65,No
7128-GGCNO,0.2284,Month-to-month,Fiber optic,46,72.8,3249.4,No
0237-YFUTL,0.2548,Month-to-month,Fiber optic,50,109.65,5405.8,No
7691-KGKGP,0.0491,Month-to-month,DSL,53,65.0,3363.8,No
6710-HSJRD,0.3518,Month-to-month,Fiber optic,61,114.1,7132.15,No
3675-EQOZA,0.1782,Month-to-month,No,5,20.65,93.55,No
0840-DCNZE,0.0539,One year,DSL,47,86.95,4138.9,No
1732-FEKLD,0.1969,One year,Fiber optic,54,94.75,5121.75,No
9862-KJTYK,0.335,Month-to-month,DSL,19,25.35,566.1,No
0479-HMSWA,0.1781,Two year,Fiber optic,26,105.45,2715.3,No
5854-KSRBJ,0.0026,Two year,No,70,25.4,1782.05,No
0365-BZUWY,0.6944,Month-to-month,Fiber optic,17,102.55,1742.5,No
4817-VYYWS,0.6372,Month-to-month,Fiber optic,30,100.2,2983.8,Yes
5701-SVCWR,0.2305,Month-to-month,No,1,24.0,24.0,No
3129-AAQOU,0.0252,Two year,No,19,25.6,485.9,No
4922-CVPDX,0.0776,Two year,DSL,26,73.5,1905.7,No
1396-QWFBJ,0.372,Month-to-month,Fiber optic,21,74.05,1565.7,Yes
1357-BIJKI,0.3218,One year,Fiber optic,50,98.25,4858.7,No
1099-BTKWT,0.058,One year,DSL,68,54.4,3723.65,No
5299-SJCZT,0.7049,Month-to-month,Fiber optic,3,101.55,298.35,Yes
2018-PZKMU,0.5451,Month-to-month,Fiber optic,9,103.1,970.45,No
7340-KEFQE,0.0084,Two year,DSL,51,34.2,1782.0,No
4570-QHXHL,0.4585,Month-to-month,DSL,9,43.75,405.7,No
2403-BCASL,0.3132,One year,Fiber optic,41,111.95,4534.9,Yes
7392-YYPYJ,0.7,Month-to-month,Fiber optic,22,100.65,2415.95,No
2898-LSJGD,0.2507,One year,DSL,21,55.95,1157.05,Yes
2223-GDSHL,0.0429,Two year,Fiber optic,71,116.05,8297.5,No
7359-PTSXY,0.4045,Month-to-month,DSL,1,45.75,45.75,Yes
9470-RTWDV,0.1413,One year,DSL,26,82.0,2083.1,No
2176-OSJUV,0.0049,Two year,DSL,71,65.15,4681.75,No
9348-YVOMK,0.3883,Month-to-month,DSL,4,44.8,176.2,No
8104-OSKWT,0.6053,Month-to-month,Fiber optic,12,79.8,1001.2,No
4521-YEEHE,0.6128,Month-to-month,Fiber optic,18,88.85,1594.75,No
4090-KPJIP,0.7468,Month-to-month,Fiber optic,3,74.95,212.4,No
3786-WOVKF,0.1734,One year,Fiber optic,72,106.85,7677.4,No
4503-BDXBD,0.4853,Month-to-month,Fiber optic,11,74.95,815.5,Yes
6086-ESGRL,0.5925,Month-to-month,Fiber optic,1,80.15,80.15,Yes
2592-HODOV,0.0643,One year,No,13,19.3,259.65,No
3886-CERTZ,0.1679,One year,Fiber optic,72,109.25,8109.8,Yes
7995-ZHHNZ,0.0439,One year,DSL,42,56.1,2386.85,No
3824-RHKVR,0.1029,Month-to-month,No,17,19.7,340.35,No
5816-SCGFC,0.4151,Month-to-month,DSL,7,51.3,419.35,No
5989-AXPUC,0.0415,Two year,Fiber optic,68,118.6,7990.05,No
4979-HPRFL,0.0037,Two year,No,56,24.15,1402.25,No
8590-OHDIW,0.0154,One year,No,38,20.3,749.35,No
8015-IHCGW,0.067,Two year,Fiber optic,72,115.5,8425.15,No
2332-TODQS,0.014,One year,No,48,25.05,1171.5,No
9278-VZKCD,0.4641,Month-to-month,Fiber optic,52,109.1,5647.95,No
8008-OTEZX,0.0217,One year,No,35,19.65,708.8,No
2773-OVBPK,0.0854,Two year,Fiber optic,67,111.3,7567.2,No
5999-LCXAO,0.4023,Month-to-month,DSL,1,29.9,29.9,No
5206-XZZQI,0.1621,Month-to-month,Fiber optic,53,80.6,4348.1,No
4803-LBYPN,0.0379,Month-to-month,No,34,20.8,635.9,No
5759-RCVCB,0.5129,Month-to-month,DSL,3,35.2,108.95,Yes
6372-RFVNS,0.6795,Month-to-month,Fiber optic,1,78.8,78.8,Yes
2139-FQHLM,0.3403,Month-to-month,Fiber optic,19,89.95,1682.4,No
8261-GWDBQ,0.0992,Two year,Fiber optic,60,116.05,6925.9,No
1093-YSWCA,0.0342,Two year,No,11,19.55,223.15,No
8938-UMKPI,0.5014,Month-to-month,Fiber optic,47,106.4,5127.95,Yes
0991-BRRFB,0.2022,Month-to-month,DSL,18,49.4,874.8,Yes
3882-IYOIJ,0.0429,Two year,Fiber optic,60,115.25,6758.45,No
8749-TZYEC,0.0023,Two year,No,72,24.8,1874.3,No
1755-FZQEC,0.0188,One year,No,39,19.9,791.15,No
3115-JPJDD,0.0717,One year,Fiber optic,59,81.25,4639.45,No
5600-KTXFM,0.4818,Month-to-month,Fiber optic,2,69.95,143.9,No
3871-IKPYH,0.6698,Month-to-month,Fiber optic,1,69.1,69.1,Yes
6319-IEJWJ,0.6232,Month-to-month,Fiber optic,20,90.2,1776.55,Yes
9025-AOMKI,0.726,Month-to-month,Fiber optic,6,93.55,536.4,Yes
6339-TBELP,0.0325,Two year,Fiber optic,71,86.4,6172.0,No
7964-YESJC,0.1456,Month-to-month,DSL,24,66.3,1559.45,No
6173-GOLSU,0.3275,Month-to-month,Fiber optic,67,94.65,6079.0,No
5275-SQEIZ,0.6396,Month-to-month,Fiber optic,1,80.85,80.85,Yes
7716-YTYHG,0.1912,One year,Fiber optic,48,82.05,4029.95,Yes
9938-ZREHM,0.062,One year,DSL,37,72.1,2658.4,No
7950-XWOVN,0.3123,Month-to-month,DSL,11,34.7,383.55,No
4390-KYULV,0.2163,Month-to-month,No,3,20.55,51.15,Yes
4647-MUZON,0.5846,Month-to-month,Fiber optic,18,95.95,1745.5,No
9702-AIUJO,0.0428,One year,DSL,50,44.8,2230.85,No
8849-PRIQJ,0.1397,One year,Fiber optic,67,109.4,7281.6,No
8851-RAGOV,0.1357,Month-to-month,DSL,25,71.05,1837.7,No
1304-NECVQ,0.7911,Month-to-month,Fiber optic,2,78.55,149.55,Yes
5396-IZEPB,0.123,Month-to-month,No,9,19.7,180.7,No
1729-VLAZJ,0.1171,One year,DSL,10,40.25,411.45,No
8285-ABVLB,0.0012,Two year,No,70,19.85,1328.35,No
0701-TJSEF,0.2477,Month-to-month,DSL,9,68.25,576.95,No
5712-VBOXD,0.2063,Month-to-month,No,4,20.15,68.45,No
6629-LADHQ,0.2644,Month-to-month,DSL,2,50.95,123.05,No
8945-GRKHX,0.6415,Month-to-month,Fiber optic,1,78.65,78.65,Yes
1559-DTODC,0.3685,Month-to-month,DSL,19,25.15,468.35,No
4797-MIWUM,0.1772,Month-to-month,No,7,20.25,174.7,No
6959-UWKHF,0.5455,Month-to-month,DSL,1,42.9,42.9,Yes
8720-RQSBJ,0.4794,Month-to-month,DSL,1,44.0,44.0,No
4537-CIBHB,0.072,One year,No,9,20.25,172.35,No
3815-SLMEF,0.3048,Month-to-month,DSL,3,34.25,139.35,Yes
5154-VEKBL,0.3332,Month-to-month,DSL,9,58.5,539.85,Yes
4324-AHJKS,0.2193,Month-to-month,DSL,5,55.8,300.4,No
4355-CVPVS,0.1424,One year,Fiber optic,56,88.9,4968.0,No
4495-LHSSK,0.1742,Month-to-month,DSL,18,57.65,992.7,No
5655-JSMZM,0.584,Month-to-month,Fiber optic,49,96.2,4718.25,Yes
5915-ANOEI,0.0067,Two year,DSL,70,79.15,5536.5,No
9861-PDSZP,0.0637,Two year,Fiber optic,72,108.05,7806.6,No
4505-EXZHB,0.6265,Month-to-month,Fiber optic,6,74.4,434.1,Yes
7225-CBZPL,0.7721,Month-to-month,Fiber optic,17,94.8,1563.9,No
6704-UTUKK,0.4689,Month-to-month,DSL,29,45.9,1332.4,No
4587-VVTOX,0.7639,Month-to-month,Fiber optic,6,105.3,545.2,Yes
2019-HDCZY,0.1218,Two year,Fiber optic,63,102.6,6296.75,No
4652-NNHNY,0.5525,Month-to-month,Fiber optic,16,73.85,1284.2,Yes
8788-DOXSU,0.0456,One year,DSL,59,61.35,3645.5,No
7404-JLKQG,0.4522,Month-to-month,DSL,3,57.55,161.45,No
7421-ZLUPA,0.4931,Month-to-month,DSL,8,29.25,226.95,No
8972-HJWNV,0.8022,Month-to-month,Fiber optic,7,84.55,646.85,Yes
3274-NSDWE,0.0025,Two year,No,68,19.6,1441.65,No
2632-IVXVF,0.039,Two year,Fiber optic,68,111.75,7511.3,No
3692-JHONH,0.4023,One year,Fiber optic,52,106.5,5621.85,No
8915-NNTRC,0.041,Two year,Fiber optic,72,107.7,7919.8,No
5914-GXMDA,0.0291,One year,No,32,19.3,593.2,No
7463-IFMQU,0.0021,Two year,No,72,20.05,1423.65,No
2920-RNCEZ,0.6034,Month-to-month,Fiber optic,1,69.95,69.95,No
2541-YGPKE,0.0329,One year,DSL,42,63.7,2763.35,No
8515-OCTJS,0.0216,Two year,No,25,24.75,692.1,Yes
5382-TEMLV,0.0725,Month-to-month,DSL,45,50.9,2298.55,No
3441-CGZJH,0.0804,One year,DSL,43,60.4,2640.55,No
9592-ERDKV,0.0929,One year,DSL,37,79.25,2911.8,No
2860-RANUS,0.6334,Month-to-month,Fiber optic,20,85.8,1727.5,Yes
5261-QSHQM,0.6379,Month-to-month,DSL,4,24.45,86.6,Yes
4778-IZARL,0.0394,Two year,Fiber optic,63,110.1,6705.7,No
0432-CAJZV,0.63,Month-to-month,Fiber optic,3,90.7,237.65,No
7008-LZVOZ,0.0038,Two year,No,66,25.3,1672.35,No
8868-WOZGU,0.6321,Month-to-month,Fiber optic,28,105.7,2979.5,Yes
1200-TUZHR,0.7198,Month-to-month,Fiber optic,8,85.2,695.75,No
9365-CSLBQ,0.0014,Two year,No,71,24.35,1654.6,No
1334-FJSVR,0.671,Month-to-month,DSL,1,24.25,24.25,Yes
5884-FBCTL,0.0021,Two year,No,72,25.1,1857.85,No
7130-CTCUS,0.2286,Month-to-month,DSL,16,54.55,825.1,No
6242-FEGFD,0.0201,Two year,Fiber optic,66,96.6,6424.25,No
7625-XCQRH,0.6708,Month-to-month,Fiber optic,11,76.5,837.95,Yes
6194-HBGQN,0.0381,One year,DSL,51,81.15,4126.2,No
7634-WSWDB,0.5091,Month-to-month,DSL,8,38.5,330.8,No
6986-IXNDM,0.7179,Month-to-month,Fiber optic,14,92.9,1337.45,No
1731-TVIUK,0.6741,Month-to-month,Fiber optic,4,93.5,362.2,Yes
2987-BJXIK,0.018,Two year,DSL,70,84.7,5991.05,No
9769-TSBZE,0.0063,Two year,DSL,70,66.0,4891.5,No
0406-BPDVR,0.261,One year,Fiber optic,54,101.5,5373.1,Yes
0618-XWMSS,0.265,Month-to-month,Fiber optic,28,74.9,2068.55,Yes
1395-WSWXR,0.0203,Two year,No,24,20.75,487.05,No
6023-GSSXW,0.0143,Two year,DSL,69,61.45,4131.2,No
6752-APNJL,0.0483,Month-to-month,DSL,42,54.5,2301.15,No
5276-KQWHG,0.7345,Month-to-month,Fiber optic,2,69.6,131.65,Yes
0420-HLGXF,0.6786,Month-to-month,Fiber optic,39,99.75,4036.0,No
7446-KQISO,0.11,Two year,Fiber optic,45,109.75,4900.65,No
9823-EALYC,0.0085,Two year,DSL,72,80.85,5727.45,No
0582-AVCLN,0.0074,Two year,No,38,20.3,743.05,No
5803-NQJZO,0.0064,Two year,DSL,72,67.8,4804.65,No
2565-JSLRY,0.294,Month-to-month,No,1,24.05,24.05,Yes
2607-DHDAK,0.0019,Two year,No,72,19.8,1414.65,No
1073-XXCZD,0.0049,Two year,No,55,25.7,1443.65,No
0743-HRVFF,0.1132,One year,DSL,51,56.15,2898.95,No
4006-HKYHO,0.0147,Two year,DSL,63,86.7,5309.5,No
3727-JEZTU,0.2138,Month-to-month,No,1,20.4,20.4,No
8143-ETQTI,0.024,Two year,No,23,19.65,451.55,No
6689-KXGBO,0.3907,Month-to-month,DSL,1,50.55,50.55,Yes
9667-TKTVZ,0.4108,Month-to-month,DSL,2,54.35,117.05,No
3657-COGMW,0.3007,Month-to-month,Fiber optic,52,108.1,5839.3,No
8570-KLJYJ,0.0516,One year,DSL,36,54.45,1893.5,No
7754-IXRMC,0.3582,Month-to-month,DSL,1,45.35,45.35,No
9473-CBZOP,0.0724,One year,DSL,28,59.0,1654.45,No
2969-WGHQO,0.1457,One year,DSL,7,69.45,477.05,No
6615-NGGZJ,0.7457,Month-to-month,Fiber optic,14,100.55,1415.55,Yes
4334-HOWRP,0.0179,Two year,DSL,72,64.95,4546.0,No
4255-DDUOU,0.2232,Month-to-month,No,1,20.5,20.5,Yes
5863-OOKCL,0.1376,Month-to-month,No,10,18.85,163.2,No
1686-STUHN,0.0158,One year,No,42,19.8,849.9,No
1329-VHWNP,0.4349,Month-to-month,DSL,7,25.05,189.95,No
2984-MIIZL,0.565,Month-to-month,Fiber optic,4,74.8,321.9,Yes
0266-GMEAO,0.042,Two year,Fiber optic,72,114.3,8058.55,No
5590-YRFJT,0.4224,Month-to-month,DSL,20,24.45,482.8,Yes
5574-NXZIU,0.0332,Two year,Fiber optic,63,109.2,7049.75,No
0019-GFNTW,0.0082,Two year,DSL,56,45.05,2560.1,No
4256-ZWTZI,0.3009,Month-to-month,DSL,5,51.0,286.8,No
8309-PPCED,0.0787,Two year,Fiber optic,72,110.45,7982.5,No
4098-NAUKP,0.1912,Month-to-month,Fiber optic,68,84.65,5683.6,No
5196-WPYOW,0.0058,One year,DSL,67,60.05,3994.05,No
4608-LCIMN,0.2356,Month-to-month,DSL,8,44.65,369.15,No
1485-YDHMM,0.2102,Month-to-month,Fiber optic,52,93.25,4631.7,No
4054-CUMIA,0.1099,Month-to-month,No,18,20.25,401.95,No
0603-TPMIB,0.004,Two year,No,59,25.45,1534.05,No
2525-GVKQU,0.0021,Two year,No,60,20.6,1093.0,No
8161-QYMTT,0.7922,Month-to-month,Fiber optic,7,94.1,701.3,No
9581-GVBXT,0.0211,One year,DSL,59,34.8,1980.3,No
5862-BRIXZ,0.0419,Two year,DSL,46,60.75,2893.4,No
5404-GGUKR,0.4382,Month-to-month,DSL,5,51.35,262.3,No
3308-JSGML,0.0334,Two year,DSL,59,64.05,3886.85,No
2126-GSEGL,0.023,Two year,DSL,70,84.8,5917.55,No
3677-TNKIO,0.478,Month-to-month,Fiber optic,14,71.0,914.0,Yes
0440-QEXBZ,0.1407,Month-to-month,DSL,44,50.15,2139.1,No
2434-EEVDB,0.0516,Two year,Fiber optic,64,94.6,5948.7,No
6762-QVYJO,0.0149,Two year,DSL,58,59.75,3624.35,No
6199-IWKGC,0.296,One year,Fiber optic,46,100.25,4753.85,No
2675-DHUTR,0.4794,Month-to-month,Fiber optic,58,98.9,5780.7,No
8152-VETUR,0.0873,Two year,Fiber optic,72,97.7,6869.7,No
9667-EQRXU,0.4149,Month-to-month,DSL,30,40.3,1172.95,Yes
7446-YPODE,0.2698,Month-to-month,DSL,11,60.25,662.95,No
9522-BNTHX,0.4749,Month-to-month,DSL,34,56.25,1765.95,No
4676-WLUHT,0.0179,Two year,DSL,54,46.2,2431.95,No
3329-WDIOK,0.7066,Month-to-month,DSL,3,50.6,155.35,Yes
7980-MHFLQ,0.0021,Two year,No,72,24.9,1859.2,No
2873-ZLIWT,0.2927,Month-to-month,Fiber optic,40,84.85,3303.05,Yes
3415-TAILE,0.4039,Month-to-month,DSL,2,65.7,134.35,Yes
0757-WCUUZ,0.0233,Two year,DSL,54,63.35,3409.1,No
1629-DQQVB,0.1826,Month-to-month,DSL,14,50.1,709.5,No
1915-IOFGU,0.6369,Month-to-month,Fiber optic,1,70.5,70.5,Yes
3045-XETSH,0.6934,Month-to-month,Fiber optic,10,94.85,953.45,Yes
0374-AACSZ,0.3512,Month-to-month,DSL,1,50.15,50.15,No
7239-HZZCX,0.2009,Month-to-month,No,1,19.75,19.75,Yes
4872-VXRIL,0.0251,One year,DSL,56,64.65,3665.55,No
9140-CZQZZ,0.0131,Two year,DSL,68,79.6,5515.8,No
3423-HHXAO,0.064,One year,No,14,19.5,272.0,No
9938-TKDGL,0.0488,Two year,Fiber optic,68,99.55,6668.0,No
0531-ZZJWQ,0.3551,Month-to-month,Fiber optic,55,74.0,4052.4,No
6537-QLGEX,0.4551,Month-to-month,DSL,16,38.9,664.4,No
2688-BHGOG,0.7201,Month-to-month,Fiber optic,9,79.55,718.55,No
7683-CBDKJ,0.2791,Month-to-month,DSL,14,65.45,937.6,Yes
0946-CLJTI,0.5186,Month-to-month,Fiber optic,58,98.7,5812.6,Yes
3160-TYXLT,0.1032,Month-to-month,DSL,53,46.3,2546.85,No
1325-USMEC,0.0476,Two year,Fiber optic,70,99.35,6944.5,No
0916-QOFDP,0.7783,Month-to-month,Fiber optic,14,95.8,1346.3,No
0628-CNQRM,0.0703,One year,DSL,22,67.5,1544.05,Yes
5606-AMZBO,0.5191,Month-to-month,Fiber optic,10,78.15,765.15,No
6199-IPCAO,0.0171,Two year,No,29,26.1,692.55,No
7665-TOALD,0.7054,Month-to-month,Fiber optic,1,69.6,69.6,Yes
0112-QWPNC,0.0598,One year,DSL,49,84.35,4059.35,Yes
0324-BRPCJ,0.4396,Month-to-month,Fiber optic,68,100.2,6851.65,Yes
2777-PHDEI,0.6697,Month-to-month,Fiber optic,1,78.05,78.05,Yes
5640-CAXOA,0.1263,One year,DSL,30,40.35,1187.05,No
2235-EZAIK,0.0061,Two year,DSL,72,79.2,5401.9,No
3847-BAERP,0.1625,Month-to-month,No,10,20.9,247.0,No
1196-AMORA,0.6426,Month-to-month,Fiber optic,7,73.6,520.0,Yes
4282-YMKNA,0.6945,Month-to-month,Fiber optic,9,74.75,706.6,Yes
1453-RZFON,0.2298,Month-to-month,DSL,1,49.9,49.9,No
8263-OKETD,0.2388,Month-to-month,DSL,20,68.9,1370.35,No
0670-KDOMA,0.2488,Month-to-month,No,1,20.25,20.25,No
2476-YGEFM,0.4554,Month-to-month,Fiber optic,29,76.0,2215.25,No
8687-BAFGU,0.5711,Month-to-month,Fiber optic,1,74.0,74.0,No
0641-EVBOJ,0.4298,Month-to-month,Fiber optic,3,82.3,214.4,No
0829-XXPLX,0.433,Month-to-month,Fiber optic,20,89.4,1871.15,No
9974-JFBHQ,0.1902,Month-to-month,Fiber optic,64,99.15,6171.2,No
5356-RHIPP,0.2392,Month-to-month,No,1,20.2,20.2,Yes
6624-JDRDS,0.3643,Month-to-month,DSL,6,29.45,161.45,No
0608-JDVEC,0.0075,Two year,No,50,19.8,1013.2,No
9780-FKVVF,0.3531,Month-to-month,DSL,6,59.15,336.7,No
1919-RTPQD,0.3093,Month-to-month,DSL,7,44.75,333.65,No
5214-NLTIT,0.0508,Two year,Fiber optic,72,90.8,6511.8,No
3345-PBBFH,0.333,Month-to-month,DSL,8,49.55,393.45,No
5055-BRMNE,0.0299,Two year,Fiber optic,67,106.7,7009.5,No
9189-JWSHV,0.7424,Month-to-month,Fiber optic,24,93.55,2264.05,Yes
2190-PHBHR,0.0441,Two year,Fiber optic,72,94.45,6921.7,No
2650-GYRYL,0.0349,One year,No,33,19.45,600.25,No
0746-JTRFU,0.6614,Month-to-month,DSL,2,25.05,56.35,Yes
5208-FVQKB,0.0047,Two year,DSL,70,67.95,4664.15,No
7184-LRUUR,0.1162,One year,DSL,22,65.25,1441.8,No
6627-CFOSN,0.2086,Month-to-month,Fiber optic,59,99.45,5623.7,No
3982-JGSFD,0.0289,One year,No,36,20.35,695.85,No
1574-DYCWE,0.003,Two year,No,51,19.95,1028.75,No
7247-XOZPB,0.0318,One year,DSL,53,77.4,4155.95,No
2466-FCCPT,0.0366,One year,No,20,19.7,395.6,No
6211-WWLTF,0.0453,Two year,Fiber optic,63,99.7,6330.4,No
4826-TZEVA,0.2051,Month-to-month,Fiber optic,40,74.8,2971.7,No
6016-NXBNJ,0.0242,One year,No,35,19.15,638.0,No
9138-EFSMO,0.2237,One year,Fiber optic,26,78.95,2034.25,No
0576-WNXXC,0.6264,Month-to-month,Fiber optic,27,95.55,2510.2,Yes
4632-XJMEX,0.0117,One year,DSL,53,62.85,3419.5,No
8910-LEDAG,0.284,Month-to-month,Fiber optic,34,71.55,2427.35,No
3452-GWUIN,0.7798,Month-to-month,Fiber optic,19,94.95,1760.25,No
2716-GFZOR,0.1577,Month-to-month,Fiber optic,43,86.1,3551.65,No
3724-UCSHY,0.1233,Month-to-month,No,6,19.55,122.9,No
8626-XHBIE,0.0046,Two year,No,56,24.8,1424.2,No
4628-CTTLA,0.1085,Month-to-month,DSL,57,39.3,2111.45,Yes
3192-LNKRK,0.3636,Month-to-month,Fiber optic,34,84.05,2909.95,No
4439-YRNVD,0.3265,Month-to-month,DSL,10,36.25,374.0,No
2876-VBBBL,0.2399,Month-to-month,No,1,20.25,20.25,Yes
6834-NXDCA,0.5329,Month-to-month,DSL,13,23.9,300.8,Yes
2208-UGTGR,0.3228,Month-to-month,Fiber optic,56,98.6,5581.05,No
3005-TYFRD,0.3746,Month-to-month,Fiber optic,55,103.65,5676.65,No
8670-MEFCP,0.0362,Two year,DSL,36,92.9,3379.25,No
3079-BCHLN,0.0105,One year,No,47,19.9,942.95,No
7777-UNYHB,0.1412,Month-to-month,No,12,20.1,232.4,No
5597-GLBUC,0.7376,Month-to-month,Fiber optic,1,85.45,85.45,Yes
7278-CKDNC,0.5973,Month-to-month,Fiber optic,24,80.5,2088.45,No
2748-MYRVK,0.153,One year,Fiber optic,63,99.9,6137.0,Yes
8450-UYIBU,0.4099,Month-to-month,DSL,35,39.85,1434.6,No
2969-VAPYH,0.0084,One year,DSL,67,60.5,3870.0,No
4822-YCXMX,0.6309,Month-to-month,Fiber optic,25,84.8,2043.45,Yes
7181-OQCUT,0.4925,Month-to-month,Fiber optic,21,103.85,2215.0,No
8474-UMLNT,0.154,Month-to-month,DSL,13,67.8,842.25,No
9821-POOTN,0.4637,Month-to-month,Fiber optic,35,75.2,2576.2,Yes
3836-FZSDJ,0.0034,Two year,No,71,24.85,1901.0,No
9142-XMYJH,0.0555,Month-to-month,No,29,19.35,601.6,No
6559-ILWKJ,0.0234,Two year,DSL,71,49.35,3515.25,Yes
0187-QSXOE,0.7933,Month-to-month,Fiber optic,7,89.0,605.45,No
7733-UDMTP,0.2295,Month-to-month,DSL,57,55.0,3094.05,No
2649-HWLYB,0.0093,Two year,DSL,65,76.15,4929.55,No
5214-CHIWJ,0.0282,One year,No,27,20.3,595.05,No
4229-CZMLL,0.7209,Month-to-month,Fiber optic,6,74.9,469.8,Yes
6904-JLBGY,0.065,Two year,Fiber optic,72,117.35,8436.25,No
2465-BLLEU,0.266,Month-to-month,No,1,19.75,19.75,No
1685-VAYJF,0.2505,Month-to-month,DSL,11,45.2,492.0,No
8874-EJNSR,0.0083,Two year,No,39,25.2,987.95,No
6917-YACBP,0.2533,Month-to-month,Fiber optic,59,89.75,5496.9,No
5049-MUBWG,0.0696,One year,DSL,26,75.0,1908.35,No
4223-WOZCM,0.3874,Month-to-month,DSL,2,49.95,107.1,No
0769-MURVM,0.0089,Two year,DSL,72,65.7,4575.35,No
9253-VIFJQ,0.0157,One year,DSL,65,67.05,4309.55,No
7030-FZTFM,0.0407,Two year,Fiber optic,72,110.9,7922.75,No
9741-YLNTD,0.6145,Month-to-month,Fiber optic,6,87.95,522.35,No
5917-RYRMG,0.0315,One year,No,32,19.8,587.7,No
5120-ZBLAI,0.0964,One year,DSL,50,75.7,3876.2,No
1194-BHJYC,0.0214,Two year,DSL,61,62.15,3778.85,No
3663-MITLP,0.6479,Month-to-month,Fiber optic,15,101.25,1457.25,Yes
0906-QVPMS,0.0447,Two year,Fiber optic,72,115.15,8349.45,No
9025-ZRPVR,0.2072,Month-to-month,No,9,18.95,185.6,Yes
1905-OEILC,0.2157,Month-to-month,No,1,19.5,19.5,No
7858-GTZSP,0.7227,Month-to-month,Fiber optic,12,86.55,1066.9,No
3285-UCQVC,0.0966,Month-to-month,DSL,37,28.6,973.55,Yes
6248-BSHKG,0.0049,One year,No,61,20.4,1226.45,No
4685-TFLLS,0.0396,One year,No,18,19.8,342.3,No
3470-BTGQO,0.1808,Month-to-month,DSL,21,45.65,985.05,No
1209-VFFOC,0.011,Two year,DSL,68,56.4,3948.45,No
8224-DWCKX,0.6294,Month-to-month,Fiber optic,12,73.3,828.05,No
5482-PLVPE,0.6265,Month-to-month,DSL,2,24.35,41.85,Yes
4553-DVPZG,0.4156,Month-to-month,Fiber optic,62,101.35,6164.7,No
4902-OHLSK,0.5421,Month-to-month,Fiber optic,29,98.65,2862.75,Yes
6917-IAYHD,0.3527,Month-to-month,DSL,1,33.6,33.6,No
0495-ZBNGW,0.6912,Month-to-month,Fiber optic,5,79.9,343.95,Yes
8620-RJPZN,0.2519,Month-to-month,No,1,20.7,20.7,No
7572-KPVKK,0.1022,Two year,Fiber optic,62,104.05,6590.5,No
2642-MAWLJ,0.0102,Two year,No,36,20.25,717.95,No
2357-COQEK,0.6614,Month-to-month,Fiber optic,28,103.3,2890.65,Yes
7103-ZGVNT,0.0115,One year,DSL,69,73.7,4885.85,No
3737-GCSPV,0.4972,Month-to-month,Fiber optic,11,96.2,1222.05,Yes
2027-WKXMW,0.3366,Month-to-month,Fiber optic,63,108.75,6871.7,No
7137-NAXML,0.0432,One year,No,23,20.15,405.6,No
2428-ZMCTB,0.1174,Month-to-month,No,10,19.75,208.25,No
2961-VNFKL,0.0028,Two year,No,71,25.95,1801.9,No
1768-HNVGJ,0.1603,Month-to-month,DSL,45,70.05,3062.45,No
6963-KQYQB,0.0022,Two year,No,70,24.05,1764.75,No
5934-RMPOV,0.6319,Month-to-month,Fiber optic,22,84.75,1816.75,No
1207-BLKSA,0.0053,Two year,No,52,23.05,1255.1,No
4088-YLDSU,0.252,One year,Fiber optic,55,104.15,5743.05,Yes
8316-BBQAY,0.0134,Two year,DSL,65,59.95,3921.1,No
1166-PQLGG,0.0011,Two year,No,72,19.55,1463.45,No
3146-JTQHR,0.0855,One year,No,10,19.6,189.45,No
4291-YZODP,0.0788,One year,No,7,20.05,96.8,No
4395-PZMSN,0.7036,Month-to-month,Fiber optic,5,85.55,408.5,No
6427-FEFIG,0.0568,Two year,DSL,24,78.6,1846.65,No
0017-IUDMW,0.0464,Two year,Fiber optic,72,116.8,8456.75,No
8706-HRADD,0.2449,Month-to-month,DSL,21,43.55,1011.5,No
9955-QOPOY,0.0447,One year,DSL,69,60.8,4263.4,No
4385-ZKVNW,0.0587,Month-to-month,DSL,44,54.9,2549.1,No
5446-DKWYW,0.0854,One year,DSL,61,65.2,3965.05,No
2034-CGRHZ,0.5854,Month-to-month,Fiber optic,24,102.95,2496.7,Yes
5797-APWZC,0.6934,Month-to-month,Fiber optic,1,90.6,90.6,Yes
3683-QKIUE,0.3111,Month-to-month,DSL,6,50.8,288.05,Yes
4228-ZGYUW,0.7235,Month-to-month,Fiber optic,4,90.05,368.1,Yes
9031-ZVQPT,0.0937,Two year,Fiber optic,72,108.2,7840.6,No
2990-IAJSV,0.0096,Two year,DSL,72,92.0,6632.75,No
8107-KNCIM,0.7076,Month-to-month,Fiber optic,14,75.1,1013.35,No
9027-YFHQJ,0.2465,Month-to-month,No,7,25.05,152.95,No
5176-LDKUH,0.1384,One year,Fiber optic,48,75.15,3772.65,No
4644-OBGFZ,0.0076,One year,No,55,19.5,1026.35,No
7926-IJOOU,0.1797,Month-to-month,No,1,19.3,19.3,No
6480-YAGIY,0.0837,One year,Fiber optic,45,112.2,5031.85,No
4029-HPFVY,0.5932,Month-to-month,Fiber optic,3,70.3,220.4,No
7602-DBTOU,0.0012,Two year,No,71,19.6,1416.5,No
5345-BMKWB,0.1555,Month-to-month,No,8,20.25,158.35,No
3519-ZKXGG,0.7507,Month-to-month,Fiber optic,3,75.85,256.6,Yes
5457-COLHT,0.0068,Two year,DSL,69,80.65,5542.55,No
6416-TVAIH,0.6768,Month-to-month,Fiber optic,1,68.5,68.5,Yes
5451-YHYPW,0.0695,Two year,Fiber optic,72,115.75,8443.7,No
5108-ADXWO,0.5121,Month-to-month,Fiber optic,11,73.5,791.75,Yes
7998-WNZEM,0.0077,Two year,DSL,71,80.6,5708.2,No
3066-RRJIO,0.6242,Month-to-month,Fiber optic,1,69.95,69.95,Yes
4664-NJCMS,0.0465,Two year,DSL,33,59.55,2016.3,No
0307-BCOPK,0.0583,One year,No,16,19.05,326.65,No
7629-WFGLW,0.0905,One year,Fiber optic,56,95.65,5471.75,No
2542-HYGIQ,0.2037,Month-to-month,No,1,19.95,19.95,No
6715-OFDBP,0.5729,Month-to-month,DSL,5,70.05,346.4,Yes
5016-LIPDW,0.0064,One year,No,57,19.4,1061.6,No
6481-LXPWL,0.0357,One year,DSL,56,36.1,1971.5,No
1567-DSCIC,0.6829,Month-to-month,Fiber optic,8,94.0,773.65,Yes
2150-UWTFY,0.1025,Month-to-month,DSL,22,61.15,1422.05,Yes
6124-ACRHJ,0.2152,Month-to-month,No,1,19.75,19.75,No
9362-MWODR,0.0801,Month-to-month,DSL,40,64.1,2460.35,No
9975-GPKZU,0.0047,Two year,No,46,19.75,856.5,No
9625-RZFUK,0.0023,Two year,No,63,19.7,1275.85,No
5153-LXKDT,0.0827,Two year,Fiber optic,68,110.2,7467.5,No
5161-UBZXI,0.0269,Two year,Fiber optic,69,106.35,7261.75,No
1020-JPQOW,0.1682,Month-to-month,Fiber optic,56,90.55,5116.6,No
7919-ZODZZ,0.1835,One year,DSL,10,65.9,660.05,No
0565-JUPYD,0.0568,One year,Fiber optic,63,104.5,6590.8,No
6867-ACCZI,0.0465,Two year,DSL,24,52.5,1208.15,No
5939-XAIXZ,0.3133,Month-to-month,DSL,19,56.1,1033.9,No
9054-FOWNV,0.5956,Month-to-month,Fiber optic,22,88.75,1885.15,No
2683-BPJSO,0.4173,Month-to-month,Fiber optic,29,84.45,2467.1,Yes
2157-MXBJS,0.3085,One year,DSL,13,75.3,989.45,Yes
8207-VVMYB,0.0053,Two year,No,70,26.0,2006.95,No
9732-EQMWY,0.3863,Month-to-month,Fiber optic,49,99.4,5025.0,No
9360-AHGNL,0.2292,One year,Fiber optic,43,109.55,4830.25,Yes
1087-UDSIH,0.2621,Month-to-month,No,3,19.6,59.75,Yes
5269-NRGDP,0.0896,One year,DSL,42,73.15,3088.25,No
6195-MELTI,0.022,One year,DSL,57,54.65,3134.7,No
5485-WUYWF,0.3677,Month-to-month,DSL,2,66.4,94.55,Yes
2121-JAFOM,0.0529,Two year,Fiber optic,72,115.55,8312.4,No
8818-DOPVL,0.6143,Month-to-month,Fiber optic,46,104.45,4863.85,No
2632-UCGVD,0.3164,Month-to-month,Fiber optic,66,100.05,6871.9,Yes
5445-PZWGX,0.1001,One year,Fiber optic,62,102.0,6529.25,Yes
1227-UDMZR,0.0176,Two year,DSL,72,91.15,6637.9,No
5198-HQAEN,0.2158,One year,Fiber optic,35,89.7,3165.6,No
9170-CCKOU,0.2947,Month-to-month,Fiber optic,17,90.2,1454.15,Yes
2167-FQSTQ,0.0232,Two year,DSL,72,92.4,6786.1,No
2819-GWENI,0.0265,One year,No,28,19.9,543.0,No
1043-YCUTE,0.0058,Two year,No,56,25.15,1327.15,Yes
3814-MLAXC,0.328,Month-to-month,Fiber optic,31,79.85,2404.15,Yes
3572-UUHRS,0.015,One year,No,45,18.85,867.3,No
2692-PFYTJ,0.3431,Month-to-month,No,1,25.75,25.75,No
1226-UDFZR,0.3851,Month-to-month,DSL,2,49.6,114.7,Yes
5955-EPOAZ,0.2305,Month-to-month,No,6,20.95,109.5,No
6821-JPCDC,0.2846,One year,Fiber optic,48,97.05,4692.95,No
8815-LMFLX,0.1081,Month-to-month,No,25,25.4,546.85,No
9135-HSWOC,0.0027,Two year,No,64,19.7,1274.05,No
8582-KRHPJ,0.0828,Month-to-month,DSL,50,35.0,1782.4,No
5811-IWXYM,0.1957,One year,Fiber optic,52,101.25,5301.1,No
7044-YAACC,0.7534,Month-to-month,Fiber optic,4,70.2,280.35,No
8189-XRIKE,0.5505,Month-to-month,Fiber optic,32,90.95,2897.95,No
1506-YJTYT,0.0136,Two year,DSL,45,73.85,3371.0,No
4123-DVHPH,0.6597,Month-to-month,Fiber optic,9,88.05,801.3,No
6425-YQLLO,0.1832,One year,Fiber optic,66,105.95,6975.25,Yes
5442-UTCVD,0.6282,Month-to-month,Fiber optic,3,91.85,257.05,Yes
2228-BZDEE,0.0047,Two year,No,54,20.1,1079.45,No
7734-DBOAI,0.4743,Month-to-month,DSL,1,40.1,40.1,Yes
2789-CZANW,0.0424,Two year,Fiber optic,64,110.3,6997.3,No
2091-RFFBA,0.5515,Month-to-month,Fiber optic,31,73.9,2217.15,Yes
2114-MGINA,0.6093,Month-to-month,Fiber optic,14,89.8,1129.1,Yes
7596-LDUXP,0.3325,One year,Fiber optic,12,85.15,979.05,No
3740-RLMVT,0.0138,One year,DSL,67,60.95,4119.4,No
4489-SNOJF,0.1278,Month-to-month,DSL,35,72.25,2568.55,Yes
2192-OZITF,0.022,Two year,DSL,45,73.55,3349.1,No
5651-CPDND,0.2849,Month-to-month,DSL,10,46.0,492.1,No
2186-QZEYA,0.2114,Month-to-month,DSL,29,58.55,1718.95,No
1131-ALZWV,0.0507,One year,No,24,24.6,605.25,No
7729-XBTWX,0.0025,Two year,No,66,19.75,1344.5,No
9134-WYRVP,0.0851,One year,Fiber optic,51,86.35,4267.15,No
3284-SVCRO,0.0081,Two year,No,45,25.5,1121.05,No
9732-OUYRN,0.0116,One year,No,49,19.0,918.7,No
0559-CKHUS,0.0229,Two year,No,29,19.55,521.8,No
2931-SVLTV,0.2753,Month-to-month,Fiber optic,40,110.1,4469.1,No
6899-PPEEA,0.6417,Month-to-month,Fiber optic,37,96.55,3580.3,Yes
7504-UWHNB,0.3971,Month-to-month,Fiber optic,25,69.75,1729.35,No
2582-FFFZR,0.5299,Month-to-month,DSL,22,50.6,1073.3,No
8908-NMQTX,0.0119,Two year,DSL,72,65.6,4566.5,No
2187-LZGPL,0.5062,Month-to-month,DSL,7,40.1,293.3,Yes
1431-AIDJQ,0.0287,Two year,DSL,33,82.1,2603.1,No
6288-LBEAR,0.3147,Month-to-month,Fiber optic,23,79.1,1783.75,No
4597-NUCQV,0.7055,Month-to-month,Fiber optic,24,101.25,2440.15,Yes
9019-QVLZD,0.6656,Month-to-month,Fiber optic,1,79.55,79.55,Yes
8413-YNHNV,0.0117,Two year,DSL,69,90.65,6322.1,No
5808-TOTXO,0.1175,One year,No,3,20.55,57.4,No
4369-NYSCF,0.0471,One year,DSL,56,75.75,4284.65,No
6333-YDVLT,0.129,One year,Fiber optic,65,110.0,7138.65,No
5324-KTGCG,0.0055,One year,No,71,20.85,1539.75,No
5599-HVLTW,0.6407,Month-to-month,Fiber optic,14,80.35,1058.1,No
7394-LWLYN,0.7025,Month-to-month,Fiber optic,2,70.15,123.8,No
3707-LRWZD,0.3182,One year,Fiber optic,32,84.05,2781.85,Yes
6873-UDNLD,0.1255,Month-to-month,DSL,40,67.45,2731.0,No
2700-LUEVA,0.1848,Month-to-month,No,1,20.75,20.75,No
1455-ESIQH,0.7764,Month-to-month,Fiber optic,1,89.1,89.1,Yes
0958-YHXGP,0.5711,Month-to-month,Fiber optic,7,69.9,497.3,No
1101-SSWAG,0.4561,Month-to-month,DSL,15,51.1,711.15,No
2979-SXESE,0.4604,Month-to-month,Fiber optic,17,94.4,1607.2,Yes
4013-TLDHQ,0.5181,Month-to-month,Fiber optic,19,78.25,1490.95,Yes
5743-KHMNA,0.0032,Two year,No,71,25.55,1898.1,No
4194-FJARJ,0.0089,Two year,DSL,54,60.0,3273.95,No
5325-UWTWJ,0.2263,Month-to-month,Fiber optic,31,90.55,2929.75,No
3969-GYXEL,0.434,Month-to-month,Fiber optic,11,76.4,838.7,No
9208-OLGAQ,0.6742,Month-to-month,Fiber optic,18,84.95,1443.65,No
3244-CQPHU,0.0644,Two year,Fiber optic,72,110.1,7746.7,No
2674-MLXMN,0.2857,Month-to-month,Fiber optic,71,99.65,6951.15,No
9708-HPXWZ,0.4623,Month-to-month,DSL,5,45.4,214.75,No
6992-TKNYO,0.0762,One year,DSL,38,69.0,2669.45,No
4468-YDOVK,0.2895,Month-to-month,DSL,5,48.65,235.2,No
3754-DXMRT,0.5659,Month-to-month,DSL,2,44.15,92.65,Yes
5792-JALQC,0.019,Two year,DSL,52,59.85,3103.25,No
7130-VTEWQ,0.7555,Month-to-month,Fiber optic,8,75.75,606.25,Yes
2200-DSAAL,0.0377,Two year,DSL,68,80.65,5330.2,No
4302-ZYFEL,0.0044,One year,No,69,20.55,1403.1,No
9351-LZYGF,0.07,Month-to-month,DSL,42,66.4,2727.8,No
4366-CTOUZ,0.0831,Two year,Fiber optic,50,100.2,5038.45,No
6121-VZNQB,0.2659,Month-to-month,No,1,19.1,19.1,Yes
7903-CMPEY,0.73,Month-to-month,Fiber optic,1,80.3,80.3,Yes
1518-OMDIK,0.1566,Month-to-month,DSL,33,44.55,1462.6,No
6671-NGWON,0.168,Month-to-month,No,7,20.35,150.6,No
0595-ITUDF,0.1547,Month-to-month,Fiber optic,64,91.8,5960.5,No
6996-KNSML,0.6814,Month-to-month,Fiber optic,1,74.9,74.9,Yes
1955-IBMMB,0.0056,Two year,No,59,20.2,1192.3,No
0096-BXERS,0.4685,Month-to-month,DSL,6,50.35,314.55,No
3806-YAZOV,0.1867,Month-to-month,No,3,18.8,56.0,No
7998-ZLXWN,0.1111,Month-to-month,No,15,20.45,330.8,No
6253-WRFHY,0.2889,One year,DSL,13,64.75,877.35,No
9133-AYJZG,0.5623,Month-to-month,Fiber optic,23,98.7,2249.1,No
2675-OTVVJ,0.4596,Month-to-month,Fiber optic,31,89.45,2807.65,No
8680-CGLTP,0.0694,One year,DSL,29,58.75,1696.2,No
8430-TWCBX,0.0083,One year,No,49,20.7,1032.05,No
5018-GWURO,0.324,Month-to-month,Fiber optic,56,85.6,4902.8,No
6741-QRLUP,0.0146,Two year,DSL,63,80.3,4995.35,No
4737-HOBAX,0.0173,Two year,DSL,63,79.8,5034.05,No
0537-QYZZN,0.4679,Month-to-month,Fiber optic,24,79.85,1857.75,No
3340-QBBFM,0.0452,One year,DSL,36,54.1,1992.85,No
1704-NRWYE,0.7387,Month-to-month,Fiber optic,9,80.85,751.65,Yes
2592-SEIFQ,0.5548,Month-to-month,DSL,3,24.75,66.95,Yes
8200-KLNYW,0.0819,One year,DSL,21,80.9,1714.95,No
3372-CDXFJ,0.084,One year,No,13,24.5,343.6,No
4781-ZXYGU,0.2546,Month-to-month,No,1,20.15,20.15,No
7632-YUTXB,0.026,One year,No,25,20.05,520.1,No
2718-YSKCS,0.0021,Two year,No,71,19.6,1387.45,No
9896-UYMIE,0.1241,One year,Fiber optic,66,114.3,7383.7,No
0853-NWIFK,0.2206,One year,Fiber optic,45,100.3,4483.95,No
8212-CRQXP,0.4662,Month-to-month,Fiber optic,22,80.0,1706.45,No
6980-CDGFC,0.0048,One year,No,67,20.85,1327.4,No
7691-XVTZH,0.0763,Two year,Fiber optic,68,89.95,5974.3,No
2520-SGTTA,0.0508,Two year,No,0,20.0,0.0,No
7481-ATQQS,0.3936,Month-to-month,Fiber optic,49,90.85,4515.85,Yes
2277-VWCNI,0.4207,Month-to-month,DSL,4,48.75,179.85,No
1088-CNNKB,0.0169,One year,DSL,63,80.0,5040.2,No
8642-GVWRF,0.4756,Month-to-month,Fiber optic,2,79.7,165.0,Yes
1930-BZLHI,0.0655,One year,No,21,20.35,422.7,No
3400-ESFUW,0.0057,Two year,DSL,55,57.55,3046.4,Yes
5868-YTYKS,0.2327,Month-to-month,No,1,20.25,20.25,No
3525-DVKFN,0.028,Two year,No,17,19.4,358.05,No
1482-OXZSY,0.4663,Month-to-month,Fiber optic,30,100.4,2936.25,No
0377-JBKKT,0.0872,Month-to-month,DSL,22,57.95,1271.8,No
5778-BVOFB,0.3314,Month-to-month,DSL,9,59.5,530.05,No
3373-YZZYM,0.175,Month-to-month,No,1,19.2,19.2,No
2057-ZBLPD,0.6676,Month-to-month,Fiber optic,21,86.5,1808.7,Yes
0228-MAUWC,0.2153,Month-to-month,DSL,19,59.55,1144.6,No
5502-RLUYV,0.3301,Month-to-month,Fiber optic,69,103.95,7446.9,Yes
0023-HGHWL,0.7048,Month-to-month,DSL,1,25.1,25.1,Yes
7663-YJHSN,0.0383,Two year,Fiber optic,72,103.95,7556.9,No
4915-BFSXL,0.0086,Two year,DSL,70,68.95,4858.7,No
3086-RUCRN,0.1397,Month-to-month,Fiber optic,66,103.1,6595.0,No
5215-LNLDJ,0.5791,Month-to-month,DSL,7,24.7,149.05,No
7576-JMYWV,0.3821,Month-to-month,Fiber optic,46,110.2,4972.1,No
9039-RBEEE,0.1014,Month-to-month,DSL,39,48.95,1880.85,Yes
0257-KXZGU,0.1291,Month-to-month,DSL,32,62.45,2045.55,No
1307-ATKGB,0.5381,Month-to-month,Fiber optic,24,89.55,2187.15,No
8417-FMLZI,0.533,Month-to-month,Fiber optic,6,83.55,477.55,Yes
3714-XPXBW,0.1132,Month-to-month,DSL,37,78.9,2976.95,No
1850-AKQEP,0.1273,Month-to-month,No,8,20.35,178.7,No
2824-DXNKN,0.0111,Two year,DSL,72,71.45,5025.85,No
5227-JSCFE,0.0053,Two year,DSL,71,46.35,3353.4,No
0848-ZGQIJ,0.6065,Month-to-month,Fiber optic,16,94.65,1461.15,No
3621-CHYVB,0.0649,Month-to-month,DSL,57,49.9,2782.4,No
8042-RNLKO,0.0055,One year,No,66,25.45,1699.15,No
1792-UXAFY,0.5991,Month-to-month,Fiber optic,17,89.15,1496.9,Yes
5372-FBKBN,0.074,Month-to-month,No,21,20.75,452.2,No
0420-TXVSG,0.0099,Two year,DSL,66,66.1,4428.45,No
6217-TOWGS,0.4434,Month-to-month,DSL,17,75.4,1322.55,No
0515-YPMCW,0.577,Month-to-month,Fiber optic,1,70.45,70.45,Yes
0378-XSZPU,0.0131,One year,DSL,58,60.3,3563.8,Yes
1045-LTCYT,0.1297,Month-to-month,No,8,21.05,139.75,No
1544-JJMYL,0.0517,One year,DSL,27,69.35,1927.3,No
4636-JGAAI,0.3533,Month-to-month,Fiber optic,34,88.85,3000.25,No
6874-SGLHU,0.3261,One year,Fiber optic,30,97.0,3021.3,No
5951-AOFIH,0.1985,Month-to-month,DSL,33,66.4,2245.4,No
4729-XKASR,0.5485,Month-to-month,DSL,1,24.75,24.75,Yes
3059-NGMXB,0.197,Month-to-month,DSL,14,69.2,944.65,No
8652-YHIYU,0.2802,One year,Fiber optic,16,79.5,1264.2,No
5278-PNYOX,0.0739,Two year,Fiber optic,49,100.65,4917.75,No
5449-FIBXJ,0.5172,Month-to-month,Fiber optic,19,103.3,2012.7,Yes
3486-HOOGQ,0.0076,Two year,DSL,70,79.7,5743.3,No
5061-PBXFW,0.0516,Month-to-month,DSL,32,61.4,1864.65,No
8630-FJLIB,0.5708,Month-to-month,Fiber optic,18,69.8,1221.65,No
3891-NLXJB,0.0294,Two year,DSL,37,40.55,1390.85,No
4749-OJKQU,0.7207,Month-to-month,Fiber optic,4,75.65,302.35,No
0577-WHMEV,0.4152,Month-to-month,Fiber optic,16,90.7,1374.9,No
5453-AXEPF,0.5191,Month-to-month,Fiber optic,17,80.5,1336.9,No
3639-XJHKQ,0.2158,Month-to-month,DSL,19,60.6,1297.8,No
3716-LRGXK,0.095,Two year,Fiber optic,60,101.15,6067.4,No
2263-SFSQZ,0.0059,Two year,No,51,24.95,1222.25,No
9950-MTGYX,0.0152,Two year,No,28,20.3,487.95,No
3397-AVTKU,0.053,Two year,DSL,43,60.0,2548.55,No
4825-FUREZ,0.0111,Two year,No,42,20.25,835.5,No
9837-BMCLM,0.7262,Month-to-month,Fiber optic,3,78.5,242.05,Yes
2672-OJQZP,0.3742,Month-to-month,DSL,1,44.75,44.75,No
0137-UDEUO,0.1864,Month-to-month,No,3,19.85,63.75,Yes
3134-DSHVC,0.0427,Two year,Fiber optic,63,98.0,6218.45,No
6161-UUUTA,0.7685,Month-to-month,Fiber optic,3,79.9,260.9,Yes
7821-DPRQE,0.2251,Month-to-month,Fiber optic,68,107.7,7320.9,No
6543-XRMYR,0.6605,Month-to-month,Fiber optic,30,99.7,2967.35,Yes
2001-EWBQU,0.1337,Two year,Fiber optic,60,104.7,6333.8,No
4925-LMHOK,0.2276,Month-to-month,DSL,15,58.6,939.7,Yes
1608-GMEWB,0.5426,Month-to-month,Fiber optic,45,93.9,4200.25,No
6695-AMZUF,0.0076,Two year,DSL,70,86.45,5950.2,No
1455-UGQVH,0.7836,Month-to-month,Fiber optic,10,98.5,1037.75,Yes
8410-BGQXN,0.1898,Month-to-month,No,4,19.4,93.4,No
8280-MQRQN,0.4138,Month-to-month,DSL,1,50.45,50.45,Yes
1619-YWUBB,0.0048,Two year,No,68,24.95,1614.9,No
7611-YKYTC,0.2488,Month-to-month,Fiber optic,22,75.0,1573.95,No
2037-SGXHH,0.4562,Month-to-month,Fiber optic,38,94.65,3624.3,Yes
3178-FESZO,0.7067,Month-to-month,Fiber optic,1,100.25,100.25,Yes
0365-GXEZS,0.408,Month-to-month,Fiber optic,18,78.2,1468.75,No
0082-OQIQY,0.5089,Month-to-month,Fiber optic,29,94.2,2607.6,No
6087-MVHJH,0.6941,Month-to-month,Fiber optic,16,88.45,1422.1,Yes
4603-JANFB,0.6891,Month-to-month,Fiber optic,1,69.85,69.85,Yes
3018-TFTSU,0.3278,Month-to-month,Fiber optic,12,81.7,858.6,Yes
3606-SBKRY,0.2963,One year,DSL,31,50.05,1523.4,No
4806-KEXQR,0.7317,Month-to-month,Fiber optic,4,79.9,324.3,Yes
0667-NSRGI,0.0644,One year,DSL,48,69.55,3435.6,No
7083-YNSKY,0.2016,Month-to-month,No,15,25.4,399.6,Yes
6893-ODYYE,0.0595,One year,Fiber optic,50,90.1,4549.45,No
8242-JSVBO,0.3757,Month-to-month,DSL,7,44.65,322.5,No
2479-BRAMR,0.343,Month-to-month,Fiber optic,41,83.75,3273.55,Yes
9541-ZPSEA,0.0167,Two year,Fiber optic,68,80.35,5375.15,No
2665-NPTGL,0.665,Month-to-month,Fiber optic,26,98.1,2510.7,No
1139-WUOAH,0.0227,Two year,DSL,57,53.35,3090.05,No
4693-VWVBO,0.2355,Month-to-month,No,3,19.55,61.05,No
7434-SHXLS,0.199,Month-to-month,No,1,20.9,20.9,Yes
6937-GCDGQ,0.1089,One year,DSL,19,48.95,955.6,No
0988-JRWWP,0.5577,Month-to-month,DSL,3,54.2,140.4,No
5075-JSDKI,0.0063,Two year,No,59,24.45,1493.1,No
7908-QCBCA,0.618,Month-to-month,Fiber optic,1,69.4,69.4,Yes
8644-XYTSV,0.1496,Month-to-month,DSL,42,40.15,1626.05,No
6711-FLDFB,0.7106,Month-to-month,Fiber optic,7,74.9,541.15,Yes
3873-WOSBC,0.0029,Two year,No,67,25.6,1784.9,No
7465-ZZRVX,0.6878,Month-to-month,Fiber optic,1,70.35,70.35,No
7975-JMZNT,0.0125,Two year,DSL,66,91.7,6075.9,No
7251-XFOIL,0.202,Month-to-month,Fiber optic,61,89.2,5500.6,No
4116-IQRFR,0.0999,One year,No,4,24.1,73.1,No
3714-JTVOV,0.2545,Month-to-month,Fiber optic,42,74.15,3229.4,Yes
8259-DZLIZ,0.0292,One year,DSL,64,53.85,3399.85,No
0442-ZXKVS,0.2163,One year,Fiber optic,54,115.6,6431.05,No
7853-WNZSY,0.2681,Month-to-month,No,1,19.75,19.75,No
3120-FAZKD,0.0089,Two year,No,54,24.05,1230.9,No
8606-OEGQZ,0.0254,Two year,No,18,25.3,454.65,No
0225-ZORZP,0.6251,Month-to-month,Fiber optic,3,84.3,235.05,No
4702-IOQDC,0.7097,Month-to-month,Fiber optic,1,70.1,70.1,Yes
9489-JMTTN,0.0092,Two year,DSL,72,89.75,6595.9,No
0575-CUQOV,0.2825,One year,Fiber optic,60,97.95,5867.0,No
0967-BMLBD,0.0747,One year,No,11,20.0,196.35,No
6178-KFNHS,0.5448,Month-to-month,Fiber optic,12,78.3,909.25,Yes
2830-LEWOA,0.0739,One year,Fiber optic,61,103.9,6449.15,No
5006-MXVRN,0.0085,Two year,No,39,20.7,762.45,No
1264-BYWMS,0.4898,Month-to-month,Fiber optic,55,96.8,5283.95,Yes
9658-WYUFB,0.5842,Month-to-month,Fiber optic,17,94.4,1617.5,Yes
8327-WKMIE,0.0203,One year,No,37,20.15,785.75,No
6917-FIJHC,0.0036,Two year,No,72,26.0,1776.0,No
5329-KRDTM,0.0113,Two year,DSL,72,77.35,5396.25,No
7797-EJMDP,0.1863,Month-to-month,DSL,8,66.05,574.5,No
3530-VWVGU,0.0729,Month-to-month,No,22,19.9,400.3,No
2013-SGDXK,0.6367,Month-to-month,Fiber optic,1,84.3,84.3,Yes
6368-NWMCE,0.1354,Month-to-month,DSL,38,68.15,2656.3,No
3633-CDBUW,0.1305,One year,DSL,17,80.85,1445.95,No
0707-HOVVN,0.0206,Two year,DSL,70,75.5,5212.65,No
8580-QVLOC,0.0108,Two year,DSL,72,92.45,6440.25,Yes
3956-MGXOG,0.5571,Month-to-month,Fiber optic,28,80.6,2244.95,No
9274-UARKJ,0.4958,Month-to-month,Fiber optic,15,83.2,1130.0,No
4077-HWUYD,0.0146,Two year,DSL,72,87.55,6463.15,No
2012-NWRPA,0.8097,Month-to-month,Fiber optic,11,99.55,1131.2,Yes
8808-ELEHO,0.7413,Month-to-month,Fiber optic,8,81.25,585.95,Yes
0103-CSITQ,0.1841,One year,Fiber optic,57,109.4,6252.7,No
3506-LCJDC,0.1754,Month-to-month,No,1,19.95,19.95,Yes
8671-KKKOS,0.123,Month-to-month,DSL,46,45.55,2062.15,No
7305-ZWMAJ,0.0292,One year,No,30,20.7,587.1,No
9518-XXBXE,0.5265,Month-to-month,Fiber optic,10,75.3,720.45,No
3934-HXCFZ,0.5173,Month-to-month,Fiber optic,23,99.25,2186.4,Yes
6578-KRMAW,0.3028,Month-to-month,Fiber optic,32,93.4,2979.3,No
4860-IJUDE,0.4067,Month-to-month,Fiber optic,13,73.75,956.65,No
7666-WKRON,0.0971,Two year,Fiber optic,39,80.45,3201.55,Yes
9688-YGXVR,0.2642,Month-to-month,Fiber optic,44,88.15,3973.2,No
0423-UDIJQ,0.2448,Month-to-month,DSL,9,49.2,447.9,No
1945-XISKS,0.002,Two year,No,67,19.65,1335.2,No
4910-AQFFX,0.5843,Month-to-month,Fiber optic,9,79.35,661.25,Yes
2154-KVJFF,0.6014,Month-to-month,Fiber optic,15,79.75,1111.85,Yes
5360-LJCNJ,0.1117,Two year,Fiber optic,71,105.15,7555.0,No
2607-FBDFF,0.2531,Month-to-month,DSL,1,49.0,49.0,No
9647-ERGBE,0.6253,Month-to-month,Fiber optic,30,100.05,3046.15,Yes
3428-XZMAZ,0.7045,Month-to-month,Fiber optic,1,69.35,69.35,Yes
1100-DDVRV,0.4956,Month-to-month,DSL,17,49.8,836.35,No
0378-TOVMS,0.5899,Month-to-month,Fiber optic,3,85.8,272.2,Yes
4355-HBJHH,0.0279,Two year,DSL,67,79.7,5293.4,Yes
6728-WYQBC,0.2058,Month-to-month,No,1,20.95,20.95,No
9058-CBREO,0.4485,Month-to-month,DSL,1,50.55,50.55,Yes
9029-FEGVJ,0.3831,Month-to-month,Fiber optic,32,79.3,2570.0,No
7216-KAOID,0.0163,One year,No,41,19.5,798.2,No
0318-QUUOB,0.7258,Month-to-month,Fiber optic,1,80.55,80.55,Yes
6145-NNPNO,0.3794,Month-to-month,DSL,1,44.15,44.15,No
5520-FVEWJ,0.6049,Month-to-month,Fiber optic,12,84.5,916.9,Yes
5339-TJFEK,0.2811,Month-to-month,Fiber optic,62,105.5,6487.2,No
5572-ZDXHY,0.4712,Month-to-month,Fiber optic,22,84.3,1855.65,Yes
2074-GUHPQ,0.3811,Month-to-month,Fiber optic,17,92.7,1556.85,No
4625-XMOYM,0.0042,Two year,No,72,26.25,1988.05,No
5827-MWCZK,0.1865,Month-to-month,Fiber optic,56,96.95,5432.2,No
1385-TQOZW,0.1965,Month-to-month,No,9,20.45,147.55,No
5914-XRFQB,0.0561,Two year,Fiber optic,72,115.8,8424.9,No
4329-YPDDQ,0.3891,Month-to-month,Fiber optic,20,108.2,2203.7,No
4804-NCPET,0.0225,Two year,No,19,20.2,387.4,No
3750-CKVKH,0.693,Month-to-month,Fiber optic,2,67.75,116.65,Yes
5944-UGLLK,0.0604,One year,DSL,53,54.9,3045.75,No
8063-GBATB,0.6731,Month-to-month,Fiber optic,27,85.25,2287.25,Yes
7787-BNTZM,0.1628,Month-to-month,No,6,20.15,130.5,No
2252-ISRNH,0.5061,One year,Fiber optic,9,90.35,767.9,No
9415-TPKRV,0.3697,Month-to-month,DSL,8,55.75,446.8,No
5322-TEUJK,0.0379,Two year,Fiber optic,71,114.6,8100.25,No
4547-KQRTM,0.59,Month-to-month,Fiber optic,10,80.05,830.7,Yes
4877-EVATK,0.2122,Month-to-month,No,1,20.0,20.0,Yes
1866-DIOQZ,0.019,One year,DSL,71,66.8,4689.15,No
8375-KVTHK,0.1347,One year,Fiber optic,68,100.3,6754.35,No
2697-NQBPF,0.5439,Month-to-month,Fiber optic,34,105.35,3540.65,No
3709-OIJEA,0.213,One year,Fiber optic,26,85.2,2184.6,No
7639-SUPCW,0.1799,Month-to-month,DSL,22,48.8,1054.6,Yes
1386-ZIKUV,0.201,Month-to-month,No,7,18.95,130.55,No
0599-XNYDO,0.4795,Month-to-month,Fiber optic,20,69.8,1540.35,No
6377-WHAOX,0.4372,Month-to-month,Fiber optic,60,106.15,6411.25,No
6855-VLGOS,0.002,Two year,No,72,20.55,1432.55,No
8999-XXGNS,0.1823,One year,Fiber optic,72,105.75,7629.85,No
8746-OQQRW,0.2384,Month-to-month,No,4,25.25,101.9,No
3181-MIZBN,0.1172,Month-to-month,No,16,19.75,313.4,No
0471-ARVMX,0.2401,One year,Fiber optic,62,104.85,6312.9,No
7766-CLTIC,0.3069,Month-to-month,DSL,10,60.95,629.55,No
5650-YLIBA,0.4915,Month-to-month,Fiber optic,31,81.15,2640.55,No
0825-CPPQH,0.0011,Two year,No,71,19.1,1372.45,No
9084-OAYKL,0.0025,Two year,No,58,20.8,1212.25,No
6122-LJADA,0.0135,Two year,DSL,70,90.15,6237.05,No
2400-XIWIO,0.0137,Two year,DSL,71,90.1,6310.9,No
7524-VRLPL,0.0097,Two year,DSL,69,74.1,5031.0,No
1069-XAIEM,0.8175,Month-to-month,Fiber optic,1,85.05,85.05,Yes
7569-NMZYQ,0.0518,Two year,Fiber optic,72,118.75,8672.45,No
5201-USSQZ,0.2708,Month-to-month,Fiber optic,26,85.9,2196.45,No
2105-PHWON,0.3843,Month-to-month,Fiber optic,33,95.0,3008.15,No
1494-EJZDW,0.0362,Two year,No,10,20.15,220.8,No
4884-TVUQF,0.049,Two year,Fiber optic,57,101.3,5779.6,No
8003-EWNDZ,0.2398,Month-to-month,No,10,21.2,222.65,No
1897-RCFUM,0.0229,One year,No,39,24.2,914.6,No
9256-JTBNZ,0.1391,Month-to-month,No,11,20.3,246.3,No
4658-HCOHW,0.5206,Month-to-month,Fiber optic,21,102.8,2110.15,Yes
2211-RMNHO,0.0128,Two year,DSL,68,85.3,5560.0,No
2432-TFSMK,0.4334,One year,Fiber optic,18,89.6,1633.0,No
3440-JPSCL,0.6029,Month-to-month,Fiber optic,6,99.95,547.65,Yes
4929-ROART,0.1863,Month-to-month,DSL,18,56.25,969.85,No
1834-ABKHQ,0.0421,One year,DSL,52,50.95,2610.65,No
1741-WTPON,0.052,Two year,Fiber optic,56,115.85,6567.9,No
3932-IJWDZ,0.3906,Month-to-month,Fiber optic,45,103.65,4747.85,No
1240-HCBOH,0.0032,Two year,No,67,26.1,1759.55,No
3594-KADLU,0.3215,Month-to-month,DSL,3,35.1,101.1,No
8065-BVEPF,0.2907,Month-to-month,Fiber optic,65,99.1,6496.15,No
3796-ENZGF,0.0113,Two year,DSL,63,67.25,4234.15,No
1734-ZMNTZ,0.0376,Two year,No,11,25.0,300.7,No
2853-CWQFQ,0.3616,Month-to-month,DSL,1,59.55,59.55,No
0813-TAXXS,0.0565,Two year,DSL,55,77.8,4323.35,No
2519-TWKFS,0.0907,One year,DSL,25,55.1,1466.1,No
2889-FPWRM,0.1175,One year,Fiber optic,72,117.8,8684.8,Yes
0626-QXNGV,0.0023,Two year,No,72,24.15,1776.45,No
6723-CEGQI,0.0093,Two year,DSL,65,45.25,2933.95,No
6987-XQSJT,0.3481,Month-to-month,Fiber optic,54,79.5,4370.25,Yes
4732-RRJZC,0.1381,Month-to-month,No,7,20.25,144.35,No
9499-XPZXM,0.0045,Two year,DSL,72,64.75,4804.75,No
4338-EYCER,0.227,Month-to-month,DSL,21,54.6,1125.2,No
3007-FDPEA,0.2779,Month-to-month,No,2,20.7,39.85,No
6350-XFYGW,0.7979,Month-to-month,Fiber optic,4,94.75,422.4,No
4290-BSXUX,0.5747,Month-to-month,Fiber optic,3,79.65,251.75,Yes
8513-OLYGY,0.0403,Two year,Fiber optic,72,115.8,8332.15,No
0311-QYWSS,0.3735,Month-to-month,DSL,6,49.45,314.6,No
8705-DWKTI,0.2542,Month-to-month,Fiber optic,52,83.8,4331.4,No
8755-IWJHN,0.255,Month-to-month,Fiber optic,69,95.35,6382.0,No
0325-XBFAC,0.7215,Month-to-month,Fiber optic,8,94.7,740.3,Yes
4480-QQRHC,0.6578,Month-to-month,Fiber optic,8,74.05,600.15,No
0929-PECLO,0.3211,Month-to-month,Fiber optic,63,89.6,5538.8,No
3680-CTHUH,0.1317,One year,Fiber optic,60,116.6,7049.5,No
1202-KKGFU,0.1415,Month-to-month,DSL,12,54.2,690.5,No
6112-KTHFQ,0.1782,Month-to-month,No,13,19.3,279.3,No
1852-XEMDW,0.1351,Month-to-month,DSL,22,65.05,1427.55,No
2462-XIIJB,0.7357,Month-to-month,Fiber optic,5,92.5,452.7,Yes
4760-XOHVN,0.1888,Month-to-month,No,1,19.45,19.45,Yes
1820-DJFPH,0.0031,Two year,No,72,24.05,1709.15,No
9426-SXNHE,0.1969,Month-to-month,No,2,18.75,53.15,No
9068-FHQHD,0.007,Two year,No,40,20.15,777.35,No
1269-FOYWN,0.0116,One year,No,44,20.0,860.85,No
9470-YFUYI,0.0178,One year,DSL,71,71.0,5012.1,No
7817-BOQPW,0.7366,Month-to-month,Fiber optic,2,75.55,166.3,Yes
7402-EYFXX,0.7356,Month-to-month,Fiber optic,26,93.6,2404.1,No
1853-UDXBW,0.6651,Month-to-month,Fiber optic,1,70.0,70.0,Yes
9895-VFOXH,0.489,Month-to-month,DSL,1,24.4,24.4,No
5458-CQJTA,0.0103,Two year,DSL,65,74.8,4820.15,Yes
1230-QAJDW,0.4064,Month-to-month,DSL,3,65.25,209.9,No
5701-ZIKJE,0.2367,Month-to-month,DSL,13,50.55,610.75,No
5219-YIPTK,0.6036,Month-to-month,Fiber optic,33,104.4,3409.6,Yes
5032-MIYKT,0.6424,Month-to-month,Fiber optic,1,70.7,70.7,No
7396-VJUZB,0.2823,Month-to-month,DSL,4,45.25,155.35,No
9717-QEBGU,0.69,Month-to-month,Fiber optic,2,70.3,144.0,No
5172-RKOCB,0.0471,Two year,Fiber optic,72,108.95,7875.0,No
6509-TSGWN,0.0431,Month-to-month,No,37,26.45,911.6,No
3540-RZJYU,0.4489,Month-to-month,Fiber optic,15,86.2,1270.2,Yes
3178-CIFOT,0.0581,One year,No,23,19.65,478.1,No
2091-MJTFX,0.192,Month-to-month,DSL,30,51.2,1561.5,Yes
4530-NDRKU,0.0309,One year,No,42,19.05,761.85,No
5985-TBABQ,0.1105,One year,DSL,32,74.75,2282.95,No
9800-ONTFE,0.5084,Month-to-month,Fiber optic,22,75.8,1615.1,No
6743-HHQPF,0.1307,Month-to-month,DSL,42,25.1,1097.15,No
8455-HIRAQ,0.278,Month-to-month,DSL,8,44.45,369.3,No
6616-AALSR,0.0678,Two year,Fiber optic,65,104.3,6725.3,No
0883-EIBTI,0.1748,Month-to-month,No,2,19.5,31.55,Yes
9415-ZNBSX,0.0143,Two year,DSL,70,89.0,6293.2,No
4018-KJYUY,0.053,Month-to-month,No,22,20.15,432.5,No
0722-TROQR,0.751,Month-to-month,Fiber optic,4,74.9,321.75,Yes
7571-YXDAD,0.5944,Month-to-month,Fiber optic,2,74.9,147.15,Yes
3884-UEBXB,0.0054,Two year,DSL,67,36.15,2434.45,No
8780-RSYYU,0.0872,Month-to-month,No,25,19.2,532.1,No
5537-UXXVS,0.0869,Month-to-month,No,20,19.25,375.25,No
1791-PQHBB,0.3331,Month-to-month,DSL,2,61.2,125.95,No
8701-DGLVH,0.0045,Two year,No,51,20.45,1042.65,No
8741-LQOBK,0.0629,Month-to-month,DSL,46,35.05,1620.25,No
3393-FMZPV,0.6514,Month-to-month,Fiber optic,25,100.25,2387.75,Yes
8082-GHXOP,0.2187,Month-to-month,DSL,13,44.0,659.35,No
6402-ZFPPI,0.5527,Month-to-month,Fiber optic,25,102.8,2660.2,Yes
0980-FEXWF,0.0718,One year,DSL,26,50.35,1285.8,No
7486-KSRVI,0.3009,One year,Fiber optic,43,100.0,4211.55,Yes
3011-WQKSZ,0.1574,Month-to-month,No,19,20.0,377.55,No
8443-WVPSS,0.5717,Month-to-month,Fiber optic,10,99.85,990.9,Yes
3006-XIMLN,0.7188,Month-to-month,Fiber optic,2,94.2,193.8,Yes
8218-FFJDS,0.0153,Two year,DSL,72,86.4,6058.95,No
1986-PHGZF,0.249,Month-to-month,DSL,18,58.4,964.9,No
9965-YOKZB,0.7941,Month-to-month,Fiber optic,9,83.85,790.15,Yes
0504-HHAPI,0.4819,Month-to-month,Fiber optic,27,88.3,2467.75,Yes
9360-OMDZZ,0.7084,Month-to-month,Fiber optic,24,94.1,2322.85,No
6305-YLBMM,0.1104,One year,Fiber optic,69,104.05,7262.0,Yes
0345-XMMUG,0.116,Two year,Fiber optic,46,108.9,4854.3,No
8024-XNAFQ,0.0523,Two year,Fiber optic,72,107.4,7748.75,No
3647-GMGDH,0.525,Month-to-month,Fiber optic,22,94.7,1914.9,Yes
2988-GBIVW,0.2581,Month-to-month,Fiber optic,70,90.85,6470.1,No
2832-SCUCO,0.2613,Month-to-month,No,2,19.9,57.4,No
7036-ZZKBD,0.1402,Month-to-month,DSL,31,66.4,2019.8,No
3791-LGQCY,0.4792,Month-to-month,Fiber optic,56,100.65,5688.05,Yes
0265-PSUAE,0.4108,Month-to-month,Fiber optic,16,100.7,1522.7,No
0463-TXOAK,0.0064,Two year,No,52,25.6,1334.5,No
0594-UFTUL,0.1171,Month-to-month,No,13,19.85,252.0,No
9509-MPYOD,0.0211,One year,No,35,20.75,700.45,No
9128-CPXKI,0.099,Two year,Fiber optic,59,95.8,5655.45,No
0129-KPTWJ,0.2901,Month-to-month,Fiber optic,72,94.65,6747.35,No
8166-ZZTFS,0.0408,Two year,DSL,66,80.55,5265.1,Yes
5855-EIBDE,0.0468,Two year,Fiber optic,49,106.65,5174.35,No
5365-LLFYV,0.4234,Month-to-month,DSL,2,45.85,105.6,No
5956-YHHRX,0.7624,Month-to-month,Fiber optic,21,104.35,2271.85,No
6008-NAIXK,0.1613,One year,DSL,54,55.45,2966.95,No
2956-GGUCQ,0.5308,Month-to-month,Fiber optic,24,78.85,1772.25,Yes
1928-BXYIV,0.3194,Month-to-month,DSL,1,61.15,61.15,No
5760-FXFVO,0.5449,Month-to-month,Fiber optic,6,78.95,494.95,No
6595-COKXZ,0.4465,Month-to-month,DSL,1,44.45,44.45,Yes
0961-ZWLVI,0.1734,One year,Fiber optic,49,109.2,5290.45,No
5181-OABFK,0.0079,Two year,DSL,56,61.3,3346.8,No
4007-NHVHI,0.3386,Month-to-month,Fiber optic,56,96.85,5219.65,No
7816-VGHTO,0.1051,Two year,DSL,6,40.55,217.5,No
5871-DGTXZ,0.0245,One year,No,32,19.8,607.7,No
7550-WIQVA,0.2363,One year,Fiber optic,50,108.25,5431.4,No
7544-ZVIKX,0.1835,One year,Fiber optic,58,105.05,6004.85,No
0016-QLJIS,0.0176,Two year,DSL,65,90.45,5957.9,No
7508-DQAKK,0.0203,Two year,DSL,64,86.4,5442.05,No
5176-OLSKT,0.0083,Two year,DSL,66,66.9,4370.25,No
9356-AXGMP,0.282,One year,Fiber optic,38,110.7,4428.6,No
3556-BVQGL,0.0626,One year,No,20,20.0,416.45,No
0362-ZBZWJ,0.5441,Month-to-month,Fiber optic,36,84.9,3067.2,Yes
8979-CAMGB,0.1903,One year,Fiber optic,64,102.1,6688.1,No
4211-MMAZN,0.1958,Month-to-month,No,1,20.25,20.25,Yes
7581-EBBOU,0.0294,One year,DSL,60,70.15,4224.7,No
4274-OWWYO,0.6587,Month-to-month,Fiber optic,1,74.35,74.35,Yes
5073-RZGBK,0.0356,One year,DSL,50,80.05,4042.2,No
1541-ETJZO,0.3226,Month-to-month,DSL,1,62.05,62.05,Yes
2192-CKRLV,0.0186,Two year,DSL,72,49.2,3580.95,No
3154-HMWUU,0.0053,Two year,No,60,20.5,1198.8,No
6119-SPUDB,0.0122,Two year,DSL,46,38.25,1755.35,No
6522-OIQSX,0.024,Two year,DSL,69,54.95,3772.5,No
7813-ZGGAW,0.4269,Month-to-month,Fiber optic,31,96.6,2877.95,No
8748-HFWBO,0.0422,One year,No,19,19.9,357.7,No
1052-QJIBV,0.0014,Two year,No,71,19.9,1397.3,No
1319-YLZJG,0.4575,Month-to-month,Fiber optic,12,84.6,959.9,No
4106-HADHQ,0.0384,One year,DSL,39,80.0,3182.95,Yes
0723-FDLAY,0.091,One year,DSL,44,85.25,3704.15,No
3050-RLLXC,0.0108,Two year,DSL,56,81.25,4620.4,No
9298-WGMRW,0.0611,Two year,Fiber optic,72,115.5,8312.75,No
2369-UAPKZ,0.5881,Month-to-month,Fiber optic,5,104.1,541.9,Yes
3088-LHEFH,0.4891,Month-to-month,Fiber optic,11,79.0,929.3,No
2778-OCLGR,0.2657,Month-to-month,DSL,24,39.1,971.3,Yes
6583-KQJLK,0.7026,Month-to-month,Fiber optic,15,94.65,1285.05,No
8544-JNBOX,0.0016,Two year,No,72,20.8,1521.2,No
6681-ZSEXG,0.0151,Two year,DSL,56,59.5,3389.25,No
6139-ZZRBQ,0.0034,Two year,No,64,20.05,1198.05,No
6116-RFVHN,0.6196,Month-to-month,Fiber optic,34,100.45,3414.65,No
0637-KVDLV,0.7445,Month-to-month,Fiber optic,2,76.5,162.45,Yes
8884-FEEWR,0.0238,One year,No,35,20.6,754.0,No
3125-RAHBV,0.0359,One year,No,22,20.3,467.15,No
6633-MPWBS,0.4213,Month-to-month,DSL,5,49.2,216.9,Yes
0373-AIVNJ,0.1478,One year,DSL,9,39.55,373.0,No
8785-EPNCG,0.1768,Month-to-month,No,11,23.15,245.2,Yes
1682-VCOIO,0.0391,One year,No,23,20.45,481.1,No
5729-KLZAR,0.5803,Month-to-month,Fiber optic,4,80.85,302.75,Yes
2072-ZVJJX,0.003,Two year,No,68,25.25,1728.2,No
8849-AYPTR,0.4486,Month-to-month,Fiber optic,33,91.25,2964.05,No
9518-IMLHK,0.1117,Month-to-month,DSL,31,72.45,2156.25,No
1582-RAFML,0.3085,Month-to-month,DSL,1,60.1,60.1,Yes
3646-ITDGM,0.0048,Two year,No,56,19.7,1051.9,No
8740-CRYFY,0.7341,Month-to-month,Fiber optic,1,78.95,78.95,Yes
3569-VLDHH,0.0191,One year,DSL,66,75.1,5013.0,No
8224-KDLKN,0.0018,Two year,No,72,25.0,1738.9,No
7594-LZNWR,0.2708,Month-to-month,Fiber optic,34,69.15,2275.1,No
4001-TSBTV,0.2874,Month-to-month,Fiber optic,58,91.55,5511.65,No
2962-XPMCQ,0.4927,Month-to-month,DSL,2,45.15,98.5,Yes
8727-XDPUD,0.0491,Two year,DSL,37,35.8,1316.9,No
1043-UXOVO,0.0518,Two year,Fiber optic,71,113.15,7993.3,No
1064-FBXNK,0.1022,One year,No,1,19.85,19.85,No
3996-ZNWYK,0.0012,Two year,No,71,19.8,1388.45,No
2878-DHMIN,0.027,One year,No,35,19.9,666.0,No
7762-ONLJY,0.0727,One year,No,6,19.7,94.45,No
1678-FYZOW,0.7423,Month-to-month,Fiber optic,3,79.4,244.65,Yes
5795-BKOYE,0.0078,One year,DSL,69,59.1,4134.7,No
8627-EHGIP,0.1169,One year,DSL,44,53.95,2375.4,Yes
7402-PWYJJ,0.2145,One year,Fiber optic,53,91.15,4862.5,No
5480-TBGPH,0.5315,Month-to-month,Fiber optic,24,99.3,2431.35,Yes
0018-NYROU,0.6979,Month-to-month,Fiber optic,5,68.95,351.5,No
7501-VTYLJ,0.2725,Month-to-month,DSL,2,51.55,106.2,No
7608-RGIRO,0.0053,Two year,No,62,24.4,1413.0,No
0480-BIXDE,0.6661,Month-to-month,Fiber optic,19,96.8,1743.05,No
5895-QSXOD,0.461,Month-to-month,Fiber optic,9,70.05,657.5,No
9814-AOUDH,0.0031,Two year,No,53,19.5,1050.5,No
6175-IRFIT,0.5525,Month-to-month,Fiber optic,5,78.75,426.35,No
8760-ZRHKE,0.0291,One year,DSL,71,69.2,4982.5,No
1622-HSHSF,0.282,Month-to-month,No,1,19.55,19.55,No
8854-CCVSQ,0.5797,Month-to-month,Fiber optic,18,80.65,1451.9,Yes
6749-UTDVX,0.1212,Two year,Fiber optic,72,103.65,7634.8,No
5542-DHSXL,0.208,Month-to-month,DSL,4,54.7,235.05,No
9102-OXKFY,0.0124,Two year,DSL,59,54.15,3116.15,No
0511-JTEOY,0.534,Month-to-month,Fiber optic,1,71.1,71.1,Yes
5216-WASFJ,0.6447,Month-to-month,Fiber optic,31,84.85,2633.4,No
7808-DVWEP,0.1794,Month-to-month,No,3,20.0,49.65,No
7067-KSAZT,0.3122,One year,Fiber optic,65,106.25,6979.8,Yes
2284-VFLKH,0.1771,One year,Fiber optic,49,99.25,4920.8,No
0366-NQSHS,0.2055,Month-to-month,No,2,19.35,46.35,No
6532-YLWSI,0.0104,One year,No,53,20.8,1021.8,Yes
3807-BPOMJ,0.2087,One year,Fiber optic,55,94.75,5276.1,No
3892-NXAZG,0.0435,Two year,Fiber optic,72,114.05,8289.2,No
4948-WBBKL,0.4694,Month-to-month,Fiber optic,36,74.9,2659.45,No
4182-BGSIQ,0.1881,Month-to-month,No,10,19.8,196.75,No
9300-AGZNL,0.8616,Month-to-month,Fiber optic,1,94.0,94.0,Yes
0988-AADSA,0.0061,Two year,DSL,72,80.85,5824.75,No
9972-NKTFD,0.0988,Month-to-month,DSL,28,54.65,1517.5,No
3717-LNXKW,0.3029,Month-to-month,Fiber optic,38,91.7,3479.05,No
5734-EJKXG,0.1783,One year,Fiber optic,61,118.6,7365.7,No
2207-RYYRL,0.0055,Two year,No,52,24.55,1331.05,No
6729-FZWSY,0.0065,One year,No,67,19.45,1195.95,No
9695-IDRZR,0.1076,Two year,Fiber optic,34,116.15,3946.9,No
8144-DGHXP,0.0241,Two year,DSL,54,80.6,4299.95,No
7814-LEEVE,0.2875,Month-to-month,No,1,20.3,20.3,No
1112-CUNAO,0.642,Month-to-month,Fiber optic,15,89.85,1424.95,Yes
5175-AOBHI,0.4027,Month-to-month,DSL,4,46.0,193.6,Yes
5174-RNGBH,0.2378,Month-to-month,DSL,9,66.25,620.55,Yes
8631-WUXGY,0.4059,Month-to-month,Fiber optic,46,99.8,4391.25,No
7270-BDIOA,0.5731,Month-to-month,Fiber optic,22,90.0,1993.8,Yes
9565-JSNFM,0.158,One year,Fiber optic,38,70.45,2597.6,Yes
5906-DVAPM,0.0307,One year,DSL,55,75.0,4213.9,No
6654-QGBZZ,0.2149,Month-to-month,No,1,19.9,19.9,No
8348-JLBUG,0.0594,One year,Fiber optic,64,80.3,5017.7,No
0607-DAAHE,0.0048,Two year,No,53,19.75,1052.35,Yes
5641-DMBFJ,0.0364,Two year,DSL,58,84.3,4916.4,No
9200-NLNPD,0.0807,One year,DSL,56,54.05,2959.8,No
2664-XJZNO,0.0344,Two year,Fiber optic,72,104.9,7559.55,No
9732-KPKBW,0.3262,Month-to-month,DSL,1,53.95,53.95,Yes
3339-EAQNV,0.1934,One year,Fiber optic,72,97.25,7133.1,No
0921-OHLVP,0.5744,Month-to-month,Fiber optic,22,83.05,1799.3,No
3389-YGYAI,0.7876,Month-to-month,Fiber optic,8,105.5,829.55,Yes
9560-ARGQJ,0.5835,Month-to-month,Fiber optic,16,81.0,1312.15,Yes
8350-NYMVI,0.0969,Month-to-month,DSL,39,41.1,1597.05,No
1600-DILPE,0.3258,Month-to-month,DSL,12,45.0,524.35,No
0536-ESJEP,0.025,Two year,DSL,54,74.55,4191.45,No
4654-GGUII,0.1134,One year,DSL,18,40.2,711.95,No
6478-HRRCZ,0.0328,One year,DSL,32,70.5,2201.75,No
8510-BBWMU,0.0178,One year,No,41,19.75,806.95,No
6857-TKDJV,0.0024,Two year,No,67,24.65,1620.45,No
2360-RDGRO,0.3523,Month-to-month,Fiber optic,65,104.25,6812.95,No
0584-BJQGZ,0.1624,Month-to-month,DSL,25,78.35,1837.9,No
5134-IKDAY,0.6934,Month-to-month,Fiber optic,1,69.8,69.8,Yes
1360-XFJMR,0.1371,One year,Fiber optic,67,109.7,7344.45,No
3070-DVEYC,0.5869,Month-to-month,Fiber optic,7,73.75,545.15,Yes
5730-RIITO,0.139,Month-to-month,DSL,43,33.45,1500.25,No
9058-MJLZC,0.5474,Month-to-month,Fiber optic,24,94.6,2283.15,No
5707-ORNDZ,0.3428,Month-to-month,DSL,9,54.55,494.05,Yes
0902-XKXPN,0.0021,Two year,No,69,20.2,1376.5,No
5177-RVZNU,0.0169,One year,No,37,20.3,755.4,No
0056-EPFBG,0.0476,Two year,DSL,20,39.4,825.4,No
8993-IZEUX,0.4737,Month-to-month,Fiber optic,7,69.15,488.65,No
8696-JKZNU,0.539,Month-to-month,Fiber optic,37,76.25,2841.55,Yes
5380-AFSSK,0.7376,Month-to-month,Fiber optic,5,93.9,486.85,Yes
8190-ZTQFB,0.2104,One year,DSL,41,51.35,2075.1,No
0931-MHTEM,0.1355,One year,Fiber optic,54,100.05,5299.65,No
2055-PDADH,0.7366,Month-to-month,Fiber optic,3,70.4,204.7,Yes
7515-LODFU,0.0026,Two year,No,69,20.3,1356.3,No
0440-UEDAI,0.0995,One year,Fiber optic,53,94.45,5042.75,No
1337-BOZWO,0.1566,One year,DSL,18,46.4,812.4,No
0868-VJRDR,0.0365,Two year,Fiber optic,64,104.05,6605.55,No
8714-EUHJO,0.5162,Month-to-month,Fiber optic,31,91.15,2995.45,Yes
6344-SFJVH,0.2791,Month-to-month,DSL,20,24.9,505.95,No
3950-VPYJB,0.0123,One year,DSL,57,59.6,3509.4,No
8041-TMEID,0.0734,Two year,Fiber optic,63,108.5,6991.9,No
7321-ZNSLA,0.0462,Two year,DSL,13,40.55,590.35,No
6941-KXRRV,0.0712,One year,DSL,48,58.95,2789.7,No
3721-CNEYS,0.6984,Month-to-month,Fiber optic,2,70.95,137.95,Yes
8727-JQFHV,0.003,Two year,No,57,20.75,1123.15,No
9475-NNDGC,0.146,One year,Fiber optic,71,113.15,7953.25,No
1355-KUSBG,0.3758,Month-to-month,DSL,7,48.8,349.8,No
3688-FTHLT,0.4317,Month-to-month,DSL,16,63.05,1067.05,No
0899-LIIBW,0.5499,Month-to-month,Fiber optic,34,100.85,3527.3,No
2568-OIADY,0.6304,Month-to-month,Fiber optic,37,99.5,3762.0,Yes
1384-RCUXW,0.5363,Month-to-month,Fiber optic,16,80.55,1248.9,No
5825-XJOCM,0.0377,One year,DSL,48,64.4,3035.35,No
6848-YLDFR,0.0326,One year,DSL,58,75.2,4300.8,No
8125-QPFJD,0.0157,Two year,DSL,72,84.9,6065.3,No
2320-YKQBO,0.1384,Month-to-month,No,7,19.3,144.95,No
1193-RTSLK,0.1857,Month-to-month,Fiber optic,38,83.9,3233.6,Yes
2302-ANTDP,0.3341,Month-to-month,Fiber optic,48,117.45,5438.9,Yes
5923-GXUOC,0.5992,Month-to-month,Fiber optic,10,104.4,1081.45,Yes
4973-RLZVI,0.044,One year,DSL,30,74.65,2308.6,No
7869-ZYDST,0.2765,Month-to-month,DSL,31,59.05,1882.8,No
4501-UYKBC,0.0923,One year,DSL,46,69.1,3255.35,No
1215-EXRMO,0.0039,Two year,No,50,20.55,1067.65,No
2305-MRGLV,0.2594,Month-to-month,Fiber optic,28,76.55,2065.4,No
8404-VIOMB,0.0183,Two year,DSL,66,62.5,4136.4,No
5233-GEEAX,0.6,Month-to-month,DSL,8,29.4,221.9,Yes
2359-KLTEK,0.3888,Month-to-month,Fiber optic,41,94.9,3848.0,No
5304-EFJLP,0.0816,Two year,Fiber optic,72,111.65,8022.85,No
2673-ZALNP,0.089,One year,No,7,19.9,173.15,No
9184-GALIL,0.0338,Month-to-month,No,38,20.45,781.25,No
4393-RYCRE,0.2238,One year,Fiber optic,44,106.05,4510.8,No
9746-MDMBK,0.1505,One year,Fiber optic,47,113.45,5317.8,No
3162-ZJZFU,0.2132,Month-to-month,Fiber optic,53,92.55,4779.45,No
8404-GFGCZ,0.5189,Month-to-month,DSL,4,65.6,250.1,No
8875-AKBYH,0.7218,Month-to-month,Fiber optic,20,84.35,1745.2,No
4432-ADRLB,0.3614,Month-to-month,DSL,2,44.65,74.9,Yes
0533-UCAAU,0.0615,One year,DSL,57,71.1,4140.1,No
1394-SUIUH,0.2046,Month-to-month,Fiber optic,44,85.15,3670.5,No
3521-MNKLV,0.2283,Month-to-month,DSL,24,49.7,1167.8,No
2533-TIBIX,0.3309,Month-to-month,DSL,15,30.2,469.65,No
8993-PHFWD,0.5597,Month-to-month,DSL,3,25.25,58.9,Yes
1565-RHDJD,0.4987,Month-to-month,Fiber optic,4,84.05,333.55,Yes
7137-RYLPP,0.5649,Month-to-month,Fiber optic,37,85.7,3171.15,Yes
3765-JXVKY,0.6826,Month-to-month,Fiber optic,1,74.7,74.7,Yes
5092-STPKP,0.0845,Month-to-month,DSL,24,56.35,1381.2,No
7330-WZLNC,0.7105,Month-to-month,Fiber optic,5,90.8,455.5,Yes
0114-PEGZZ,0.54,Month-to-month,Fiber optic,33,107.55,3645.5,No
3359-DSRKA,0.0028,Two year,No,58,19.85,1158.85,No
8639-NHQEI,0.0516,Two year,Fiber optic,72,95.9,6954.15,No
7161-DFHUF,0.0025,Two year,No,71,23.85,1672.1,No
3957-LXOLK,0.6939,Month-to-month,Fiber optic,28,106.15,3152.5,Yes
3720-DBRWL,0.019,Two year,DSL,51,83.85,4307.1,No
6635-MYYYZ,0.0585,One year,DSL,30,85.35,2530.4,Yes
8565-WUXZU,0.0166,Two year,Fiber optic,72,84.8,6141.65,No
5281-BUZGT,0.5118,Month-to-month,Fiber optic,36,90.85,3186.7,Yes
4994-OBRSZ,0.0339,Two year,DSL,14,76.1,1054.8,No
0562-FGDCR,0.0057,Two year,DSL,72,74.55,5430.65,No
2436-QBZFP,0.3212,Month-to-month,DSL,22,39.2,849.9,No
3420-YJLQT,0.6387,Month-to-month,Fiber optic,2,79.55,151.75,No
6040-CGACY,0.1108,Month-to-month,No,15,19.6,299.4,No
6582-PLFUU,0.004,Two year,No,51,19.55,1086.75,No
8242-PDSGJ,0.0051,Two year,DSL,70,39.15,2692.75,No
0264-CNITK,0.0011,Two year,No,71,20.1,1389.6,No
0089-IIQKO,0.3575,Month-to-month,Fiber optic,39,99.95,3767.4,No
7839-NUIAA,0.0352,Month-to-month,DSL,61,59.8,3641.5,No
6075-QMNRR,0.0561,Month-to-month,DSL,52,49.75,2535.55,No
5378-IKEEG,0.6994,Month-to-month,DSL,1,35.75,35.75,Yes
5966-EMAZU,0.1114,One year,Fiber optic,64,108.5,6880.85,No
0440-EKDCF,0.0089,Two year,DSL,62,60.15,3753.2,No
4774-HHGGS,0.0149,Two year,No,30,19.05,637.55,No
2718-GAXQD,0.428,Month-to-month,DSL,4,46.0,181.6,Yes
2055-BFOCC,0.0422,One year,DSL,63,84.0,5329.55,No
8180-AKMJV,0.4237,Month-to-month,DSL,1,44.55,44.55,No
4298-OYIFC,0.6858,Month-to-month,Fiber optic,15,103.45,1539.8,No
5566-SOEZD,0.1658,One year,Fiber optic,27,80.65,2209.75,No
9842-EFSYY,0.523,Month-to-month,DSL,4,57.2,223.75,No
2272-WUSPA,0.0889,Two year,Fiber optic,72,110.75,7751.7,No
4584-LBNMK,0.0186,One year,No,45,24.7,1174.35,No
3898-GUYTS,0.3451,Month-to-month,Fiber optic,45,97.05,4385.05,No
0930-EHUZA,0.0458,One year,DSL,36,76.35,2606.35,No
6413-XKKPU,0.4748,Month-to-month,Fiber optic,17,89.4,1539.45,Yes
9975-SKRNR,0.2144,Month-to-month,No,1,18.9,18.9,No
3703-KBKZP,0.6303,Month-to-month,Fiber optic,16,74.45,1261.35,No
1449-XQEMT,0.219,Month-to-month,No,3,19.8,58.15,Yes
2626-URJFX,0.5179,Month-to-month,DSL,4,50.9,225.6,Yes
4973-MGTON,0.0095,Two year,DSL,71,84.4,5969.3,No
3682-YEUWS,0.205,Month-to-month,No,10,24.4,253.9,No
1223-UNPKS,0.0188,Two year,No,20,20.05,400.0,No
2612-RRIDN,0.7079,Month-to-month,Fiber optic,4,81.0,340.85,Yes
4735-ASGMA,0.6774,Month-to-month,Fiber optic,26,98.35,2515.3,Yes
3446-QDSZF,0.3663,Month-to-month,DSL,4,55.5,227.35,No
3669-LVWZB,0.6395,Month-to-month,DSL,5,51.0,305.95,Yes
6892-EZDTG,0.7107,Month-to-month,Fiber optic,4,91.65,365.4,Yes
5117-IFGPS,0.6388,Month-to-month,Fiber optic,29,84.3,2357.75,No
7379-FNIUJ,0.5914,Month-to-month,Fiber optic,2,100.2,198.5,No
1627-AFWVJ,0.0164,Two year,No,29,19.4,554.25,No
9725-SCPZG,0.7506,Month-to-month,Fiber optic,1,90.85,90.85,Yes
5884-GCYMI,0.5462,Month-to-month,Fiber optic,1,69.4,69.4,Yes
3217-FZDMN,0.711,Month-to-month,Fiber optic,8,94.45,742.95,Yes
4486-EFAEB,0.2183,Month-to-month,No,13,20.4,251.65,No
0060-FUALY,0.2965,Month-to-month,Fiber optic,59,94.75,5597.65,No
7853-GVUDZ,0.2224,Month-to-month,No,1,20.15,20.15,Yes
7480-QNVZJ,0.5794,Month-to-month,Fiber optic,50,95.7,4816.7,Yes
6954-OOYZZ,0.2807,Month-to-month,DSL,18,44.35,768.05,No
7088-FBAWU,0.1794,Month-to-month,DSL,17,74.55,1215.8,No
8313-AFGBW,0.0413,Two year,DSL,47,73.6,3522.65,No
3943-KDREE,0.4984,Month-to-month,Fiber optic,26,74.95,1834.95,Yes
9239-ZBZZV,0.6991,Month-to-month,DSL,6,47.95,305.1,Yes
3097-IDVPU,0.2218,Month-to-month,DSL,19,50.1,910.45,No
4398-HSCJH,0.5418,Month-to-month,DSL,3,63.6,155.65,Yes
2197-OMWGI,0.0358,Two year,DSL,68,53.0,3656.25,No
2303-PJYHN,0.1967,Month-to-month,No,2,19.85,52.0,No
9795-VOWON,0.3359,One year,DSL,7,24.35,150.85,No
1237-WIYYZ,0.1342,Month-to-month,No,18,19.55,389.25,No
1987-AUELQ,0.0022,Two year,No,71,25.05,1873.7,No
7852-LECYP,0.4468,Month-to-month,Fiber optic,13,93.8,1261.0,No
4430-UZIPO,0.3694,Month-to-month,DSL,3,36.85,108.7,Yes
4822-LPTYJ,0.0841,Two year,Fiber optic,72,103.75,7346.2,No
8165-CBKXO,0.0257,Two year,DSL,66,56.75,3708.4,No
6527-PZFPV,0.0403,One year,No,24,20.8,469.65,No
4855-SNKMY,0.5413,Month-to-month,DSL,1,44.1,44.1,Yes
9593-CVZKR,0.0046,Two year,No,56,24.45,1385.85,No
8595-SIZNC,0.0566,One year,No,22,25.6,548.8,No
8008-HAWED,0.6102,Month-to-month,DSL,14,50.75,712.75,Yes
7124-UGSUR,0.2429,One year,Fiber optic,61,104.4,6405.0,Yes
1862-SKORY,0.3177,Month-to-month,DSL,40,39.3,1637.4,Yes
5236-XMZJY,0.0608,Month-to-month,DSL,42,59.65,2536.55,No
4827-DPADN,0.0143,Two year,DSL,72,83.3,6042.7,No
2694-CIUMO,0.4936,Month-to-month,Fiber optic,12,79.55,958.25,No
5846-ABOBJ,0.0031,Two year,No,71,24.45,1730.65,No
1439-LCGVL,0.0331,One year,No,26,19.2,459.6,No
0909-SDHNU,0.3079,Month-to-month,DSL,7,29.8,201.95,No
4647-XXZAM,0.2779,Month-to-month,DSL,6,45.5,285.2,No
1502-XFCVR,0.1724,One year,Fiber optic,58,106.45,6145.85,Yes
7740-KKCXF,0.0905,Month-to-month,DSL,51,30.05,1529.45,No
5360-XGYAZ,0.0115,Two year,DSL,72,65.65,4664.5,No
9692-TUSXH,0.5899,Month-to-month,Fiber optic,18,96.05,1740.7,Yes
7912-SYRQT,0.6172,Month-to-month,Fiber optic,7,75.1,552.95,Yes
3557-HTYWR,0.0187,Two year,DSL,47,74.05,3496.3,No
4816-JBHOV,0.5685,Month-to-month,DSL,2,44.7,93.7,Yes
8920-NAVAY,0.2186,One year,Fiber optic,62,110.75,7053.35,No
1699-TLDLZ,0.0232,Two year,No,16,19.7,301.55,No
5600-PDUJF,0.2733,Month-to-month,DSL,6,49.5,312.7,No
8292-TYSPY,0.1731,Month-to-month,DSL,19,55.0,1046.5,Yes
0567-XRHCU,0.0126,Two year,DSL,69,43.95,2960.1,No
1867-BDVFH,0.6439,Month-to-month,Fiber optic,11,74.35,834.2,Yes
2067-QYTCF,0.3222,Month-to-month,Fiber optic,64,111.15,6953.4,No
2359-QWQUL,0.1573,One year,Fiber optic,39,104.7,4134.85,Yes
9103-TCIHJ,0.2825,Month-to-month,DSL,15,55.7,899.8,Yes
7407-SUJIZ,0.0561,Month-to-month,No,25,20.6,541.5,No
9150-KPBJQ,0.0422,Two year,No,6,19.65,116.85,No
0052-DCKON,0.0881,One year,Fiber optic,66,115.8,7942.15,No
3654-ARMGP,0.0201,Two year,DSL,61,88.65,5321.25,No
9699-UBQFS,0.429,Month-to-month,Fiber optic,43,94.5,4156.8,No
9367-TCUYN,0.1253,Month-to-month,No,12,20.1,223.6,No
1261-FWTTE,0.4626,Month-to-month,DSL,23,34.65,768.45,No
3528-HFRIQ,0.1054,Month-to-month,DSL,71,52.3,3765.05,No
0708-SJDIS,0.1365,Month-to-month,DSL,34,65.0,2157.5,No
4140-WJAWW,0.1501,Month-to-month,No,5,19.85,108.05,Yes
2073-QBVBI,0.0456,One year,DSL,41,35.45,1391.65,No
6928-ONTRW,0.0013,Two year,No,72,19.7,1379.8,No
3320-VEOYC,0.7864,Month-to-month,Fiber optic,14,95.6,1273.3,No
5231-FIQPA,0.0088,Two year,No,41,19.85,810.45,No
6617-WLBQC,0.1745,One year,Fiber optic,23,81.85,1810.85,No
2599-CIPQE,0.0215,Two year,Fiber optic,71,109.3,7782.85,No
6653-CBBOM,0.7092,Month-to-month,Fiber optic,1,70.3,70.3,Yes
8774-GSBUN,0.0026,Two year,No,72,25.4,1797.1,No
7326-RIGQZ,0.6437,Month-to-month,Fiber optic,6,69.8,377.85,No
1401-FTHFQ,0.0427,One year,No,23,20.0,445.3,No
3247-ZVOUO,0.6955,Month-to-month,Fiber optic,10,85.55,851.75,Yes
0254-FNMCI,0.0466,Two year,Fiber optic,72,109.9,7624.2,No
1848-LBZHY,0.3099,Month-to-month,DSL,7,50.3,355.1,No
6101-IMRMM,0.5325,Month-to-month,Fiber optic,6,94.5,575.45,Yes
8118-TJAFG,0.5608,Month-to-month,Fiber optic,9,101.5,906.85,No
5429-LWCMV,0.6768,Month-to-month,Fiber optic,12,89.15,1057.55,No
7298-IZWLY,0.2723,Month-to-month,No,1,19.4,19.4,No
9758-MFWGD,0.0606,One year,DSL,48,29.9,1388.75,No
3955-JBZZM,0.5238,Month-to-month,Fiber optic,20,78.8,1641.3,No
1268-ASBGA,0.6286,Month-to-month,Fiber optic,16,85.35,1375.15,Yes
8943-URTMR,0.6603,Month-to-month,Fiber optic,2,79.65,152.7,Yes
4815-TUMEQ,0.1128,One year,No,10,19.3,185.2,No
4713-LZDRV,0.7766,Month-to-month,Fiber optic,2,79.6,195.05,Yes
9909-IDLEK,0.3389,Month-to-month,Fiber optic,20,96.8,1826.7,No
4092-OFQZS,0.0447,One year,No,20,20.65,417.5,No
1561-BWHIN,0.0353,One year,No,19,19.8,344.5,No
4325-NFSKC,0.6399,Month-to-month,Fiber optic,19,90.6,1660.0,Yes
9927-DSWDF,0.4428,Month-to-month,Fiber optic,22,104.6,2180.55,No
9500-LTVBP,0.2688,Month-to-month,Fiber optic,35,80.05,2835.9,No
7252-NTGSS,0.3588,Month-to-month,DSL,1,45.15,45.15,No
8149-AIQCG,0.3176,Month-to-month,Fiber optic,39,73.15,2730.85,No
1360-JYXKQ,0.2644,One year,Fiber optic,54,99.1,5437.1,No
2955-PSXOE,0.2471,Month-to-month,No,1,20.2,20.2,Yes
7762-URZQH,0.0762,Two year,Fiber optic,66,106.05,6981.35,Yes
0899-WZRSD,0.2734,Month-to-month,Fiber optic,56,105.35,5794.45,No
3255-GRXMG,0.2252,Month-to-month,DSL,18,45.65,747.2,No
4828-FAZPK,0.4918,Month-to-month,Fiber optic,16,79.95,1267.95,No
6094-ZIVKX,0.0149,One year,DSL,68,54.45,3674.95,No
6925-BAYGL,0.0076,Two year,No,53,25.1,1275.6,No
3262-EIDHV,0.0086,Two year,DSL,72,84.7,5893.9,No
7354-OIJLX,0.6917,Month-to-month,Fiber optic,9,75.85,724.65,No
1376-HHBDV,0.1366,Month-to-month,DSL,30,48.8,1536.75,No
6907-NZZIJ,0.5889,Month-to-month,Fiber optic,36,99.15,3615.6,Yes
6133-OZILE,0.374,Month-to-month,DSL,18,35.2,607.3,No
4135-FRWKJ,0.0417,One year,DSL,55,76.25,4154.55,No
2911-UREFD,0.2182,Month-to-month,DSL,39,55.9,2184.35,Yes
3744-ZRRDZ,0.5711,Month-to-month,Fiber optic,21,82.35,1852.85,Yes
5673-TIYIB,0.3722,Month-to-month,DSL,2,40.4,77.15,Yes
6551-ZCOTS,0.0609,One year,No,33,24.9,847.8,No
7191-ADRGF,0.0456,Two year,DSL,44,54.3,2390.45,No
5018-LXQQG,0.0718,Month-to-month,DSL,30,66.3,1923.5,No
6892-BOGQE,0.0033,Two year,No,71,20.9,1493.2,No
1602-IJQQE,0.6384,Month-to-month,Fiber optic,4,75.35,338.1,Yes
4628-WQCQQ,0.295,One year,Fiber optic,35,85.15,3030.6,Yes
1746-TGTWV,0.5396,Month-to-month,Fiber optic,1,75.35,75.35,No
5995-SNNEW,0.7114,Month-to-month,Fiber optic,23,104.45,2184.85,No
8050-WYBND,0.2521,One year,DSL,22,49.45,1031.4,No
2821-WARNZ,0.0088,One year,No,49,19.45,921.3,No
4879-GZLFH,0.4437,Month-to-month,Fiber optic,42,92.15,3875.4,No
1644-IRKSF,0.3362,One year,Fiber optic,33,93.8,3124.5,Yes
8314-HTWVE,0.0363,Two year,No,7,19.85,144.15,No
9402-ROUMJ,0.0816,One year,Fiber optic,67,100.25,6689.0,No
2507-QZPQS,0.5364,Month-to-month,Fiber optic,15,95.7,1451.1,No
7159-NOKYQ,0.0919,Two year,Fiber optic,67,93.15,6368.2,No
5707-ZMDJP,0.012,Two year,DSL,53,69.7,3729.6,No
8779-YIQQA,0.0365,One year,No,21,19.8,350.1,No
7136-IHZJA,0.0805,Month-to-month,DSL,40,71.35,2847.2,No
8966-OIQHG,0.0348,One year,No,22,20.75,452.35,No
7074-STDCN,0.2526,Month-to-month,DSL,39,40.6,1494.5,No
3705-PSNGL,0.0274,One year,No,45,20.4,930.45,Yes
8739-QOTTN,0.1765,Month-to-month,No,2,20.35,41.85,No
1399-OUPJN,0.0025,Two year,No,57,19.75,1272.05,No
0277-BKSQP,0.4571,Month-to-month,DSL,8,54.4,475.1,No
6502-HCJTI,0.6144,Month-to-month,Fiber optic,7,94.7,673.1,Yes
2606-RMDHZ,0.4536,Month-to-month,DSL,6,30.5,208.7,Yes
5774-XZTQC,0.1184,Month-to-month,No,7,20.45,150.75,No
2676-SSLTO,0.0299,Two year,DSL,49,66.15,3199.0,No
6266-QHOJZ,0.0693,One year,Fiber optic,65,89.85,5844.65,No
7269-JISCY,0.0278,One year,DSL,55,45.05,2462.6,No
0363-SVHYR,0.009,Two year,DSL,71,86.85,6263.8,No
8547-NSBBO,0.2363,Month-to-month,Fiber optic,35,96.75,3403.4,No
8258-GSTJK,0.7735,Month-to-month,Fiber optic,3,77.0,237.75,Yes
6861-OKBCE,0.0944,Month-to-month,No,11,20.1,221.35,Yes
9940-RHLFB,0.61,Month-to-month,Fiber optic,1,75.3,75.3,Yes
6591-QGOYB,0.3885,Month-to-month,Fiber optic,17,106.65,1672.1,No
9070-BCKQP,0.0524,Two year,Fiber optic,72,110.15,7881.2,No
6421-SZVEM,0.1748,One year,Fiber optic,28,82.85,2320.8,No
1328-EUZHC,0.0238,Two year,No,18,20.1,370.5,No
2995-UPRYS,0.2726,One year,Fiber optic,40,99.2,4062.2,Yes
8878-RYUKI,0.1616,Month-to-month,DSL,52,59.45,3043.7,No
9633-DENPU,0.1034,Month-to-month,DSL,47,58.6,2723.4,No
7811-JIVPF,0.1702,Month-to-month,DSL,23,49.7,1081.25,No
7113-HIPFI,0.0032,Two year,DSL,66,65.85,4097.05,No
8541-QVFKM,0.7108,Month-to-month,Fiber optic,8,73.5,632.2,No
6686-YPGHK,0.2153,Month-to-month,Fiber optic,47,85.5,4042.3,Yes
1383-EZRWL,0.1579,Month-to-month,No,7,20.05,164.85,Yes
9258-CNWAC,0.0314,Two year,Fiber optic,71,113.65,8166.8,No
5371-VYLSX,0.3137,Month-to-month,Fiber optic,50,83.4,4113.7,No
6374-AFWOX,0.0082,Two year,DSL,46,65.65,3047.15,No
4759-TRPLW,0.6167,Month-to-month,Fiber optic,1,70.4,70.4,Yes
5317-FLPJF,0.0201,Two year,DSL,66,61.35,4193.4,No
7621-VPNET,0.2786,Month-to-month,Fiber optic,42,85.9,3729.75,No
6034-YMTOB,0.5256,Month-to-month,Fiber optic,5,75.65,399.45,No
8563-IIOXK,0.2041,One year,DSL,7,49.75,331.3,Yes
4903-CNOZC,0.106,One year,DSL,29,70.9,1964.6,No
4353-HYOJD,0.1175,Month-to-month,DSL,27,49.85,1336.15,No
8020-BWHYL,0.507,Month-to-month,Fiber optic,15,75.3,1147.45,Yes
7267-FRMJW,0.0178,Two year,No,25,20.1,486.05,No
2982-VPSGI,0.7726,Month-to-month,Fiber optic,11,94.0,1078.9,Yes
4188-FRABG,0.2234,Month-to-month,Fiber optic,57,103.05,5925.75,No
8199-ZLLSA,0.1159,One year,Fiber optic,67,118.35,7804.15,Yes
4128-ETESU,0.5133,Month-to-month,Fiber optic,47,99.7,4747.2,No
0620-DLSLK,0.5804,Month-to-month,Fiber optic,13,81.9,1028.9,No
4625-EWPTF,0.484,Month-to-month,DSL,8,30.45,226.45,Yes
5980-NOPLP,0.5913,Month-to-month,Fiber optic,44,96.1,4364.1,Yes
3850-OKINF,0.0313,One year,DSL,71,66.2,4692.55,No
6892-XPFPU,0.7077,Month-to-month,Fiber optic,24,104.25,2433.9,Yes
8010-EZLOU,0.6593,Month-to-month,Fiber optic,15,80.2,1217.25,Yes
1156-ZFYDO,0.2728,Month-to-month,No,1,19.75,19.75,No
3295-YVUSR,0.7083,Month-to-month,Fiber optic,2,72.6,154.3,No
8016-NCFVO,0.3401,Month-to-month,Fiber optic,55,116.5,6382.55,No
4119-ZYPZY,0.1225,Two year,Fiber optic,71,106.8,7623.2,No
5549-ZGHFB,0.0069,Two year,No,50,24.95,1261.45,No
7577-SWIFR,0.7895,Month-to-month,Fiber optic,1,89.25,89.25,No
0303-WMMRN,0.2405,Month-to-month,No,5,19.25,86.05,No
6408-OTUBZ,0.0854,One year,Fiber optic,66,104.55,6779.05,No
5204-HMGYF,0.0378,One year,DSL,49,87.2,4345.0,No
1078-TDCRN,0.7032,Month-to-month,DSL,3,30.75,82.85,No
3727-OVPRY,0.0089,One year,No,66,25.7,1714.55,No
3797-FKOGQ,0.5698,Month-to-month,Fiber optic,11,86.2,893.2,No
7622-NXQZR,0.1833,Month-to-month,DSL,28,30.1,810.85,No
6196-HBOBZ,0.0823,Two year,Fiber optic,65,99.35,6347.55,No
3970-XGJDU,0.0039,Two year,No,62,19.2,1123.65,No
7017-VFULY,0.1905,Month-to-month,No,2,20.1,43.15,No
5562-YJQGT,0.1726,Month-to-month,No,2,20.35,35.1,No
8807-OPMBM,0.0067,Two year,No,55,25.65,1388.0,No
5439-WIKXB,0.517,Month-to-month,Fiber optic,41,94.55,3851.45,No
9874-QLCLH,0.6079,Month-to-month,Fiber optic,17,104.2,1743.5,Yes
8294-UIMBA,0.2947,One year,Fiber optic,30,94.4,2638.1,No
8109-YUOHE,0.0699,One year,DSL,17,56.1,946.95,No
5840-NVDCG,0.0352,Two year,DSL,16,68.25,1114.85,No
8092-NLTGF,0.0027,Two year,No,72,24.75,1777.6,No
5928-QLDHB,0.6885,Month-to-month,Fiber optic,9,76.25,684.85,No
9840-EFJQB,0.5931,Month-to-month,Fiber optic,1,74.35,74.35,No
0696-UKTOX,0.1299,Month-to-month,DSL,23,54.15,1312.45,No
4801-KFYKL,0.1249,Month-to-month,No,8,19.45,159.2,No
3472-OAOOR,0.2574,Month-to-month,DSL,19,34.95,610.2,No
6135-OZQVA,0.3972,Month-to-month,DSL,7,53.65,404.35,No
8062-YBDOE,0.7391,Month-to-month,Fiber optic,1,69.65,69.65,Yes
2252-JHJGE,0.1792,One year,Fiber optic,61,104.0,6363.45,No
4188-PCPIG,0.011,Two year,DSL,57,70.35,4124.65,No
6000-APYLU,0.6799,Month-to-month,Fiber optic,9,80.8,713.1,Yes
7105-BENQF,0.0985,One year,DSL,15,64.85,950.75,No
7721-DVEKZ,0.2012,Month-to-month,No,1,19.65,19.65,No
3566-VVORZ,0.2704,Month-to-month,DSL,12,45.9,505.95,No
9507-HSMMZ,0.0047,Two year,No,54,20.0,1149.65,No
2480-SQIOB,0.376,Month-to-month,DSL,4,44.8,169.65,No
0947-IDHRQ,0.6266,Month-to-month,Fiber optic,7,80.3,526.7,Yes
7813-TKCVO,0.0407,One year,No,20,20.35,393.15,No
0128-MKWSG,0.1237,Month-to-month,DSL,26,45.8,1147.0,No
3672-YITQD,0.5945,Month-to-month,Fiber optic,36,84.1,3021.6,Yes
4350-ZTLPI,0.1952,One year,Fiber optic,53,108.95,5718.2,No
9048-JVYVF,0.4817,Month-to-month,DSL,3,69.35,191.35,Yes
0361-HJRDX,0.0112,Two year,DSL,68,64.35,4539.6,No
5727-MYATE,0.0113,Two year,DSL,72,90.8,6397.6,No
3823-KYNQY,0.0769,One year,No,12,24.95,280.4,No
8988-ECPJR,0.3657,Month-to-month,Fiber optic,34,79.6,2718.3,Yes
7570-WELNY,0.0412,Two year,Fiber optic,68,84.7,5711.05,No
3021-VLNRJ,0.0286,One year,DSL,50,70.8,3478.15,No
3776-EKTKM,0.7637,Month-to-month,DSL,1,36.45,36.45,Yes
2080-CAZNM,0.582,Month-to-month,Fiber optic,41,104.4,4133.95,No
1028-FFNJK,0.646,Month-to-month,Fiber optic,30,101.5,2917.65,No
6907-FLBER,0.4764,Month-to-month,DSL,1,54.3,54.3,No
3001-UNBTL,0.6689,Month-to-month,Fiber optic,29,103.95,2964.8,No
5982-PSMKW,0.0545,Two year,DSL,23,91.1,2198.3,No
3507-GASNP,0.0026,Two year,No,60,19.95,1189.9,No
7096-ZNBZI,0.0023,Two year,No,72,26.45,1914.5,No
1902-XBTFB,0.503,Month-to-month,Fiber optic,22,89.4,2001.5,Yes
1676-MQAOA,0.0072,Two year,DSL,72,75.1,5336.35,No
0786-IVLAW,0.1837,One year,Fiber optic,66,108.1,7238.6,No
7566-DSRLQ,0.1097,Two year,Fiber optic,72,110.15,7998.8,No
0643-OKLRP,0.283,Month-to-month,Fiber optic,47,80.35,3825.85,Yes
7245-JMTTQ,0.267,One year,Fiber optic,51,111.5,5703.25,No
6050-IJRHS,0.1867,One year,Fiber optic,70,106.5,7397.0,No
6202-JVYEU,0.1509,One year,No,9,19.9,164.6,No
8591-TKMZH,0.059,Two year,Fiber optic,59,111.1,6555.2,No
0734-OXWBT,0.3129,Month-to-month,DSL,3,70.7,225.65,No
4282-ACRXS,0.3196,Month-to-month,DSL,38,24.85,955.75,No
0365-TRTPY,0.2065,Month-to-month,Fiber optic,37,91.2,3382.3,No
7349-ALMUX,0.0125,Two year,DSL,37,65.6,2313.8,No
9381-NDKME,0.3724,Month-to-month,DSL,24,40.65,933.3,Yes
6502-KUGLL,0.1094,Month-to-month,DSL,14,59.45,780.85,No
1841-YSJGV,0.0465,Two year,Fiber optic,72,109.95,7852.4,No
2794-XIMMO,0.0856,One year,DSL,53,60.45,3184.25,Yes
8382-SHQEH,0.757,Month-to-month,Fiber optic,8,84.9,764.95,Yes
3511-BFTJW,0.0044,Two year,DSL,72,38.5,2763.0,No
7668-XCFYV,0.7887,Month-to-month,Fiber optic,17,92.55,1614.7,No
2983-ZANRP,0.5978,Month-to-month,Fiber optic,2,73.55,145.4,Yes
7845-URHJN,0.1472,Month-to-month,No,8,20.15,156.25,Yes
3034-ZBEQN,0.0435,One year,DSL,48,34.7,1604.5,Yes
5018-HEKFO,0.2556,Month-to-month,No,10,24.5,270.15,No
2923-ARZLG,0.1304,One year,No,0,19.7,0.0,No
3976-NLDEZ,0.1838,Month-to-month,No,1,20.6,20.6,No
2282-YGNOR,0.0392,One year,DSL,29,58.0,1734.5,No
5336-UFNZP,0.2785,One year,Fiber optic,65,107.45,7047.5,No
6854-EXGSF,0.3275,Month-to-month,DSL,8,65.5,573.15,No
1241-EZFMJ,0.0051,Two year,No,61,25.45,1538.6,No
9233-PSYHO,0.3987,One year,Fiber optic,45,100.15,4459.8,No
5376-PCKNB,0.1295,One year,Fiber optic,72,104.45,7459.0,No
8044-BGWPI,0.1752,Month-to-month,No,12,21.15,306.05,No
4060-LDNLU,0.6814,Month-to-month,Fiber optic,7,96.2,639.7,No
3589-PPVKW,0.3434,Month-to-month,DSL,9,44.4,348.15,No
8327-LZKAS,0.4132,One year,Fiber optic,43,107.55,4533.9,Yes
5887-IKKYO,0.0506,Two year,Fiber optic,58,94.35,5563.65,No
1075-BGWOH,0.7814,Month-to-month,Fiber optic,16,98.75,1587.55,Yes
1755-RMCXH,0.1708,Month-to-month,No,2,20.3,40.25,No
0302-JOIVN,0.6125,Month-to-month,Fiber optic,8,101.15,842.9,Yes
3858-XHYJO,0.2479,One year,Fiber optic,40,105.75,4228.55,No
4299-SIMNS,0.626,Month-to-month,Fiber optic,9,81.15,784.45,No
7025-IWFHT,0.2125,One year,Fiber optic,41,89.55,3729.75,No
6261-LHRTG,0.1802,Month-to-month,DSL,26,54.75,1406.9,No
7841-FCRQD,0.0667,One year,DSL,33,53.75,1857.3,No
2056-EVGZL,0.0622,One year,Fiber optic,68,105.75,7322.5,No
8777-MBMTS,0.0664,Two year,Fiber optic,65,105.85,6725.5,No
7753-USQYQ,0.0482,One year,DSL,55,64.2,3627.3,No
5366-IJEQJ,0.6588,Month-to-month,Fiber optic,20,88.7,1761.45,Yes
7661-CPURM,0.3028,One year,Fiber optic,19,87.7,1725.95,No
6233-HXJMX,0.3742,Month-to-month,Fiber optic,45,89.3,4192.15,No
5902-WBLSE,0.0028,Two year,No,70,20.15,1411.2,No
1981-INRFU,0.7268,Month-to-month,Fiber optic,2,79.75,164.5,Yes
4971-PUYQO,0.6301,Month-to-month,Fiber optic,27,94.55,2724.6,Yes
3239-TPHPZ,0.0628,Two year,No,12,20.05,264.55,No
5115-GZDEL,0.008,Two year,DSL,72,67.2,4671.7,No
3338-CVVEH,0.7093,Month-to-month,Fiber optic,12,94.55,1173.55,No
8485-GJCDN,0.6121,Month-to-month,Fiber optic,5,69.05,318.5,Yes
2615-YVMYX,0.3472,Month-to-month,Fiber optic,71,107.5,7713.55,No
2851-STERV,0.1685,One year,DSL,35,73.0,2471.25,No
4393-GEADV,0.0283,Two year,Fiber optic,70,114.75,7842.3,No
8486-AYEQH,0.5075,Month-to-month,Fiber optic,31,76.05,2227.8,No
1527-SXDPN,0.0811,Two year,Fiber optic,52,96.25,4990.25,Yes
6029-WTIPC,0.6794,Month-to-month,Fiber optic,37,101.1,3744.05,Yes
8634-CILSZ,0.1487,One year,Fiber optic,69,104.7,7220.35,Yes
5419-JKZNQ,0.4045,Month-to-month,Fiber optic,30,77.9,2351.45,No
2495-KZNFB,0.495,Month-to-month,Fiber optic,33,90.65,2989.6,No
1409-PHXTF,0.1852,Two year,Fiber optic,54,110.45,6077.75,No
4560-WQAQW,0.0258,One year,DSL,59,68.7,4070.95,No
9591-YVTEB,0.1379,Month-to-month,DSL,55,44.85,2479.05,No
9309-BZGNT,0.0254,One year,DSL,69,29.8,2134.3,No
4274-DRSQT,0.1307,One year,Fiber optic,66,88.9,6000.1,No
2027-DNKIV,0.0367,One year,DSL,37,58.75,2203.1,No
8075-GXIUB,0.0925,One year,No,9,19.85,183.15,No
2885-HIJDH,0.0132,Two year,DSL,69,86.9,6194.1,No
5424-RLQLC,0.3868,Month-to-month,DSL,10,59.65,638.95,No
6682-QJDGB,0.0688,Month-to-month,DSL,40,55.25,2139.2,Yes
6507-DTJZV,0.2984,Month-to-month,DSL,13,66.4,831.75,No
8780-IXSTS,0.7431,Month-to-month,Fiber optic,6,90.1,521.3,Yes
7673-BQGKU,0.0016,Two year,No,69,20.15,1337.5,No
6723-WSNTY,0.1662,One year,Fiber optic,66,108.1,7181.95,No
9530-EHPOH,0.347,Month-to-month,DSL,11,53.75,608.0,Yes
2725-IWWBA,0.0148,One year,DSL,46,56.9,2560.1,No
0345-HKJVM,0.6869,Month-to-month,Fiber optic,6,89.3,577.6,Yes
1061-PNTHC,0.2225,Month-to-month,Fiber optic,56,109.6,5953.0,No
0394-YONDK,0.0015,Two year,No,70,25.15,1790.15,No
6574-MCOEH,0.1583,One year,DSL,33,79.15,2531.4,No
7399-QHBJS,0.0037,Two year,DSL,72,66.75,4760.3,No
3049-SOLAY,0.8022,Month-to-month,Fiber optic,3,95.2,292.85,Yes
0997-YTLNY,0.1189,Month-to-month,DSL,19,48.8,953.65,No
3317-HRTNN,0.7035,Month-to-month,DSL,5,45.7,198.0,Yes
9479-HYNYL,0.0149,Two year,DSL,71,80.7,5705.05,No
3235-ETOOB,0.5577,Month-to-month,Fiber optic,8,74.5,609.9,Yes
9708-KFDBY,0.1806,Month-to-month,No,1,20.55,20.55,No
8058-INTPH,0.7539,Month-to-month,Fiber optic,1,79.65,79.65,Yes
3642-GKTCT,0.1343,One year,Fiber optic,61,115.1,6993.65,No
0774-RMNUW,0.0073,Two year,DSL,71,59.7,4122.65,No
1334-PDUKM,0.0674,One year,Fiber optic,68,86.45,5762.95,No
0756-MPZRL,0.0329,One year,DSL,46,33.7,1537.85,No
2242-MFOTG,0.1363,One year,Fiber optic,33,80.1,2603.3,No
2927-CVULT,0.0523,Two year,Fiber optic,53,104.05,5566.4,No
2144-BFDSO,0.3192,Month-to-month,Fiber optic,50,108.75,5431.9,No
8745-PVESG,0.0221,One year,DSL,57,41.1,2258.25,No
7647-GYYKX,0.0061,Two year,No,54,20.35,1092.35,No
5647-FXOTP,0.4984,Month-to-month,Fiber optic,60,105.9,6401.25,No
5569-OUICF,0.5449,Month-to-month,Fiber optic,28,101.3,2812.2,Yes
8821-XNHVZ,0.6423,Month-to-month,Fiber optic,1,80.05,80.05,Yes
2082-OJVTK,0.5818,Month-to-month,Fiber optic,29,89.2,2698.35,Yes
9700-ISPUP,0.3113,Month-to-month,DSL,10,65.5,616.9,No
9839-ETQOE,0.1279,Month-to-month,DSL,43,40.45,1912.85,No
6078-VESFR,0.4832,Month-to-month,Fiber optic,13,70.45,849.1,No
9027-TMATR,0.0441,Two year,DSL,43,78.8,3460.3,No
5940-NFXKV,0.6137,Month-to-month,Fiber optic,19,83.65,1465.75,Yes
1941-HOSAM,0.7506,Month-to-month,Fiber optic,1,90.1,90.1,No
9110-HSGTV,0.0128,Two year,DSL,69,82.45,5555.3,No
0704-VCUMB,0.0034,Two year,No,61,20.25,1278.8,No
6171-ZTVYB,0.0534,Month-to-month,DSL,43,66.25,2907.35,No
8053-WWDRO,0.1812,Month-to-month,No,6,19.5,146.3,Yes
9564-KCLHR,0.2609,Month-to-month,DSL,1,51.25,51.25,Yes
1935-IMVBB,0.2257,Month-to-month,Fiber optic,56,89.7,4952.95,No
2535-PBCGC,0.0102,Two year,DSL,70,64.55,4504.9,No
2082-CEFLT,0.525,Month-to-month,DSL,1,45.6,45.6,Yes
1470-PSXNM,0.2508,One year,Fiber optic,49,93.65,4520.15,No
1213-NGCUN,0.3188,Month-to-month,DSL,6,49.65,267.35,Yes
2498-XLDZR,0.0175,Two year,DSL,32,73.6,2316.85,No
9866-OCCKE,0.0769,Two year,Fiber optic,72,109.75,8075.35,No
5338-YHWYT,0.0097,Two year,DSL,37,61.45,2302.35,No
7718-UPSKJ,0.0611,One year,Fiber optic,69,106.4,7251.9,No
8731-WBBMB,0.1729,Month-to-month,DSL,26,81.9,2078.55,No
1448-CYWKC,0.2036,One year,Fiber optic,58,105.2,6225.4,No
7901-IIDQV,0.0811,One year,DSL,24,54.6,1242.25,No
2690-DVRVK,0.1173,One year,No,5,20.55,99.45,No
5688-KZTSN,0.1658,Month-to-month,No,15,20.0,288.05,Yes
1270-XKUCC,0.014,Two year,No,30,19.7,599.25,No
0334-ZFJSR,0.0229,One year,DSL,55,66.05,3462.1,No
2894-QOJRX,0.3885,Month-to-month,DSL,25,34.0,853.0,Yes
5747-PMBSQ,0.4867,Month-to-month,Fiber optic,10,92.5,934.1,Yes
5583-EJXRD,0.0213,Two year,DSL,44,54.05,2375.2,No
4565-EVZMJ,0.0227,One year,DSL,47,58.9,2813.05,No
3143-JQEGI,0.617,Month-to-month,Fiber optic,13,88.35,1222.8,Yes
6386-SZZKH,0.1088,Two year,Fiber optic,49,107.95,5293.2,Yes
3327-YBAKM,0.0896,One year,Fiber optic,64,96.9,6314.35,No
9441-QHEVC,0.192,Month-to-month,No,1,19.1,19.1,No
6705-LNMDD,0.1252,Month-to-month,DSL,20,50.0,1003.05,No
2580-ASVVY,0.0391,Two year,DSL,37,45.4,1593.1,No
3370-GQEAL,0.4803,Month-to-month,Fiber optic,30,85.45,2509.95,No
5032-USPKF,0.0745,One year,DSL,38,84.1,3187.65,No
2982-IHMFT,0.7243,Month-to-month,Fiber optic,1,74.45,74.45,Yes
3521-SYVOR,0.3063,Month-to-month,DSL,37,64.75,2345.2,Yes
4254-QPEDE,0.0203,Two year,DSL,52,66.25,3330.1,No
6283-GITPX,0.0064,Two year,DSL,71,76.9,5522.7,No
9526-JAWYF,0.439,Month-to-month,Fiber optic,26,89.8,2335.3,Yes
0771-CHWSK,0.0162,Two year,DSL,66,74.6,4798.4,No
9788-HNGUT,0.0578,Two year,Fiber optic,72,116.95,8594.4,No
9495-REDIY,0.123,One year,DSL,25,40.65,970.55,No
5375-XLDOF,0.0495,Two year,Fiber optic,69,114.35,7665.8,No
1172-VIYBP,0.018,Two year,DSL,53,69.7,3686.05,No
5649-VUKMC,0.386,One year,Fiber optic,12,95.5,1115.15,Yes
6559-PDZLR,0.5577,Month-to-month,Fiber optic,26,98.65,2537.0,No
8992-OBVDG,0.2095,Month-to-month,DSL,21,61.65,1393.6,No
4273-MBHYA,0.7568,Month-to-month,Fiber optic,1,89.35,89.35,No
4724-WXVWF,0.3269,Month-to-month,Fiber optic,48,95.4,4445.3,No
5701-GUXDC,0.0895,One year,DSL,26,35.4,978.6,No
1460-UZPRJ,0.0033,Two year,No,60,19.95,1258.15,No
6082-GLJIX,0.0911,Month-to-month,No,18,19.25,331.35,No
5143-EGQFK,0.5276,Month-to-month,DSL,10,29.65,291.4,Yes
4919-IKATY,0.6017,Month-to-month,Fiber optic,5,84.5,453.75,Yes
2495-TTHBQ,0.1181,One year,No,4,20.4,84.75,No
0485-ZBSLN,0.0035,Two year,No,65,24.75,1715.1,No
3810-PJUHR,0.0021,Two year,No,70,25.35,1715.15,No
9050-QLROH,0.5641,Month-to-month,Fiber optic,18,90.7,1597.25,Yes
0847-HGRML,0.0023,Two year,No,62,20.0,1250.1,No
8232-CTLKO,0.0146,Two year,DSL,66,59.75,3996.8,No
9227-YBAXE,0.016,Two year,DSL,65,82.5,5215.1,No
6168-WFVVF,0.7385,Month-to-month,Fiber optic,3,70.3,235.5,Yes
9860-LISIZ,0.0342,Month-to-month,No,34,20.35,673.2,No
0112-QAWRZ,0.5869,Month-to-month,Fiber optic,16,90.8,1442.2,No
0877-SDMBN,0.1988,One year,Fiber optic,54,103.95,5639.05,Yes
2786-GCDPI,0.5084,Month-to-month,Fiber optic,50,104.95,5222.35,No
4043-MKDTV,0.0761,Two year,Fiber optic,71,105.25,7291.75,No
8065-YKXKD,0.6902,Month-to-month,Fiber optic,10,74.75,799.65,Yes
9637-EIHEQ,0.4375,Month-to-month,DSL,1,50.8,50.8,Yes
9229-RQABD,0.0629,One year,No,18,23.75,424.5,No
8313-KTIHG,0.459,Month-to-month,DSL,4,61.3,249.4,No
5320-BRKGK,0.0102,Two year,DSL,58,75.8,4415.75,No
6284-KMNUF,0.2304,One year,Fiber optic,56,98.0,5270.6,No
9689-PTNPG,0.74,Month-to-month,Fiber optic,2,80.25,144.55,Yes
9465-RWMXL,0.5019,Month-to-month,Fiber optic,32,78.9,2447.95,Yes
6229-UOLQL,0.0255,One year,DSL,56,52.0,2884.9,No
2362-IBOOY,0.509,Month-to-month,Fiber optic,36,84.75,3050.15,Yes
3137-LUPIX,0.4481,Month-to-month,DSL,4,64.4,253.0,No
0843-WTBXE,0.2372,Month-to-month,Fiber optic,53,85.45,4517.25,Yes
6143-JQKEA,0.3315,Month-to-month,DSL,10,45.8,436.2,No
8676-OOQEJ,0.4403,Month-to-month,DSL,4,30.5,118.4,No
5515-IDEJJ,0.1571,Month-to-month,No,1,19.9,19.9,Yes
9701-CDXHR,0.1762,Month-to-month,Fiber optic,51,69.15,3649.6,No
7450-NWRTR,0.8173,Month-to-month,Fiber optic,12,99.45,1200.15,Yes
8124-NZVGJ,0.3416,One year,DSL,6,49.25,255.6,No
2162-FRZAA,0.0071,Two year,DSL,63,39.35,2395.05,No
5376-DEQCP,0.6976,Month-to-month,Fiber optic,1,70.6,70.6,Yes
5118-MUEYH,0.3284,Month-to-month,Fiber optic,48,105.1,5083.55,No
9095-HFAFX,0.6326,Month-to-month,Fiber optic,5,81.0,389.6,Yes
5627-TVBPP,0.023,One year,No,35,20.1,644.5,No
2379-ENZGV,0.6797,Month-to-month,Fiber optic,6,84.85,523.5,Yes
3936-QQFLL,0.2044,Month-to-month,No,2,19.75,39.3,No
2589-AYCRP,0.0108,One year,No,50,19.75,989.05,No
4067-HLYQI,0.3475,Month-to-month,Fiber optic,33,70.4,2406.1,No
5124-EOGYE,0.0144,Two year,No,31,20.45,638.55,No
5057-RKGLH,0.0391,Two year,No,9,20.35,191.1,No
0292-WEGCH,0.1502,Month-to-month,DSL,54,86.2,4524.05,No
8910-ICHIU,0.1469,One year,Fiber optic,46,95.65,4664.2,No
4097-YODCF,0.3216,One year,Fiber optic,34,103.8,3470.8,No
9715-WZCLW,0.0715,Two year,Fiber optic,71,97.2,6910.3,No
9786-YWNHU,0.0046,Two year,DSL,63,63.55,4014.2,No
6407-GSJNL,0.0088,Two year,No,51,24.95,1288.0,No
6005-OBZPH,0.6109,Month-to-month,Fiber optic,26,89.15,2277.65,Yes
4049-ZPALD,0.0699,Two year,Fiber optic,64,99.0,6375.8,No
7932-WPTDS,0.7221,Month-to-month,DSL,1,24.8,24.8,Yes
3733-UOCWF,0.1018,One year,Fiber optic,61,85.55,5251.75,No
6833-JMZYP,0.6101,Month-to-month,Fiber optic,15,94.0,1505.45,No
2722-VOJQL,0.143,One year,Fiber optic,64,105.65,6903.1,Yes
1310-QRITU,0.4029,Month-to-month,DSL,18,50.3,913.3,No
8961-QDZZJ,0.2234,One year,Fiber optic,57,95.0,5535.8,No
9715-SBVSU,0.0651,Two year,DSL,14,61.4,815.55,No
8490-BXHEO,0.5664,Month-to-month,Fiber optic,18,80.55,1411.65,No
7173-TETGO,0.028,Two year,Fiber optic,72,78.5,5602.25,No
7929-SKFGK,0.0382,Two year,Fiber optic,70,114.3,8244.3,No
2300-RQGOI,0.0074,Two year,No,38,20.05,741.5,No
3563-SVYLG,0.0033,Two year,DSL,68,62.65,4375.8,No
5228-EXCET,0.6433,Month-to-month,Fiber optic,13,80.85,1008.7,Yes
6435-VWCCY,0.0668,Two year,Fiber optic,65,92.7,5968.4,No
4998-IKFSE,0.5386,Month-to-month,Fiber optic,30,100.45,3096.9,No
8630-QSGXK,0.0464,Two year,DSL,51,75.2,3901.25,No
2455-USLMV,0.3229,Month-to-month,Fiber optic,31,84.75,2613.4,No
7394-FKDNK,0.68,Month-to-month,Fiber optic,9,89.45,853.1,Yes
9488-FVZCC,0.0099,Two year,DSL,72,79.5,5661.7,No
6331-LWDTQ,0.4929,Month-to-month,DSL,10,72.15,794.25,Yes
5995-WWKKG,0.0411,One year,No,37,19.8,695.05,No
1597-FZREH,0.3894,Month-to-month,DSL,2,76.4,160.8,Yes
7879-CGSFV,0.136,One year,Fiber optic,55,100.9,5552.05,No
9921-EZKBY,0.374,Month-to-month,Fiber optic,33,95.3,3275.15,No
7432-FFVAR,0.0785,One year,Fiber optic,46,90.95,4236.6,No
7246-ZGQDF,0.2381,Month-to-month,DSL,1,54.5,54.5,No
7000-WCEVQ,0.3925,Month-to-month,DSL,20,61.6,1174.35,Yes
0727-IWKVK,0.5825,Month-to-month,Fiber optic,9,79.9,741.7,Yes
5959-BELXA,0.5792,Month-to-month,Fiber optic,32,96.15,3019.25,Yes
4456-RHSNB,0.2254,Month-to-month,DSL,19,49.6,962.9,No
3512-IZIKN,0.0062,Two year,DSL,70,65.3,4759.75,Yes
2481-SBOYW,0.0054,Two year,No,61,25.0,1498.35,No
7109-MFBYV,0.1876,Month-to-month,DSL,26,45.45,1233.15,No
1833-TCXKK,0.4334,Month-to-month,Fiber optic,45,107.75,4882.8,No
1832-PEUTS,0.0633,Two year,Fiber optic,62,89.1,5411.65,No
6141-OOXUQ,0.1831,Month-to-month,No,1,19.65,19.65,Yes
8660-BUETV,0.3244,Month-to-month,DSL,3,44.75,148.05,No
0580-PIQHM,0.152,One year,Fiber optic,41,101.6,3930.55,No
5696-CEIQJ,0.0408,Two year,Fiber optic,67,103.15,6895.5,No
7503-ZGUZJ,0.7284,Month-to-month,Fiber optic,1,84.65,84.65,Yes
1696-HXOWK,0.0681,One year,Fiber optic,71,95.65,6856.95,No
3026-ATZYV,0.055,One year,DSL,37,75.1,2658.8,No
4012-YCFAI,0.0084,Two year,DSL,60,61.35,3766.2,No
2506-TNFCO,0.751,Month-to-month,Fiber optic,1,69.55,69.55,Yes
9970-QBCDA,0.1687,Month-to-month,No,6,19.7,129.55,No
8718-PTMEZ,0.4844,Month-to-month,DSL,13,31.05,347.25,Yes
9496-IVVRP,0.1561,Month-to-month,DSL,11,51.0,581.7,No
2207-OBZNX,0.2728,Month-to-month,DSL,7,51.0,354.05,Yes
2657-VPXTA,0.7051,Month-to-month,Fiber optic,10,88.85,929.45,No
6551-VLJMV,0.0122,Two year,No,34,20.05,679.0,No
1221-GHZEP,0.01,Two year,DSL,62,65.1,3846.75,No
9289-LBQVU,0.0313,One year,DSL,64,70.15,4480.7,No
6142-VSJQO,0.4154,Month-to-month,DSL,1,44.35,44.35,Yes
3458-IDMFK,0.0263,Two year,No,25,20.75,499.4,No
6933-FHBZC,0.1037,One year,DSL,26,56.05,1553.2,No
0221-NAUXK,0.0893,One year,No,10,19.95,219.5,No
9770-KXGQU,0.1078,One year,Fiber optic,53,98.6,5311.85,No
6437-UKHMV,0.699,Month-to-month,Fiber optic,7,79.7,586.05,Yes
6538-POCHL,0.2685,Month-to-month,Fiber optic,33,79.0,2576.8,No
6726-NNFWD,0.0352,Two year,Fiber optic,71,89.45,6435.25,No
3002-WQZWT,0.5429,Month-to-month,Fiber optic,29,74.2,1993.25,No
4277-UDIEF,0.153,Month-to-month,DSL,24,81.0,1923.85,No
1208-NBVFH,0.2933,Month-to-month,DSL,20,49.6,939.8,No
4912-PIGUY,0.7739,Month-to-month,Fiber optic,1,84.6,84.6,No
1114-CENIM,0.081,Month-to-month,DSL,54,55.0,3092.65,Yes
6060-DRTNL,0.7088,Month-to-month,Fiber optic,5,84.85,415.55,Yes
2725-TTRIQ,0.0141,Two year,DSL,72,84.2,5986.55,No
3374-TTZTK,0.0786,Two year,Fiber optic,52,106.3,5487.0,No
8990-ZXLSU,0.5427,Month-to-month,Fiber optic,9,69.05,651.5,No
2275-RBYQS,0.4374,Month-to-month,DSL,1,45.4,45.4,No
8473-VUVJN,0.7907,Month-to-month,Fiber optic,1,73.65,73.65,Yes
6289-CPNLD,0.0898,One year,DSL,33,73.9,2405.05,Yes
5536-SLHPM,0.2977,Month-to-month,Fiber optic,55,77.75,4458.15,Yes
4419-UJMUS,0.1066,Two year,Fiber optic,69,99.35,6856.45,No
7794-JASDG,0.3305,Month-to-month,DSL,1,50.75,50.75,No
7609-YBPXG,0.0222,Two year,DSL,54,87.1,4735.2,No
5519-TEEUH,0.0232,One year,No,33,20.15,682.15,No
7856-GANIL,0.2565,One year,Fiber optic,45,98.7,4525.8,No
0804-XBFBV,0.447,Month-to-month,DSL,11,25.2,321.05,No
2676-OXPPQ,0.2678,Month-to-month,DSL,6,55.7,335.65,No
3703-TTEPD,0.1755,Month-to-month,DSL,21,65.35,1424.4,No
2799-TSLAG,0.0034,Two year,No,65,25.3,1748.55,No
0196-VULGZ,0.804,Month-to-month,Fiber optic,6,84.35,474.9,Yes
8837-VVWLQ,0.5333,Month-to-month,Fiber optic,8,84.95,668.4,Yes
2696-NARTR,0.5509,Month-to-month,Fiber optic,11,73.85,926.25,Yes
2208-NKVVH,0.0089,Two year,No,43,24.25,1077.95,No
7614-QVWQL,0.0942,One year,DSL,49,51.8,2541.25,Yes
1976-CFOCS,0.5001,Month-to-month,DSL,1,46.0,46.0,Yes
4631-OACRM,0.6892,Month-to-month,Fiber optic,15,79.4,1156.1,Yes
7139-JZFVG,0.0057,Two year,DSL,60,60.5,3694.45,No
4987-GQWPO,0.3032,Month-to-month,DSL,17,25.1,382.8,No
3755-JBMNH,0.5041,Month-to-month,Fiber optic,16,71.8,1167.8,Yes
1757-TCATG,0.0223,One year,No,35,20.05,746.75,No
6345-ULYRW,0.202,One year,Fiber optic,44,88.4,3912.9,Yes
4776-XSKYQ,0.149,One year,DSL,12,30.25,368.85,No
8048-DSDFQ,0.2117,Month-to-month,No,1,20.2,20.2,No
5753-QQWPW,0.0676,One year,DSL,28,59.9,1654.7,No
6010-DDPPW,0.0034,Two year,No,70,25.15,1940.85,No
1809-DMJHQ,0.2798,Month-to-month,DSL,5,46.0,221.7,Yes
6693-FRIRW,0.442,Month-to-month,Fiber optic,18,101.3,1794.65,No
6586-MYGKD,0.0143,Two year,DSL,70,76.95,5289.8,No
3173-NVMPX,0.3456,Month-to-month,DSL,9,55.3,501.2,No
0248-PGHBZ,0.0315,Two year,Fiber optic,67,92.45,6140.85,No
0623-GDISB,0.3413,Month-to-month,DSL,1,48.45,48.45,No
2892-GESUL,0.0209,Two year,No,18,19.35,309.25,No
6923-EFPNL,0.326,Month-to-month,DSL,4,51.75,201.1,Yes
7472-EQOAV,0.0661,One year,Fiber optic,71,86.7,6179.35,No
9574-RKJIF,0.4232,Month-to-month,Fiber optic,30,94.4,2838.7,Yes
2043-WVTQJ,0.2572,Month-to-month,DSL,1,55.7,55.7,No
8034-RYTVV,0.1137,One year,Fiber optic,55,84.25,4589.85,No
3863-QSTYI,0.0986,Month-to-month,DSL,59,64.65,3735.45,No
2619-WFQWU,0.6237,Month-to-month,Fiber optic,1,70.15,70.15,Yes
5044-LRQAQ,0.5963,Month-to-month,Fiber optic,7,69.2,477.55,No
1716-LSAMB,0.0076,Two year,DSL,45,54.65,2553.7,No
1333-PBMXB,0.014,One year,No,54,24.75,1342.15,No
6546-OPBBH,0.012,One year,No,51,23.95,1216.35,No
5985-BEHZK,0.1409,One year,Fiber optic,72,105.0,7578.05,No
9127-QRZMH,0.0275,One year,DSL,44,59.85,2603.95,No
5919-VCZYM,0.1753,Month-to-month,No,2,20.05,42.7,No
9644-KVCNC,0.1603,One year,Fiber optic,66,92.15,6056.9,No
2137-DQMEV,0.0177,One year,DSL,68,44.8,2983.65,No
8174-LNWMW,0.011,Two year,No,31,20.9,689.35,No
9279-CJEOJ,0.7087,Month-to-month,Fiber optic,21,95.4,2025.1,No
7964-VEXDG,0.4032,Month-to-month,Fiber optic,21,80.35,1747.2,No
2404-JIBFC,0.0263,Two year,DSL,55,85.1,4657.95,No
0778-NELLA,0.5447,Month-to-month,DSL,9,34.7,296.1,Yes
8029-XYPWT,0.0709,Two year,Fiber optic,71,115.05,8016.6,No
4614-NUVZD,0.7396,Month-to-month,Fiber optic,1,81.1,81.1,Yes
4632-PAOYU,0.0335,One year,No,22,19.95,433.5,No
3803-KMQFW,0.187,Month-to-month,No,1,20.55,20.55,Yes
6804-GDMOI,0.1266,Two year,Fiber optic,61,106.6,6428.4,Yes
2990-OGYTD,0.0192,Two year,DSL,67,86.15,5883.85,No
6646-JPPHA,0.4332,Month-to-month,Fiber optic,14,78.85,1043.8,No
9572-MTILT,0.212,Month-to-month,Fiber optic,59,106.75,6252.9,Yes
7658-UYUQS,0.4788,Month-to-month,Fiber optic,21,86.55,1857.25,No
7880-XSOJX,0.2063,Month-to-month,DSL,4,42.4,146.4,No
9611-CTWIH,0.7727,Month-to-month,Fiber optic,3,89.45,240.45,Yes
4589-IUAJB,0.0024,Two year,No,70,24.25,1724.15,No
0329-GTIAJ,0.6387,Month-to-month,Fiber optic,3,97.9,315.3,Yes
8746-BFOAJ,0.0469,One year,No,21,20.5,429.55,No
8457-XIGKN,0.1226,Month-to-month,No,20,19.6,356.15,No
6072-NUQCB,0.0418,One year,No,22,20.25,488.25,No
6629-CZTTH,0.4913,Month-to-month,DSL,1,55.7,55.7,Yes
8838-GPHZP,0.004,Two year,No,63,20.6,1298.7,No
8750-QWZAJ,0.0016,Two year,No,70,19.8,1378.75,No
5364-EVNIB,0.54,Month-to-month,Fiber optic,13,79.8,973.45,Yes
6918-UMQCG,0.6439,Month-to-month,Fiber optic,5,80.2,384.25,No
0675-NCDYU,0.0495,Two year,Fiber optic,72,116.4,8543.25,No
6339-DKLMK,0.4862,Month-to-month,DSL,13,31.65,389.95,No
1346-PJWTK,0.1214,Month-to-month,Fiber optic,61,94.15,5731.85,No
5088-QZLRL,0.2468,Month-to-month,No,1,20.65,20.65,No
8023-QHAIO,0.2002,Month-to-month,Fiber optic,56,76.85,4275.75,No
4397-FRLTA,0.1775,Month-to-month,No,4,20.15,84.5,No
3057-VJJQE,0.0277,Two year,DSL,35,55.25,1924.1,No
5087-SUURX,0.5186,Month-to-month,DSL,18,39.05,669.85,Yes
2302-OUZXB,0.019,Two year,DSL,72,82.15,5784.3,No
8133-ANHHJ,0.1259,One year,Fiber optic,49,103.0,5166.2,No
2270-CHBFN,0.1886,Month-to-month,Fiber optic,44,95.1,4060.55,No
0013-EXCHZ,0.6093,Month-to-month,Fiber optic,3,83.9,267.4,Yes
5982-FPVQN,0.4706,Month-to-month,Fiber optic,37,95.15,3532.85,No
9107-UKCKY,0.0981,One year,DSL,61,79.8,4914.8,No
4654-ULTTN,0.0111,Two year,DSL,70,74.8,5315.8,No
5550-VFRLC,0.7415,Month-to-month,Fiber optic,1,69.85,69.85,Yes
5546-BYZSM,0.0455,Month-to-month,No,41,20.45,775.6,No
1492-KGETH,0.0159,One year,DSL,70,78.35,5445.95,No
4929-BSTRX,0.4806,Month-to-month,DSL,1,53.55,53.55,Yes
4163-HFTUK,0.0141,One year,No,51,19.1,1007.8,No
8215-NGSPE,0.0073,Two year,No,42,20.0,833.55,No
2225-ZRGSG,0.0175,Two year,Fiber optic,70,93.9,6579.05,Yes
8859-YSTWS,0.0111,One year,No,48,19.95,1004.5,No
5271-YNWVR,0.0637,Two year,Fiber optic,68,113.15,7856.0,Yes
7601-DHFWZ,0.0092,Two year,No,48,24.0,1183.05,No
2657-ALMWY,0.4789,Month-to-month,Fiber optic,26,84.95,2169.75,Yes
6330-JKLPC,0.5339,Month-to-month,Fiber optic,11,80.5,896.9,Yes
4667-OHGKG,0.2384,Month-to-month,No,1,19.3,19.3,Yes
1998-VHJHK,0.034,One year,No,27,19.15,501.35,No
1707-HABPF,0.2043,One year,Fiber optic,46,91.3,4126.35,No
1660-HSOOQ,0.4239,Month-to-month,DSL,1,49.65,49.65,Yes
7253-UVNDW,0.0132,Two year,DSL,46,54.35,2460.15,Yes
0487-VVUVK,0.0791,Month-to-month,No,25,19.15,477.6,No
7228-OMTPN,0.7725,Month-to-month,Fiber optic,4,88.45,370.65,Yes
5063-IUOKK,0.0295,Two year,No,13,19.75,265.75,No
4508-OEBEY,0.0556,One year,DSL,31,75.5,2424.45,No
0027-KWYKW,0.6008,Month-to-month,Fiber optic,23,83.75,1849.95,No
2308-STERM,0.2084,Month-to-month,No,2,19.4,61.05,No
5982-XMDEX,0.0045,Two year,No,65,26.5,1698.55,No
6284-AHOOQ,0.5684,Month-to-month,Fiber optic,22,90.5,1910.6,Yes
6051-PTVNS,0.0064,One year,No,55,19.15,998.1,No
2344-JMOGN,0.5195,Month-to-month,Fiber optic,9,94.85,890.6,Yes
3799-ISUZQ,0.4988,Month-to-month,Fiber optic,7,69.95,529.5,Yes
2877-VDUER,0.0682,One year,DSL,35,40.9,1383.6,No
9152-AMKAK,0.09,Two year,DSL,6,80.25,493.4,No
1794-HBQTJ,0.3423,Month-to-month,DSL,1,48.6,48.6,Yes
9432-VOFYX,0.5661,Month-to-month,Fiber optic,17,70.8,1207.0,No
8049-WJCLQ,0.2706,Month-to-month,DSL,10,60.2,563.5,No
6586-PSJOX,0.0731,One year,DSL,15,55.2,864.55,No
2460-FPSYH,0.3037,Month-to-month,DSL,40,55.8,2109.35,Yes
9705-ZJBCG,0.0707,One year,DSL,13,54.15,701.05,No
4818-DRBQT,0.42,Month-to-month,Fiber optic,29,80.15,2265.25,Yes
1320-HTRDR,0.7291,Month-to-month,Fiber optic,3,75.5,220.6,Yes
6847-KJLTS,0.3826,Month-to-month,Fiber optic,58,100.4,5749.8,No
9670-BPNXF,0.0258,One year,DSL,45,62.55,2796.45,No
3913-FCUUW,0.0072,Two year,DSL,72,70.45,5165.7,No
3301-VKTGC,0.0633,One year,Fiber optic,68,85.5,5696.6,No
1493-AMTIE,0.2641,Month-to-month,No,1,20.2,20.2,Yes
9555-SAHUZ,0.0871,Month-to-month,DSL,38,54.5,2076.05,No
0816-TSPHQ,0.1872,Month-to-month,No,2,20.75,44.2,No
9932-WBWIK,0.1137,Month-to-month,No,11,20.35,215.25,No
4619-EVPHY,0.5256,One year,Fiber optic,20,91.0,1859.5,No
5286-YHCVC,0.0985,Two year,Fiber optic,72,104.8,7470.1,No
6424-ELEYH,0.6648,Month-to-month,Fiber optic,3,74.75,229.5,Yes
4391-RESHN,0.5266,Month-to-month,Fiber optic,23,104.05,2470.1,Yes
9115-YQHGA,0.1205,Month-to-month,DSL,40,51.1,2092.9,No
4462-CYWMH,0.2956,Month-to-month,Fiber optic,62,89.8,5629.55,No
8963-MQVYN,0.1293,Month-to-month,No,22,20.55,469.85,No
2458-EOMRE,0.2487,Month-to-month,DSL,11,64.05,733.95,No
9334-GWGOW,0.7591,Month-to-month,Fiber optic,7,74.85,485.25,No
6821-BUXUX,0.5598,Month-to-month,Fiber optic,13,96.65,1244.5,Yes
5028-HTLJB,0.2242,Month-to-month,No,1,20.05,20.05,Yes
9801-GDWGV,0.5559,Month-to-month,Fiber optic,39,103.45,3994.45,Yes
6542-LWGXJ,0.4745,Month-to-month,DSL,3,25.0,78.25,No
5567-GZKQY,0.003,Two year,No,58,20.3,1131.5,No
1222-LRYKO,0.1738,Month-to-month,No,6,26.35,184.05,No
2320-JRSDE,0.2904,Month-to-month,No,1,19.9,19.9,Yes
2087-QAREY,0.2027,Month-to-month,DSL,22,54.7,1178.75,No
0601-WZHJF,0.5295,Month-to-month,DSL,14,46.35,667.7,Yes
4423-JWZJN,0.1017,One year,Fiber optic,64,90.25,5629.15,No
5143-WMWOG,0.2639,Month-to-month,No,1,19.95,19.95,Yes
6490-FGZAT,0.1577,Month-to-month,No,6,20.65,109.3,No
5393-RXQSZ,0.6661,Month-to-month,Fiber optic,1,79.6,79.6,Yes
7452-FOLON,0.0214,One year,No,39,25.45,958.45,No
2320-TZRRH,0.0483,One year,No,20,19.5,403.15,No
0231-LXVAP,0.6278,Month-to-month,Fiber optic,1,75.9,75.9,Yes
9444-JTXHZ,0.598,Month-to-month,Fiber optic,1,76.2,76.2,Yes
4942-VZZOM,0.0346,One year,DSL,64,66.15,4392.5,No
5510-BOIUJ,0.1827,Month-to-month,No,1,19.25,19.25,Yes
7502-BNYGS,0.1593,Month-to-month,DSL,46,69.1,3168.0,No
4291-HYEBC,0.2939,One year,DSL,28,39.1,1096.6,No
6147-CBCRA,0.0364,Month-to-month,No,33,20.05,669.45,No
6047-SUHPR,0.0354,One year,DSL,39,59.8,2343.85,No
4471-KXAUH,0.3365,Month-to-month,Fiber optic,42,84.3,3588.4,Yes
9752-ZNQUT,0.4704,Month-to-month,DSL,1,48.6,48.6,No
7638-QVMVY,0.6954,Month-to-month,Fiber optic,7,79.0,522.95,Yes
1576-PFZIW,0.0487,Two year,Fiber optic,70,105.35,7511.9,No
5666-MBJPT,0.0062,Two year,No,65,25.1,1725.0,No
7312-XSBAT,0.3155,Month-to-month,DSL,1,49.75,49.75,No
3096-GKWEB,0.7307,Month-to-month,Fiber optic,18,94.75,1691.9,No
2371-JQHZZ,0.7051,Month-to-month,Fiber optic,24,93.0,2248.05,No
0674-GCDXG,0.0146,Two year,DSL,63,71.9,4479.2,No
1121-QSIVB,0.107,One year,DSL,44,77.55,3471.1,No
4396-KLSEH,0.2945,Month-to-month,No,4,19.85,63.0,No
3244-DCJWY,0.7107,Month-to-month,Fiber optic,1,70.25,70.25,Yes
2824-MYYBN,0.5884,Month-to-month,Fiber optic,37,95.25,3314.15,No
0875-CABNR,0.6578,Month-to-month,Fiber optic,10,84.6,865.55,Yes
6345-HOVES,0.2252,Month-to-month,DSL,34,25.05,852.7,No
8318-LCNBW,0.1009,One year,DSL,35,53.15,1930.9,No
6469-QJKZW,0.2461,Month-to-month,No,4,20.15,91.4,No
0147-ESWWR,0.5934,Month-to-month,Fiber optic,39,101.25,3949.15,No
1217-VASWC,0.2488,One year,Fiber optic,43,100.55,4304.0,No
7812-FZHPE,0.0937,Month-to-month,No,17,24.1,409.9,Yes
6370-ZVHDV,0.0043,Two year,No,61,25.3,1554.9,No
5915-DGNVC,0.0543,One year,DSL,49,71.8,3472.05,No
6260-XLACS,0.101,One year,No,4,19.7,117.8,No
3566-CAAYU,0.0138,Two year,DSL,64,49.85,3210.35,No
4983-CCWMC,0.6039,Month-to-month,Fiber optic,3,69.6,207.4,No
9103-CXVOK,0.2147,Month-to-month,No,1,19.75,19.75,No
2896-TBNBE,0.1439,One year,Fiber optic,40,80.8,3132.75,No
4797-AXPXK,0.2638,Month-to-month,DSL,1,60.0,60.0,Yes
5229-PRWKT,0.7374,Month-to-month,Fiber optic,8,86.55,649.65,Yes
6982-UQZLY,0.303,Month-to-month,No,1,20.85,20.85,Yes
2522-WLNSF,0.0741,One year,DSL,34,64.2,2106.3,No
3841-CONLJ,0.658,Month-to-month,DSL,1,35.0,35.0,No
5057-LCOUI,0.3717,Month-to-month,DSL,39,50.75,2011.4,Yes
0193-ESZXP,0.1111,One year,Fiber optic,58,105.5,6205.5,Yes
4475-NVTLU,0.0076,Two year,No,45,19.2,903.7,No
4369-HTUIF,0.6239,Month-to-month,Fiber optic,6,85.15,503.6,Yes
9386-LDCZR,0.0682,One year,Fiber optic,43,90.65,3882.3,No
9585-KKMFD,0.0088,Two year,No,41,20.0,879.8,No
5399-ZIMKF,0.6247,Month-to-month,Fiber optic,5,74.65,383.65,No
0336-KXKFK,0.0142,Two year,DSL,72,61.2,4390.25,No
5619-XZZKR,0.095,One year,No,4,19.95,68.2,No
3948-FVVRP,0.1483,Month-to-month,DSL,9,54.8,452.8,No
5327-XOKKY,0.0303,Two year,DSL,72,73.45,5329.0,No
0983-TATYJ,0.0761,One year,DSL,33,51.45,1758.9,No
1813-JYWTO,0.0236,Two year,Fiber optic,72,80.45,5737.6,No
0156-FVPTA,0.1563,Month-to-month,DSL,22,54.2,1152.7,Yes
1984-FCOWB,0.1672,One year,Fiber optic,70,109.5,7674.55,Yes
0654-HMSHN,0.5572,Month-to-month,Fiber optic,21,104.4,2157.95,Yes
6719-OXYBR,0.5453,Month-to-month,Fiber optic,15,85.3,1219.85,No
3312-ZWLGF,0.5105,Month-to-month,Fiber optic,29,79.3,2414.55,No
6476-YHMGA,0.1956,Month-to-month,DSL,15,76.5,1155.6,No
5287-QWLKY,0.216,Month-to-month,Fiber optic,71,105.1,7548.1,Yes
0795-XCCTE,0.0024,Two year,No,72,25.4,1809.35,No
0168-XZKBB,0.6516,Month-to-month,Fiber optic,19,86.85,1564.4,No
3785-NRHYR,0.2013,Month-to-month,No,1,19.65,19.65,No
5196-SGOAK,0.6658,Month-to-month,Fiber optic,1,75.7,75.7,Yes
4537-DKTAL,0.4375,Month-to-month,DSL,2,45.55,84.4,No
7072-MBHEV,0.6016,Month-to-month,Fiber optic,11,78.1,864.85,No
5602-BVFMK,0.0617,One year,No,12,19.3,228.75,No
6297-NOOPG,0.1047,Two year,Fiber optic,70,110.5,7752.05,No
1891-UAWWU,0.6522,Month-to-month,Fiber optic,20,90.8,1951.0,Yes
8204-TIFGJ,0.1118,Month-to-month,No,23,20.3,470.6,No
8050-DVOJX,0.0214,Two year,DSL,49,81.35,4060.9,No
6108-OQZDQ,0.7601,Month-to-month,Fiber optic,4,97.95,384.5,Yes
0363-QJVFX,0.3705,Month-to-month,Fiber optic,32,108.15,3432.9,Yes
8903-XEBGX,0.5488,Month-to-month,DSL,2,55.3,108.65,No
8169-SAEJD,0.0137,Two year,DSL,69,56.55,3952.65,No
9840-DVNDC,0.6193,Month-to-month,Fiber optic,6,80.5,463.05,Yes
1089-XZWHH,0.0206,Two year,No,24,19.7,494.05,No
2325-WINES,0.3689,One year,Fiber optic,32,104.05,3416.85,No
6064-ZATLR,0.0316,Two year,DSL,27,52.85,1498.65,No
3096-JRDSO,0.5331,Month-to-month,Fiber optic,27,104.3,2867.75,Yes
7824-PANSQ,0.1373,Month-to-month,Fiber optic,58,80.65,4807.35,No
8042-JVNFH,0.6343,Month-to-month,Fiber optic,1,71.35,71.35,Yes
9648-BCHKM,0.0401,Two year,No,18,24.65,471.35,No
2888-ADFAO,0.0064,Two year,No,47,21.3,1041.8,No
8707-HOEDG,0.0939,Two year,Fiber optic,70,110.2,7689.8,No
3374-LXDEV,0.4461,Month-to-month,Fiber optic,13,89.4,1132.35,Yes
4072-IPYLT,0.0565,Month-to-month,DSL,36,51.05,1815.0,No
7167-PCEYD,0.0032,Two year,No,67,19.8,1311.3,No
4936-YPJNK,0.1993,Month-to-month,No,10,19.9,199.45,No
1580-BMCMR,0.5731,Month-to-month,Fiber optic,19,87.3,1637.3,No
4817-KEQSP,0.002,Two year,No,71,19.85,1326.35,No
6408-WHTEF,0.0114,Two year,DSL,72,89.4,6376.55,No
9251-AWQGT,0.0057,Two year,No,48,20.0,935.9,No
8749-CLJXC,0.1834,Month-to-month,No,1,20.05,20.05,No
7989-VCQOH,0.1859,Month-to-month,DSL,18,83.25,1611.15,No
5049-GLYVG,0.1838,Month-to-month,No,1,20.6,20.6,Yes
4199-QHJNM,0.0618,Two year,Fiber optic,67,102.9,6989.7,No
8882-TLVRW,0.0046,Two year,DSL,69,39.1,2779.5,No
5883-GTGVD,0.6712,Month-to-month,Fiber optic,19,99.95,1931.75,Yes
5135-GRQJV,0.0639,Two year,Fiber optic,72,114.5,8331.95,No
2384-OVPSA,0.0131,Two year,No,38,20.2,735.9,No
1371-WEPDS,0.1106,One year,DSL,40,55.8,2283.3,No
3580-GICBM,0.0052,Two year,No,61,24.2,1445.2,No
4817-QRJSX,0.5685,Month-to-month,Fiber optic,10,81.0,818.05,Yes
9730-DRTMJ,0.0885,One year,DSL,32,72.8,2333.05,No
4686-UXDML,0.624,Month-to-month,Fiber optic,21,99.85,1992.55,No
3349-ANQNH,0.3509,One year,Fiber optic,59,99.5,5890.0,No
2398-YPMUR,0.6285,Month-to-month,Fiber optic,13,70.15,916.75,Yes
0932-YIXYU,0.0046,Two year,No,47,20.25,1029.8,No
7480-SPLEF,0.0035,Two year,No,69,26.0,1796.55,No
7636-XUHWW,0.2577,Month-to-month,No,2,19.9,33.7,No
1431-CYWMH,0.0679,Month-to-month,No,22,19.05,454.05,No
5937-EORGB,0.6548,Month-to-month,Fiber optic,15,96.5,1392.25,No
6349-JDHQP,0.0046,Two year,No,53,19.85,1049.6,No
5539-HIVAK,0.104,Month-to-month,No,28,25.7,734.6,No
5847-MXBEO,0.0412,One year,No,22,20.3,475.1,No
9985-MWVIX,0.6438,Month-to-month,Fiber optic,1,70.15,70.15,Yes
4583-PARNH,0.5801,Month-to-month,Fiber optic,16,91.55,1540.05,No
1116-FRYVH,0.0096,Two year,DSL,48,39.4,1978.65,No
1421-HCERK,0.3855,Month-to-month,Fiber optic,30,105.7,3181.8,No
9633-XQABV,0.697,Month-to-month,Fiber optic,3,70.25,229.7,No
0716-BQNDX,0.0664,Two year,Fiber optic,57,93.75,5625.55,No
1265-XTECC,0.1256,One year,Fiber optic,68,96.55,6581.9,Yes
1183-CANVH,0.1007,One year,DSL,23,60.0,1347.15,No
1972-XMUWV,0.0127,Two year,DSL,65,59.8,3808.2,No
8679-LZBMD,0.2793,One year,Fiber optic,44,90.65,3974.15,No
3407-JMJQQ,0.0614,Two year,Fiber optic,71,109.0,7661.8,No
6252-DFGTK,0.0335,One year,DSL,37,68.1,2479.25,No
1539-LNKHM,0.1262,Month-to-month,No,12,20.4,266.6,No
8645-KOMJQ,0.0204,Two year,DSL,69,81.95,5601.4,No
0289-IVARM,0.0912,Month-to-month,DSL,35,60.55,1982.6,No
9761-XUJWD,0.3245,Month-to-month,DSL,5,65.6,339.9,No
4057-FKCZK,0.0597,Two year,Fiber optic,58,82.5,4828.05,No
4291-TPNFG,0.0113,Two year,DSL,72,82.3,5980.55,No
6087-YPWHO,0.005,Two year,DSL,72,68.15,4808.7,No
3090-QFUVD,0.1898,Month-to-month,No,1,20.3,20.3,No
2237-ZFSMY,0.1797,One year,Fiber optic,39,95.55,3692.85,Yes
1722-LDZJS,0.0054,One year,No,53,20.2,1068.15,No
1818-ESQMW,0.4532,Month-to-month,Fiber optic,27,89.2,2383.6,No
4871-JTKJF,0.7274,Month-to-month,Fiber optic,1,69.65,69.65,Yes
1415-YFWLT,0.8156,Month-to-month,Fiber optic,1,89.3,89.3,Yes
7401-RUBNK,0.3884,Month-to-month,Fiber optic,18,74.8,1438.05,No
0506-YLVKJ,0.0055,Two year,No,46,20.2,917.45,No
8661-BOYNW,0.0155,Two year,DSL,72,84.4,6096.45,No
6711-VTNRE,0.3912,Month-to-month,Fiber optic,36,87.55,3078.1,Yes
4815-GBTCD,0.638,Month-to-month,DSL,4,25.15,99.95,No
2805-AUFQN,0.0202,Two year,No,25,19.8,475.2,No
0980-PVMRC,0.3003,Month-to-month,DSL,40,50.85,2036.55,No
7233-DRTRF,0.4066,Month-to-month,Fiber optic,63,102.4,6444.05,No
3500-RMZLT,0.4003,Month-to-month,Fiber optic,15,96.3,1426.75,Yes
3873-NFTGI,0.3194,Month-to-month,DSL,14,55.5,767.55,No
1162-ECVII,0.0948,Two year,Fiber optic,72,109.75,7932.5,No
7048-GXDAY,0.4728,Month-to-month,Fiber optic,39,106.4,4040.65,No
8571-ZCMCX,0.0326,Two year,DSL,47,60.0,2768.65,No
1169-WCVAK,0.3066,Month-to-month,Fiber optic,19,88.8,1672.35,No
4548-SDBKE,0.7715,Month-to-month,Fiber optic,5,85.2,474.8,Yes
8066-POXGX,0.5812,Month-to-month,DSL,13,35.1,446.1,Yes
7129-CAKJW,0.4821,Month-to-month,Fiber optic,17,80.05,1345.65,No
8695-ARGXZ,0.5446,Month-to-month,Fiber optic,34,75.55,2425.4,No
3570-YUEKJ,0.1483,Month-to-month,DSL,42,49.55,2077.95,No
4143-OOBWZ,0.6937,Month-to-month,Fiber optic,5,81.3,416.3,Yes
1555-HAPSU,0.0014,Two year,No,71,23.9,1663.5,No
1697-NVVGY,0.2107,Month-to-month,DSL,19,66.4,1286.05,No
7854-EKTJL,0.2929,Month-to-month,No,2,19.6,35.85,Yes
8464-EETCQ,0.0032,Two year,No,57,18.8,1094.35,No
2419-FSORS,0.0853,Two year,Fiber optic,72,108.4,7719.5,No
8132-YPVBX,0.5811,Month-to-month,Fiber optic,6,85.95,514.6,No
9102-IAYHT,0.6728,Month-to-month,Fiber optic,17,85.45,1451.6,Yes
6754-LZUKA,0.031,Two year,DSL,61,80.9,4932.5,No
3422-LYEPQ,0.6846,Month-to-month,Fiber optic,1,71.0,71.0,Yes
8099-MZPUJ,0.0583,Two year,Fiber optic,48,111.8,5443.65,No
0787-LHDYT,0.1392,Month-to-month,No,16,20.6,330.25,No
2642-DTVCO,0.7927,Month-to-month,Fiber optic,9,85.05,746.5,Yes
0374-IOEGQ,0.4285,Month-to-month,DSL,3,44.6,122.7,No
4361-JEIVL,0.4737,Month-to-month,DSL,1,44.4,44.4,Yes
3197-NNYNB,0.0688,Two year,Fiber optic,65,105.1,6631.85,No
3396-DKDEL,0.0447,Two year,Fiber optic,70,115.15,8250.0,No
1752-OZXFY,0.0272,One year,DSL,60,59.8,3561.15,No
9066-QRSDU,0.0084,One year,No,69,26.3,1763.55,No
9112-WSNPU,0.3565,Month-to-month,Fiber optic,35,70.55,2419.0,No
9867-NNXLC,0.1035,Month-to-month,No,22,20.05,470.2,No
5321-NTRKC,0.0181,Two year,DSL,66,79.85,5234.95,No
1363-TXLSL,0.7511,Month-to-month,Fiber optic,1,70.3,70.3,Yes
9507-EXLTT,0.7075,Month-to-month,Fiber optic,1,79.35,79.35,Yes
3161-GETRM,0.4312,Month-to-month,Fiber optic,34,90.05,3097.0,No
0402-OAMEN,0.0021,Two year,No,72,24.45,1709.1,No
6933-VLYFX,0.1186,One year,DSL,31,59.95,1848.8,No
6754-WKSHP,0.038,One year,No,30,25.35,723.3,No
9846-GKXAS,0.6444,Month-to-month,Fiber optic,9,90.8,809.75,Yes
6017-PPLPX,0.4605,Month-to-month,Fiber optic,20,70.45,1470.95,Yes
4976-LNFVV,0.3832,Month-to-month,DSL,19,34.3,577.15,No
5055-MGMGF,0.3536,Month-to-month,Fiber optic,65,105.05,6914.95,No
4641-FROLU,0.0117,Two year,No,30,19.3,602.9,No
2862-JVEOY,0.0881,One year,No,6,19.15,124.4,No
2969-QWUBZ,0.6548,Month-to-month,DSL,2,51.4,96.8,No
9822-BIIGN,0.0609,Month-to-month,DSL,53,71.85,3827.9,No
2077-MPJQO,0.7625,Month-to-month,Fiber optic,7,75.4,533.05,No
1534-OULXE,0.0175,One year,DSL,61,49.7,2961.4,No
7136-RVDTZ,0.0819,One year,DSL,70,45.25,3264.45,Yes
2971-SGAFL,0.4659,Month-to-month,DSL,13,78.75,995.35,No
1480-IVEVR,0.3345,One year,Fiber optic,35,81.6,2815.25,No
2905-KFQUV,0.6385,Month-to-month,Fiber optic,2,70.4,154.8,No
4581-SSPWD,0.7497,Month-to-month,Fiber optic,3,75.8,246.3,Yes
3370-HXOPH,0.671,Month-to-month,Fiber optic,3,76.1,257.6,No
9391-YZEJW,0.2169,One year,Fiber optic,62,94.0,5757.2,No
9958-MEKUC,0.0247,Two year,Fiber optic,72,103.95,7517.7,No
0281-CNTZX,0.0045,Two year,No,63,19.95,1234.8,No
6927-WTFIV,0.4183,Month-to-month,Fiber optic,20,71.3,1389.2,Yes
4118-CEVPF,0.2314,One year,Fiber optic,35,110.8,3836.3,No
3398-ZOUAA,0.6226,Month-to-month,Fiber optic,21,69.1,1474.75,Yes
9114-VEPUF,0.1095,One year,Fiber optic,62,96.1,6001.45,No
7876-BEUTG,0.3585,Month-to-month,DSL,15,48.8,720.1,No
2338-BQEZT,0.0505,Month-to-month,DSL,55,50.55,2832.75,No
9873-MNDKV,0.3332,Month-to-month,DSL,11,44.65,472.25,No
0378-NHQXU,0.5919,Month-to-month,Fiber optic,17,88.25,1460.65,Yes
8241-JUIQO,0.0075,One year,No,61,19.45,1336.35,No
2194-IIQOF,0.0098,Two year,DSL,71,89.3,6388.65,No
4512-ZUIYL,0.5354,Month-to-month,Fiber optic,2,70.0,153.05,Yes
9631-RXVJM,0.0115,Two year,No,35,19.25,677.9,No
9584-EXCDZ,0.4092,Month-to-month,Fiber optic,17,70.5,1165.6,No
7969-AULMZ,0.7384,Month-to-month,Fiber optic,21,97.35,2119.5,Yes
5093-FEGLU,0.0069,Two year,No,47,19.65,921.55,No
2621-UDNLU,0.1823,Month-to-month,No,3,20.85,72.0,No
7526-IVLYU,0.2595,Month-to-month,No,3,19.65,68.35,No
2428-HYUNX,0.0137,Two year,No,44,19.35,847.25,No
9214-EKVXR,0.4281,Month-to-month,DSL,1,44.0,44.0,No
3410-MHHUM,0.2098,One year,Fiber optic,44,94.4,4295.35,No
0568-ONFPC,0.2497,Month-to-month,No,5,25.9,135.0,Yes
0733-VUNUW,0.2266,Month-to-month,DSL,24,55.65,1400.55,Yes
4550-EVXNY,0.6769,Month-to-month,Fiber optic,1,69.65,69.65,Yes
2122-YWVYA,0.464,Month-to-month,Fiber optic,18,75.4,1380.4,No
2968-SSGAA,0.7785,Month-to-month,Fiber optic,10,100.6,1060.2,Yes
2296-DKZFP,0.008,Two year,DSL,65,71.0,4386.2,No
4844-JJWUY,0.7287,Month-to-month,Fiber optic,1,86.0,86.0,Yes
6777-TGHTM,0.198,One year,Fiber optic,53,106.95,5785.5,Yes
8909-BOLNL,0.1047,One year,No,3,21.2,52.05,No
6603-YRDCJ,0.0195,Two year,DSL,33,61.05,2018.4,No
3538-WZPHD,0.601,Month-to-month,DSL,3,29.6,79.45,Yes
3229-USWAR,0.0807,One year,DSL,34,79.95,2727.3,No
2138-VFAPZ,0.0432,Two year,No,14,19.7,263.65,No
6131-JLWZM,0.153,Month-to-month,No,13,20.3,275.4,No
4785-QRJHC,0.1145,One year,DSL,46,59.9,2816.65,Yes
0269-XFESX,0.0431,One year,No,23,24.35,538.5,No
1709-EJDOX,0.006,Two year,No,47,19.75,948.9,No
4316-XCSLJ,0.1852,Month-to-month,DSL,17,50.3,846.8,No
8610-WFCJF,0.4697,Month-to-month,Fiber optic,49,95.6,4783.5,Yes
9693-XMUOB,0.1869,Month-to-month,DSL,59,50.25,2997.45,No
0383-CLDDA,0.0172,Two year,DSL,69,85.35,5897.4,No
4905-JEFDW,0.4289,One year,DSL,11,41.6,470.6,Yes
2709-UQGNP,0.2532,Month-to-month,DSL,10,51.65,524.5,No
3549-ZTMNH,0.0574,Two year,No,12,24.0,269.65,No
7881-INRLC,0.4454,Month-to-month,Fiber optic,45,100.85,4740.0,Yes
8033-ATFAS,0.1486,Month-to-month,DSL,39,59.85,2341.5,No
1635-NZATJ,0.0024,Two year,No,71,25.45,1789.65,No
0562-HKHML,0.0018,Two year,No,71,23.9,1626.4,No
8277-RVRSV,0.0276,One year,No,33,24.15,800.3,No
9943-VSZUV,0.2076,Month-to-month,Fiber optic,67,75.7,5060.85,No
0117-LFRMW,0.0825,Month-to-month,DSL,37,40.2,1448.8,Yes
6172-FECYY,0.3598,Month-to-month,Fiber optic,49,84.5,4254.85,Yes
7054-ENNGU,0.247,Month-to-month,DSL,9,50.85,466.6,No
1455-HFBXA,0.0407,Two year,Fiber optic,52,91.6,4627.8,No
9402-CXWPL,0.1738,One year,Fiber optic,70,98.9,6838.6,No
1628-BIZYP,0.7057,Month-to-month,Fiber optic,1,85.0,85.0,No
1965-AKTSX,0.6474,Month-to-month,Fiber optic,14,78.95,1101.85,Yes
0082-LDZUE,0.4306,Month-to-month,DSL,1,44.3,44.3,No
4786-UKSNZ,0.2117,Month-to-month,No,1,20.2,20.2,Yes
5343-SGUBI,0.1446,One year,Fiber optic,52,80.2,4297.6,No
0856-NAOES,0.3281,Month-to-month,DSL,6,60.9,414.1,No
1976-AZZPJ,0.2908,Month-to-month,DSL,7,34.2,256.6,No
7248-VZQLC,0.3476,Month-to-month,Fiber optic,47,85.2,3969.35,Yes
6156-UZDLF,0.1264,One year,Fiber optic,26,87.15,2274.1,No
3099-OONVS,0.1229,Month-to-month,DSL,25,54.3,1296.8,No
9500-WBGRP,0.0018,Two year,No,69,19.1,1268.85,No
5183-KLYEM,0.0544,Two year,Fiber optic,72,112.75,8192.6,No
5144-PQCDZ,0.2478,Month-to-month,No,4,19.95,59.25,No
8514-VZHEB,0.0026,Two year,No,59,19.5,1147.85,No
6625-IUTTT,0.0086,Two year,DSL,67,65.55,4361.55,No
9355-NPPFS,0.6072,Month-to-month,Fiber optic,26,78.8,2006.1,No
0068-FIGTF,0.0873,One year,DSL,27,78.2,2078.95,No
5965-GGPRW,0.0405,Two year,Fiber optic,72,105.25,7609.75,No
8035-PWSEV,0.6187,Month-to-month,Fiber optic,6,89.25,487.05,No
2236-HILPA,0.0016,Two year,No,62,20.65,1218.45,No
1840-BIUOG,0.1922,One year,DSL,20,68.7,1416.2,No
1356-MKYSK,0.2058,Month-to-month,DSL,6,78.65,483.3,No
6080-LNESI,0.0051,Two year,No,51,24.75,1234.6,No
1830-IPXVJ,0.0017,Two year,No,61,19.75,1311.6,No
5828-DWPIL,0.2339,Month-to-month,Fiber optic,62,89.1,5618.3,No
8398-TBIYD,0.0266,Two year,Fiber optic,72,84.7,6185.15,No
0011-IGKFF,0.6863,Month-to-month,Fiber optic,13,98.0,1237.85,Yes
4192-GORJT,0.7581,Month-to-month,Fiber optic,5,94.45,498.1,Yes
6496-SLWHQ,0.7974,Month-to-month,Fiber optic,3,105.0,294.45,Yes
9912-GVSEQ,0.6322,Month-to-month,Fiber optic,26,93.85,2381.55,Yes
2931-FSOHN,0.4647,Month-to-month,DSL,13,59.9,788.35,No
9418-RUKPH,0.0114,Two year,No,38,19.95,756.4,No
5383-MMTWC,0.7865,Month-to-month,Fiber optic,8,84.0,613.4,Yes
9971-ZWPBF,0.5338,Month-to-month,Fiber optic,34,108.9,3625.2,No
4712-AUQZO,0.2185,Month-to-month,DSL,18,33.6,550.35,No
9711-FJTBX,0.0797,One year,Fiber optic,56,85.85,4793.8,No
2908-ZTPNF,0.1367,Month-to-month,DSL,36,34.85,1267.2,No
7240-ETPTR,0.6661,Month-to-month,DSL,9,48.75,442.2,Yes
2202-CUYXZ,0.7335,Month-to-month,Fiber optic,1,84.85,84.85,Yes
5995-OIGLP,0.1301,Month-to-month,DSL,12,56.65,654.85,Yes
8421-WZOOW,0.2222,Month-to-month,Fiber optic,57,95.3,5567.45,No
6261-RCVNS,0.027,One year,DSL,42,73.9,3160.55,Yes
7951-QKZPL,0.0155,Two year,No,33,24.5,740.3,Yes
1414-YADCW,0.0113,Two year,Fiber optic,70,84.6,5706.2,No
8756-RDDLT,0.0511,Month-to-month,DSL,68,44.95,3085.35,No
2862-PFNIK,0.6399,Month-to-month,DSL,1,24.7,24.7,No
5816-QVHRX,0.3085,Month-to-month,Fiber optic,37,100.3,3541.4,No
4430-YHXGG,0.2671,Month-to-month,No,4,25.45,84.2,No
6888-SBYAI,0.345,Month-to-month,DSL,1,50.7,50.7,No
7395-XWZOY,0.2393,Month-to-month,DSL,20,55.0,1165.55,No
7169-YWAMK,0.0045,Two year,DSL,72,68.4,4855.35,No
3640-PHQXK,0.5943,Month-to-month,Fiber optic,31,89.9,2806.9,Yes
6877-LGWXO,0.5715,Month-to-month,Fiber optic,18,78.55,1422.65,Yes
6859-RKMZJ,0.4057,Month-to-month,DSL,11,55.05,608.15,No
2729-VNVAP,0.0107,Two year,No,33,19.8,641.35,No
2957-JIRMN,0.1649,One year,Fiber optic,62,84.45,4959.15,No
2049-BAFNW,0.4168,Month-to-month,DSL,1,35.9,35.9,No
3842-QTGDL,0.3199,Month-to-month,Fiber optic,16,80.75,1321.3,No
7163-OCEQI,0.1678,One year,DSL,22,78.65,1663.75,No
9782-LGXMC,0.0271,Month-to-month,DSL,49,61.75,3024.15,No
5975-BAICR,0.0571,One year,DSL,36,63.7,2188.5,No
8019-ENHXU,0.421,Month-to-month,Fiber optic,42,99.45,4138.05,Yes
5167-GBFRE,0.6306,Month-to-month,DSL,4,25.2,102.5,Yes
9033-EOXWV,0.2184,One year,DSL,12,74.05,872.65,Yes
4673-KKSLS,0.2082,Month-to-month,Fiber optic,31,87.6,2724.25,No
4853-OITSN,0.6778,Month-to-month,Fiber optic,5,89.15,413.25,No
9800-OUIGR,0.0019,Two year,No,66,20.0,1374.2,No
1324-NLTJE,0.2442,Month-to-month,DSL,15,55.0,757.1,Yes
2324-EFHVG,0.1041,Two year,Fiber optic,64,104.4,6692.65,No
7094-MSZAO,0.1475,Month-to-month,No,10,20.05,218.5,No
1522-VVDMG,0.5314,Month-to-month,Fiber optic,7,89.75,608.8,Yes
6907-CQGPN,0.1611,Month-to-month,DSL,29,34.3,1004.75,No
0780-XNZFN,0.0038,Two year,No,57,20.65,1125.6,No
0239-OXEXL,0.1729,Month-to-month,Fiber optic,46,84.25,3847.6,No
2675-IJRGJ,0.004,Two year,No,53,19.65,978.0,No
7049-GKVZY,0.0778,One year,DSL,17,79.85,1387.35,No
8577-QSOCG,0.0133,Two year,No,38,20.2,746.05,No
3721-CNZHX,0.0573,One year,No,15,19.8,304.6,No
0212-ISBBF,0.5404,Month-to-month,DSL,22,50.35,1098.85,No
9185-TQCVP,0.7067,Month-to-month,Fiber optic,14,85.15,1139.2,Yes
3585-YNADK,0.0358,One year,DSL,57,74.6,4368.95,No
5271-DBYSJ,0.615,Month-to-month,Fiber optic,11,79.15,827.7,No
1099-GODLO,0.0572,Two year,No,1,20.35,20.35,No
6828-HMKWP,0.0273,Two year,No,12,21.05,262.05,No
5567-WSELE,0.82,Month-to-month,Fiber optic,3,94.6,279.55,Yes
1472-TNCWL,0.4835,Month-to-month,Fiber optic,36,94.7,3512.5,No
8063-RJYNF,0.583,Month-to-month,Fiber optic,16,94.25,1483.25,Yes
0687-ZVTHB,0.0213,One year,DSL,65,72.45,4653.85,Yes
2080-GKCWQ,0.5762,Month-to-month,Fiber optic,2,74.95,151.75,No
9661-ACXBS,0.5075,Month-to-month,Fiber optic,42,105.2,4400.75,Yes
2193-SFWQW,0.0268,Two year,Fiber optic,72,111.95,8033.1,No
5656-JAMLX,0.0034,Two year,No,62,19.85,1253.65,No
3462-BJQQA,0.72,Month-to-month,Fiber optic,6,89.75,552.65,No
0442-TDYUO,0.0071,Two year,No,48,20.05,1036.0,No
6733-LRIZX,0.2028,Two year,Fiber optic,35,108.95,4025.5,No
9503-XJUME,0.0073,One year,No,52,19.65,928.4,No
4367-NHWMM,0.5842,Month-to-month,DSL,1,24.9,24.9,No
3727-RJMEO,0.7491,Month-to-month,Fiber optic,6,82.85,460.25,Yes
3779-OSWCF,0.0109,Two year,DSL,71,93.2,6506.15,No
6736-DHUQI,0.0329,One year,Fiber optic,67,84.8,5598.3,No
3915-ODIYG,0.0636,One year,DSL,60,71.75,4374.55,No
1360-RCYRT,0.2019,Month-to-month,DSL,23,30.35,678.75,No
2724-FJDYW,0.0908,One year,DSL,39,54.85,2191.7,No
4451-RWASJ,0.064,One year,No,15,19.5,239.75,No
6646-VRFOL,0.5325,Month-to-month,Fiber optic,53,103.85,5485.5,Yes
3460-TJBWI,0.0222,Two year,No,24,24.2,609.05,No
5917-HBSDW,0.0473,Month-to-month,No,37,19.35,683.75,No
5685-IIXLY,0.6576,Month-to-month,Fiber optic,5,83.6,404.2,Yes
5671-UUNXD,0.3739,One year,Fiber optic,50,100.65,5189.75,No
0956-ACVZC,0.1903,One year,Fiber optic,54,94.1,5060.9,No
2325-NBPZG,0.5863,Month-to-month,Fiber optic,3,74.55,233.65,No
4250-ZBWLV,0.1643,One year,Fiber optic,68,108.45,7176.55,Yes
4482-FTFFX,0.331,Month-to-month,DSL,5,56.15,291.45,No
8859-DZTGQ,0.0121,Two year,No,33,20.35,689.75,No
0440-MOGPM,0.1817,One year,DSL,41,80.55,3263.9,No
0020-JDNXP,0.0798,One year,DSL,34,61.25,1993.2,No
3752-CQSJI,0.1349,Month-to-month,No,13,20.45,254.5,No
5025-GOOKI,0.125,Month-to-month,No,20,18.9,347.65,No
4698-KVLLG,0.0049,Two year,No,51,19.6,967.9,No
5095-AESKG,0.6695,Month-to-month,Fiber optic,3,91.5,242.95,Yes
2887-JPYLU,0.0696,Month-to-month,DSL,41,45.2,1841.9,No
4770-QAZXN,0.113,Month-to-month,No,13,19.45,232.1,No
4896-CPRPF,0.0123,Two year,No,35,25.45,809.25,No
1871-MOWRM,0.2512,Month-to-month,Fiber optic,12,80.85,866.45,Yes
9714-EDSUC,0.4173,Month-to-month,Fiber optic,4,94.9,360.55,No
2027-OAQQC,0.2636,Month-to-month,DSL,43,49.05,2076.2,Yes
0282-NVSJS,0.4429,Month-to-month,DSL,12,29.3,355.9,No
9090-SGQXL,0.4461,Month-to-month,Fiber optic,68,105.3,7299.65,Yes
6595-YGXIT,0.6705,Month-to-month,Fiber optic,25,88.95,2291.2,Yes
7353-YOWFP,0.0877,One year,No,7,20.25,129.15,No
9835-ZIITK,0.2617,One year,Fiber optic,66,110.85,7491.75,Yes
8008-ESFLK,0.1055,One year,Fiber optic,53,110.5,5835.5,No
7537-CBQUZ,0.3271,Month-to-month,Fiber optic,63,109.4,7031.45,No
1555-DJEQW,0.05,Two year,Fiber optic,70,114.2,7723.9,Yes
5649-TJHOV,0.3041,Month-to-month,DSL,27,36.5,1032.0,Yes
0519-XUZJU,0.529,Month-to-month,Fiber optic,1,70.75,70.75,Yes
3363-EWLGO,0.1704,Month-to-month,No,5,19.95,109.6,No
4750-UKWJK,0.02,One year,No,37,19.6,727.8,No
6338-AVWCY,0.6257,Month-to-month,DSL,3,40.15,130.75,Yes
1689-YQBYY,0.6362,Month-to-month,Fiber optic,12,76.6,893.0,No
4487-ZYJZK,0.0182,One year,No,38,19.6,763.1,No
2959-FENLU,0.5977,Month-to-month,Fiber optic,9,85.3,781.4,No
0708-LGSMF,0.3914,Month-to-month,DSL,13,65.85,902.25,No
9253-QXKBE,0.7044,Month-to-month,Fiber optic,29,94.45,2653.65,Yes
7634-HLQJR,0.005,Two year,No,47,20.05,1016.7,No
0487-RPVUM,0.1142,Month-to-month,Fiber optic,61,99.4,5943.65,No
4079-ULGFR,0.1031,Month-to-month,No,16,20.0,275.7,No
2516-XSJKX,0.0282,Two year,DSL,41,78.45,3126.45,No
0057-QBUQH,0.0184,Two year,No,43,25.1,1070.15,No
9445-SZLCH,0.4293,Month-to-month,Fiber optic,36,97.35,3457.9,Yes
6599-SFQVE,0.53,Month-to-month,DSL,6,55.0,340.4,No
8331-ZXFOE,0.024,One year,DSL,58,71.1,4299.2,No
4003-FUSHP,0.2351,Month-to-month,DSL,19,61.55,1093.2,No
0356-ERHVT,0.3466,Month-to-month,DSL,11,45.9,521.9,No
7325-ENZFI,0.0612,One year,DSL,39,40.3,1630.4,No
4884-ZTHVF,0.709,Month-to-month,Fiber optic,8,87.1,713.6,No
3920-HIHMQ,0.2047,Month-to-month,DSL,26,49.5,1265.65,No
3055-OYMSE,0.2077,Month-to-month,Fiber optic,53,73.8,4003.85,No
0613-WUXUM,0.0014,Two year,No,70,19.2,1401.4,No
7568-PODML,0.6652,Month-to-month,DSL,1,45.3,45.3,Yes
4458-KVRBJ,0.005,Two year,No,59,25.0,1510.5,No
5349-IECLD,0.6963,Month-to-month,Fiber optic,2,94.95,178.1,Yes
1397-XKKWR,0.1817,One year,DSL,7,35.3,264.8,No
3945-GFWQL,0.3569,Month-to-month,DSL,12,44.55,480.6,Yes
8097-OMULG,0.0237,One year,DSL,59,76.75,4541.9,No
6013-BHCAW,0.0308,Two year,DSL,61,81.0,4976.15,No
0401-WDBXM,0.0612,Two year,Fiber optic,72,105.55,7542.25,No
3387-PLKUI,0.1127,Month-to-month,No,13,18.8,251.25,No
6096-EGVTU,0.0065,One year,No,64,24.9,1595.5,No
3797-VTIDR,0.6914,Month-to-month,DSL,1,23.45,23.45,Yes
5081-NWSUP,0.1275,One year,DSL,10,64.9,685.55,No
2580-ATZSQ,0.0091,One year,DSL,65,61.35,3874.1,No
8085-MSNLK,0.0439,Two year,Fiber optic,62,113.95,6891.4,No
9691-HKOVS,0.0749,One year,DSL,55,90.15,4916.95,No
9881-VCZEP,0.2416,Month-to-month,DSL,25,54.1,1373.0,No
9526-BIHHD,0.4064,Month-to-month,DSL,1,29.7,29.7,Yes
8757-TFHHJ,0.3227,Month-to-month,DSL,1,49.8,49.8,No
4523-WXCEF,0.3435,Month-to-month,Fiber optic,59,101.1,6039.9,Yes
1468-DEFNC,0.0042,Two year,No,64,24.4,1548.65,No
5119-KEPFY,0.5313,Month-to-month,Fiber optic,36,95.0,3440.25,No
8364-TRMMK,0.4538,Month-to-month,DSL,3,50.65,151.3,Yes
0916-KNFAJ,0.0197,Two year,DSL,61,69.9,4226.7,No
8319-QBEHW,0.1924,One year,DSL,26,39.95,1023.75,No
3063-QFSZL,0.5781,Month-to-month,DSL,1,55.4,55.4,Yes
8775-LHDJH,0.7556,Month-to-month,Fiber optic,1,90.6,90.6,Yes
9625-QNLUX,0.0416,Two year,Fiber optic,68,103.25,7074.4,No
3097-NQYSN,0.7553,Month-to-month,Fiber optic,2,86.85,156.35,Yes
4024-CSNBY,0.025,Two year,Fiber optic,72,94.25,6849.75,No
7110-BDTWG,0.0193,Two year,DSL,71,47.05,3263.6,No
7493-GVFIO,0.004,Two year,No,57,20.55,1252.85,No
0690-SRQID,0.2089,Month-to-month,No,4,19.65,67.55,No
9605-WGJVW,0.7509,Month-to-month,Fiber optic,1,70.2,70.2,No
9114-DPSIA,0.0057,Two year,DSL,72,81.0,5750.0,No
4700-UBQMV,0.1691,One year,DSL,21,75.9,1549.75,No
7711-GQBZC,0.003,Two year,No,71,24.7,1810.55,No
3565-UNOCC,0.6634,Month-to-month,Fiber optic,29,99.05,2952.85,Yes
4627-MIHJH,0.0495,Two year,Fiber optic,69,110.25,7467.55,No
9795-NREXC,0.0219,Two year,DSL,64,85.0,5484.4,No
8573-CGOCC,0.1071,Month-to-month,No,16,19.75,294.9,No
7356-AYNJP,0.1585,One year,No,4,23.9,97.5,No
9249-FXSCK,0.1559,One year,Fiber optic,52,111.25,5916.45,Yes
5493-SDRDQ,0.3152,Month-to-month,DSL,2,55.1,113.35,Yes
6286-SUUWT,0.1833,Month-to-month,No,1,19.95,19.95,No
4819-HJPIW,0.2822,Month-to-month,DSL,18,25.15,476.8,No
8654-DHAOW,0.3425,Month-to-month,DSL,2,54.15,101.65,No
5438-QMDDL,0.2904,Month-to-month,DSL,19,59.8,1130.85,No
9812-GHVRI,0.3584,Month-to-month,Fiber optic,40,83.85,3532.25,No
5553-AOINX,0.2801,One year,Fiber optic,66,104.9,6891.45,No
1228-ZLNBX,0.428,Month-to-month,Fiber optic,21,75.3,1570.7,No
4226-KKDON,0.3455,Month-to-month,DSL,8,66.65,520.95,No
3831-YCPUO,0.0338,Two year,Fiber optic,72,109.5,7854.9,No
7445-WMRBW,0.0634,One year,DSL,48,73.85,3581.4,No
3308-DGHKL,0.0021,Two year,No,69,19.3,1447.9,No
9924-JPRMC,0.0833,Two year,Fiber optic,72,118.2,8547.15,No
0080-EMYVY,0.1145,One year,DSL,14,51.45,727.85,No
6218-KNUBD,0.4098,Month-to-month,DSL,6,59.45,357.6,No
7337-CINUD,0.0344,Two year,No,8,19.5,159.35,No
7609-NRNCA,0.0548,One year,No,17,19.55,280.85,No
0623-EJQEG,0.1073,One year,Fiber optic,65,93.55,6069.25,No
7153-CHRBV,0.0129,One year,DSL,57,59.3,3274.35,No
0871-URUWO,0.684,Month-to-month,Fiber optic,13,102.25,1359.0,Yes
9190-MFJLN,0.6054,Month-to-month,Fiber optic,19,95.9,1777.9,Yes
6198-PNNSZ,0.1352,One year,Fiber optic,56,109.8,6109.65,No
3317-VLGQT,0.6541,Month-to-month,Fiber optic,14,78.1,1122.4,No
4132-POCZS,0.1346,Month-to-month,DSL,52,39.9,2020.9,No
5614-DNZCE,0.0079,Two year,DSL,58,64.9,3795.45,No
1095-JUDTC,0.4072,Month-to-month,Fiber optic,47,95.05,4504.55,Yes
3896-RCYYE,0.088,Month-to-month,DSL,67,53.4,3579.15,No
9638-JIQYA,0.5649,Month-to-month,DSL,2,24.9,49.7,No
3258-SANFR,0.3505,Month-to-month,DSL,6,44.7,276.5,No
3726-TBHQT,0.0426,Two year,Fiber optic,71,114.0,8175.9,No
3190-ITQXP,0.0052,Two year,No,46,20.25,890.35,No
0870-VEMYL,0.1636,Month-to-month,DSL,5,53.85,259.8,Yes
4833-QTJNO,0.1214,Month-to-month,Fiber optic,67,83.85,5588.8,No
3039-MJSLN,0.1626,Month-to-month,No,3,20.2,50.6,No
0178-CIIKR,0.1858,Month-to-month,No,3,19.95,58.0,No
5385-SUIRI,0.4849,Month-to-month,Fiber optic,52,104.2,5568.35,Yes
3982-XWFZQ,0.1925,Month-to-month,DSL,42,50.25,2203.65,Yes
5774-QPLTF,0.0143,One year,No,50,20.35,938.95,No
2322-VCZHZ,0.5364,Month-to-month,Fiber optic,23,90.0,2024.1,No
5010-IPEAQ,0.0061,Two year,DSL,67,54.2,3623.95,No
4009-ALQFH,0.5717,Month-to-month,Fiber optic,25,99.5,2369.05,Yes
6383-ZTSIW,0.1697,One year,Fiber optic,39,99.1,3877.95,No
8990-YOZLV,0.0064,Two year,DSL,69,66.9,4577.9,No
3069-SSVSN,0.3583,One year,DSL,1,25.85,25.85,No
5222-IMUKT,0.4912,Month-to-month,Fiber optic,32,91.05,2871.5,No
3627-FCRDW,0.5719,Month-to-month,Fiber optic,9,71.0,672.55,Yes
7562-GSUHK,0.4895,Month-to-month,Fiber optic,16,93.2,1573.7,Yes
6685-XSHHU,0.003,Two year,No,60,20.95,1270.55,No
8901-UPRHR,0.0632,Two year,Fiber optic,72,109.2,7711.45,No
4903-UYAVB,0.1793,Month-to-month,No,5,19.35,126.05,Yes
0118-JPNOY,0.4365,Month-to-month,Fiber optic,26,85.8,2193.65,No
6776-TLWOI,0.1963,Month-to-month,No,3,19.85,64.55,Yes
3845-FXCYS,0.3176,Month-to-month,No,2,19.65,31.2,No
5857-XRECV,0.1116,One year,No,2,20.5,38.25,No
0725-CXOTM,0.0963,One year,DSL,36,89.65,3348.1,No
4343-EJVQB,0.3941,Month-to-month,Fiber optic,7,74.35,533.6,No
9000-PLFUZ,0.0486,Two year,DSL,60,49.45,2907.55,No
3427-GGZZI,0.6406,Month-to-month,Fiber optic,19,89.1,1620.8,No
7779-ORAEL,0.0252,Two year,DSL,45,75.15,3480.35,No
0644-OQMDK,0.7179,Month-to-month,Fiber optic,4,70.65,293.85,No
4077-CROMM,0.5634,Month-to-month,Fiber optic,31,104.2,3243.45,Yes
3154-CFSZG,0.2347,Month-to-month,Fiber optic,47,90.05,4137.2,No
2868-MZAGQ,0.7367,Month-to-month,Fiber optic,1,79.25,79.25,Yes
4847-QNOKA,0.4385,Month-to-month,DSL,1,44.9,44.9,Yes
2220-IAHLS,0.2071,Month-to-month,No,1,19.4,19.4,No
1658-XUHBX,0.3219,Month-to-month,Fiber optic,59,88.75,5348.65,No
6379-RXJRQ,0.6221,Month-to-month,Fiber optic,10,70.1,659.65,Yes
2378-HTWFW,0.3325,Month-to-month,Fiber optic,35,91.0,3180.5,No
8650-RHRKE,0.6155,Month-to-month,DSL,4,29.65,118.5,Yes
4377-VDHYI,0.2393,One year,Fiber optic,32,90.8,3023.85,No
0475-RIJEP,0.3505,Month-to-month,Fiber optic,43,77.85,3365.85,Yes
1260-TTRXI,0.4957,Month-to-month,DSL,4,54.3,195.3,Yes
3719-TDVQB,0.0053,Two year,No,54,18.95,1031.1,No
6328-ZPBGN,0.7619,Month-to-month,Fiber optic,11,95.15,997.65,Yes
0201-MIBOL,0.0821,Two year,Fiber optic,66,102.4,6471.85,No
4937-QPZPO,0.2589,One year,Fiber optic,61,99.9,6241.35,No
2925-VDZHY,0.009,Two year,DSL,72,88.7,6501.35,No
6981-TDRFT,0.1183,One year,DSL,44,54.3,2317.1,No
3413-CSSTH,0.1647,Month-to-month,DSL,41,55.7,2237.55,No
8033-VCZGH,0.2807,One year,Fiber optic,50,103.95,5231.3,No
4789-KWMXN,0.1802,One year,Fiber optic,47,110.85,5275.8,Yes
0224-NIJLP,0.0347,Two year,No,8,20.15,165.5,No
7542-CYDDM,0.0952,Month-to-month,No,18,20.05,358.5,No
4718-WXBGI,0.0127,Two year,DSL,72,91.95,6614.9,No
2867-UIMSS,0.6867,Month-to-month,Fiber optic,1,80.5,80.5,Yes
8495-PRWFH,0.1695,Month-to-month,DSL,42,55.65,2421.75,No
0439-IFYUN,0.6055,Month-to-month,Fiber optic,18,74.7,1294.6,No
5716-LIBJC,0.4004,One year,Fiber optic,13,104.15,1299.1,No
2868-LLSKM,0.0702,One year,Fiber optic,68,83.65,5733.4,No
8111-RKSPX,0.6778,Month-to-month,Fiber optic,4,72.2,305.55,Yes
2988-QRAJY,0.0717,Two year,Fiber optic,69,110.05,7430.75,No
1585-MQSSU,0.1827,Month-to-month,DSL,17,51.5,900.5,Yes
0071-NDAFP,0.0232,Two year,No,25,25.5,630.6,No
2856-NNASM,0.4373,Month-to-month,Fiber optic,43,89.55,3856.75,Yes
7328-ZJAJO,0.0027,Two year,No,59,19.5,1222.65,No
6458-CYIDZ,0.4787,Month-to-month,Fiber optic,5,80.7,374.8,No
8559-CIZFV,0.0623,One year,DSL,21,77.5,1625.0,Yes
1090-PYKCI,0.0689,One year,Fiber optic,69,105.1,7234.8,No
3058-WQDRE,0.4399,Month-to-month,DSL,13,25.15,331.85,No
7547-EKNFS,0.3602,Month-to-month,Fiber optic,42,95.25,3959.35,Yes
2279-AXJJK,0.245,Month-to-month,Fiber optic,52,95.65,5088.4,No
6769-DYBQN,0.2779,Month-to-month,Fiber optic,46,85.0,3969.4,Yes
0909-SELIE,0.0146,Two year,DSL,61,80.8,4860.85,No
3417-TSCIC,0.1477,One year,DSL,29,24.85,788.05,No
1042-HFUCW,0.0682,One year,DSL,25,54.75,1266.35,No
4439-JMPMT,0.6238,Month-to-month,Fiber optic,5,85.75,470.95,Yes
6537-OTKMY,0.3779,One year,DSL,15,50.75,688.2,No
8999-EXMNO,0.0206,Two year,No,19,20.15,387.7,No
6725-TPKJO,0.0069,Two year,No,44,20.05,845.25,No
2446-BEGGB,0.8298,Month-to-month,Fiber optic,6,98.25,560.6,Yes
7162-WPHPM,0.0065,Two year,DSL,58,71.6,4230.25,No
1599-MMYRQ,0.0504,One year,Fiber optic,62,81.45,4983.05,No
8821-KVZKQ,0.0342,One year,DSL,70,58.4,4113.15,No
1496-GGSUK,0.6714,Month-to-month,DSL,1,25.7,25.7,Yes
6434-TTGJP,0.0547,Two year,DSL,10,53.7,521.0,No
0042-JVWOJ,0.0531,One year,No,26,19.6,471.85,No
0130-SXOUN,0.1498,Month-to-month,Fiber optic,66,89.4,5976.9,No
2575-GFSOE,0.6111,Month-to-month,Fiber optic,7,69.0,506.9,Yes
2330-PQGDQ,0.0723,One year,Fiber optic,51,84.2,4299.75,No
1452-UZOSF,0.0259,Two year,Fiber optic,72,106.1,7548.6,No
2097-YVPKN,0.0039,Two year,No,65,25.75,1654.75,No
2842-JTCCU,0.3315,Month-to-month,DSL,2,46.05,80.35,Yes
8597-CTXVJ,0.0083,One year,DSL,70,64.95,4551.5,No
6631-HMANX,0.0212,Two year,DSL,72,85.45,6227.5,No
9962-BFPDU,0.183,Month-to-month,No,1,20.05,20.05,No
3296-SILRA,0.6324,Month-to-month,Fiber optic,1,76.4,76.4,Yes
9681-OXGVC,0.8126,Month-to-month,Fiber optic,5,100.5,514.0,Yes
6394-HHHZM,0.1944,Month-to-month,No,3,20.7,57.5,No
5995-LFTLE,0.0054,Two year,No,58,25.3,1474.35,No
5180-UCIIQ,0.2429,Month-to-month,DSL,22,40.05,880.2,Yes
1932-UEDCX,0.6027,Month-to-month,Fiber optic,33,100.6,3270.25,No
7153-OANIO,0.6176,Month-to-month,Fiber optic,1,69.95,69.95,Yes
5188-HGMLP,0.2205,Month-to-month,Fiber optic,54,74.0,3919.15,No
0665-XHDJU,0.1269,Two year,Fiber optic,72,99.4,7285.7,No
6521-YYTYI,0.802,Month-to-month,Fiber optic,1,93.3,93.3,Yes
8878-HMWBV,0.4902,Month-to-month,DSL,3,49.15,169.05,Yes
8265-HKSOW,0.0222,Two year,Fiber optic,72,107.45,7658.3,No
3544-FBCAS,0.0157,Two year,DSL,72,83.6,5959.3,No
5331-RGMTT,0.451,Month-to-month,Fiber optic,54,99.05,5295.7,No
4759-PXTAN,0.0762,One year,DSL,59,80.1,4693.2,No
7054-DMVAS,0.0177,Two year,DSL,54,65.3,3512.9,No
3428-MMGUB,0.1179,Two year,Fiber optic,60,89.55,5231.2,No
6549-BTYPG,0.0182,Two year,DSL,60,60.8,3603.45,No
7823-JSOAG,0.6737,Month-to-month,Fiber optic,3,74.5,217.45,No
3705-RHRFR,0.0664,Two year,Fiber optic,69,99.15,6875.35,No
9374-YOLBJ,0.2485,Month-to-month,No,1,19.25,19.25,No
9074-KGVOX,0.0895,Month-to-month,DSL,50,39.45,2021.35,No
6128-DAFVY,0.1527,Month-to-month,DSL,56,44.85,2564.95,No
9933-QRGTX,0.07,Two year,Fiber optic,60,97.2,5611.75,No
4476-OSWTN,0.139,One year,Fiber optic,69,110.55,7610.1,No
3751-KTZEL,0.5609,Month-to-month,DSL,1,35.05,35.05,Yes
1977-STDKI,0.7069,Month-to-month,Fiber optic,1,73.0,73.0,Yes
5066-GFJMM,0.2196,Month-to-month,No,3,19.9,45.75,No
2661-GKBTK,0.0129,Two year,DSL,60,76.95,4543.95,No
0458-HEUZG,0.0949,Two year,DSL,13,35.4,450.4,No
7268-WNTCP,0.0019,Two year,No,62,20.45,1297.35,No
0824-VWDPO,0.1293,One year,Fiber optic,45,96.75,4442.75,No
8409-WQJUX,0.2235,One year,DSL,25,54.2,1423.15,No
2578-JQPHZ,0.0798,Two year,Fiber optic,44,100.1,4378.35,No
3278-FSIXX,0.4168,Month-to-month,DSL,2,45.25,74.2,No
5813-UECBU,0.4484,Month-to-month,Fiber optic,33,83.85,2716.3,Yes
0328-GRPMV,0.7097,Month-to-month,Fiber optic,1,70.1,70.1,Yes
9746-UGFAC,0.0457,One year,No,22,20.85,450.65,No
2946-KIQSP,0.1694,Month-to-month,DSL,35,33.45,1175.85,No
0625-AFOHS,0.0125,Two year,No,29,20.2,558.8,No
6726-WEXXK,0.3572,One year,Fiber optic,27,85.9,2220.1,No
4636-OLWOE,0.0356,One year,DSL,54,61.0,3283.05,No
4342-HENTK,0.7569,Month-to-month,Fiber optic,2,70.65,142.35,Yes
4685-ERGHK,0.2172,One year,Fiber optic,57,86.9,4939.25,No
0885-HMGPY,0.0065,Two year,DSL,62,69.4,4237.5,No
5003-OKNNK,0.0455,One year,No,15,20.35,335.95,No
4195-SMMNX,0.1874,Month-to-month,No,2,20.35,33.2,Yes
7208-PSIHR,0.0811,Two year,Fiber optic,70,104.3,7188.5,No
4012-ZTHBR,0.306,Month-to-month,DSL,21,44.95,926.25,No
0489-WMEMG,0.1197,One year,DSL,23,49.45,1119.35,No
7435-ZNUYY,0.0865,One year,No,6,20.6,116.6,No
1354-YZFNB,0.0401,Two year,No,4,19.55,68.8,No
6956-SMUCM,0.6009,Month-to-month,Fiber optic,3,99.0,287.4,Yes
2985-FMWYF,0.6856,Month-to-month,Fiber optic,23,93.5,2341.55,No
2812-ENYMO,0.1056,One year,DSL,26,54.55,1362.85,No
2717-HVIZY,0.1371,Month-to-month,No,8,20.05,163.6,No
3223-WZWJM,0.6301,Month-to-month,Fiber optic,26,83.95,2254.2,Yes
3422-GALYP,0.7214,Month-to-month,Fiber optic,2,79.45,145.15,No
9053-JZFKV,0.0442,Two year,Fiber optic,67,116.2,7752.3,Yes
2530-ENDWQ,0.0828,Two year,Fiber optic,71,93.7,6585.35,Yes
2890-WFBHU,0.0201,One year,DSL,59,79.85,4786.1,No
0327-WFZSY,0.3251,One year,Fiber optic,39,100.0,3835.55,No
7977-HXJKU,0.0188,Two year,No,21,19.6,397.0,No
6615-ZGEDR,0.1967,Month-to-month,No,1,19.7,19.7,Yes
7033-CLAMM,0.0057,Two year,No,48,20.2,1027.25,No
4023-RTIQM,0.1329,One year,DSL,31,50.4,1580.1,No
0864-FVJNJ,0.103,One year,Fiber optic,64,113.35,7222.75,No
7356-IWLFW,0.2421,Month-to-month,Fiber optic,46,80.0,3769.7,No
9541-PWTWO,0.0478,Two year,DSL,52,80.95,4233.95,No
3967-VQOGC,0.004,Two year,No,67,24.9,1680.25,No
7872-RDDLZ,0.0724,Month-to-month,DSL,67,54.9,3725.5,No
9250-WYPLL,0.6481,Month-to-month,Fiber optic,5,75.55,413.65,Yes
6308-CQRBU,0.0706,Two year,Fiber optic,71,109.25,7707.7,No
2754-XBHTB,0.5991,Month-to-month,Fiber optic,9,77.65,714.15,Yes
1597-LHYNC,0.5554,Month-to-month,Fiber optic,26,95.0,2497.2,Yes
0186-CAERR,0.1241,One year,Fiber optic,71,116.3,8309.55,No
3043-SUDUA,0.0427,Month-to-month,No,32,19.9,601.55,No
5442-BHQNG,0.6229,Month-to-month,Fiber optic,2,70.35,139.25,No
2169-RRLFW,0.0026,Two year,No,71,25.6,1888.25,No
5872-OEQNH,0.0582,One year,DSL,60,44.45,2773.9,No
3162-KKZXO,0.3572,One year,Fiber optic,55,100.15,5409.75,No
7055-VKGDA,0.093,One year,Fiber optic,54,105.4,5643.4,Yes
0754-UKWQP,0.7746,Month-to-month,Fiber optic,2,95.85,197.7,Yes
8873-GLDMH,0.6414,Month-to-month,Fiber optic,6,73.85,401.3,No
5696-JVVQY,0.0156,Two year,DSL,48,70.1,3238.4,No
8946-BFWSG,0.0023,Two year,No,63,25.25,1573.05,No
7493-TPUWZ,0.7197,Month-to-month,Fiber optic,1,79.15,79.15,Yes
0547-HURJB,0.099,Month-to-month,No,12,21.05,235.8,No
8904-OPDCK,0.1405,Month-to-month,DSL,54,24.95,1364.75,No
8845-LWKGE,0.1234,One year,DSL,30,64.5,1985.15,No
1577-HKTFG,0.0551,Month-to-month,No,30,19.65,655.85,Yes
8752-STIVR,0.7354,Month-to-month,Fiber optic,4,79.0,303.15,Yes
0691-NIKRI,0.2709,One year,Fiber optic,40,105.95,4335.2,No
5022-JNQEQ,0.5061,Month-to-month,Fiber optic,9,75.85,647.5,No
4558-FANTW,0.3291,Month-to-month,Fiber optic,17,91.85,1574.45,Yes
3249-VHRIP,0.0248,Two year,DSL,62,43.6,2748.7,No
3736-BLEPA,0.1982,One year,Fiber optic,28,91.25,2483.65,No
4701-LKOZD,0.0125,Two year,DSL,70,89.75,6367.2,No
6603-QWSPR,0.1074,Two year,Fiber optic,46,104.4,4904.2,No
9921-QFQUL,0.4686,Month-to-month,Fiber optic,23,90.15,2044.95,No
1929-ZCBHE,0.029,One year,DSL,47,40.3,1794.8,No
4378-MYPGO,0.046,Two year,Fiber optic,68,105.25,7173.15,No
8651-ENBZX,0.3095,One year,Fiber optic,60,106.0,6441.4,Yes
4129-LYCOI,0.0881,Two year,Fiber optic,67,104.0,7039.05,No
7798-JVXYM,0.3824,Month-to-month,DSL,14,69.65,921.4,No
8647-SDTWQ,0.2482,Month-to-month,Fiber optic,57,74.3,4018.35,No
2696-ECXKC,0.134,One year,Fiber optic,55,100.9,5448.6,No
2081-KJSQF,0.247,Month-to-month,No,1,20.25,20.25,No
7623-TRNQN,0.337,Month-to-month,DSL,1,49.9,49.9,Yes
3323-CPBWR,0.4381,Month-to-month,Fiber optic,23,96.9,2085.45,No
9330-IJWIO,0.6757,Month-to-month,Fiber optic,13,100.35,1358.85,Yes
3384-CTMSF,0.5211,Month-to-month,Fiber optic,47,104.1,5135.15,No
0902-RFHOF,0.015,One year,No,38,20.1,730.1,No
9286-DOJGF,0.3963,Month-to-month,Fiber optic,38,74.95,2869.85,Yes
6048-QBXKL,0.4905,Month-to-month,DSL,2,56.55,118.25,No
9661-MHUMO,0.3481,Month-to-month,DSL,1,49.25,49.25,Yes
7718-RXDGG,0.4996,Month-to-month,Fiber optic,15,68.6,1108.6,No
1025-FALIX,0.4053,Month-to-month,Fiber optic,26,69.05,1815.65,No
3451-VAWLI,0.0089,Two year,No,35,19.7,730.4,No
3407-QGWLG,0.2163,Month-to-month,No,3,20.05,75.45,No
1842-EZJMK,0.2795,Month-to-month,Fiber optic,50,103.7,5071.05,Yes
2347-WKKAE,0.4066,Month-to-month,Fiber optic,42,94.4,4014.6,No
8735-DCXNF,0.1924,Month-to-month,DSL,10,54.95,568.85,No
3214-IYUUQ,0.0586,One year,Fiber optic,61,93.7,5860.7,No
1936-UAFEH,0.0406,Two year,Fiber optic,68,110.25,7279.35,No
3587-PMCOY,0.4798,One year,Fiber optic,10,98.9,1064.95,No
8079-XRJRS,0.0779,One year,Fiber optic,65,89.75,5769.6,Yes
1027-LKKQQ,0.0113,Two year,DSL,72,80.45,5886.85,No
7148-XZPHA,0.1217,Month-to-month,Fiber optic,55,79.4,4238.45,No
8073-IJDCM,0.2703,Month-to-month,No,1,20.3,20.3,Yes
5309-TAIKL,0.2807,Month-to-month,DSL,7,62.8,418.3,No
6856-RAURS,0.6758,Month-to-month,Fiber optic,2,74.9,136.05,No
8778-LMWTJ,0.5408,Month-to-month,Fiber optic,9,74.85,708.2,No
9717-IOAAF,0.0281,Two year,No,27,25.85,788.55,No
8884-ADFVN,0.7828,Month-to-month,Fiber optic,7,101.95,700.85,Yes
2845-KDHVX,0.0105,Two year,DSL,64,68.3,4378.8,No
0848-SOMKO,0.0071,Two year,DSL,70,48.4,3442.8,No
2720-WGKHP,0.8582,Month-to-month,Fiber optic,2,94.0,181.7,Yes
6734-FQAJX,0.073,Two year,Fiber optic,67,105.05,7171.7,No
2869-ADAWR,0.3714,Month-to-month,Fiber optic,45,89.3,4016.85,Yes
1535-VTJOQ,0.0213,Two year,No,24,25.15,553.0,No
6368-TZZDT,0.0481,Two year,No,4,19.5,96.85,No
0943-ZQPXH,0.3849,Month-to-month,Fiber optic,44,92.95,4122.9,No
1293-BSEUN,0.0018,Two year,No,72,20.7,1482.3,No
9894-EZEWG,0.5757,Month-to-month,Fiber optic,1,74.3,74.3,Yes
1302-TPUBN,0.0024,Two year,No,66,19.35,1240.8,No
7851-FLGGQ,0.5266,Month-to-month,DSL,1,44.65,44.65,Yes
0637-UBJRP,0.4392,Month-to-month,Fiber optic,13,84.05,1095.3,Yes
0940-OUQEC,0.5908,Month-to-month,Fiber optic,10,80.7,788.8,Yes
2378-VTKDH,0.4414,Month-to-month,Fiber optic,65,104.35,6578.55,No
0927-CNGRH,0.1755,Month-to-month,No,1,19.55,19.55,No
8608-OZTLB,0.0355,One year,DSL,38,74.05,2802.3,No
2335-GSODA,0.0329,Two year,DSL,23,40.1,857.75,No
1952-DVVSW,0.0842,One year,No,10,20.1,184.4,No
0702-PGIBZ,0.7204,Month-to-month,Fiber optic,4,101.7,364.55,Yes
6656-GULJQ,0.0129,Two year,DSL,72,83.55,6093.3,No
9853-JFZDU,0.0927,Month-to-month,DSL,35,56.85,1861.1,No
1963-VAUKV,0.2,Month-to-month,No,1,20.4,20.4,Yes
3777-XROBG,0.0019,Two year,No,58,19.55,1079.65,No
6994-FGRHH,0.1444,One year,Fiber optic,70,106.15,7475.1,No
4000-VGMQP,0.0904,One year,DSL,38,78.95,2862.55,No
3999-WRNGR,0.1272,Month-to-month,DSL,60,49.75,3069.45,No
3466-RITXD,0.3863,Month-to-month,Fiber optic,26,92.4,2349.8,No
2680-XKKNJ,0.0867,One year,DSL,8,58.2,469.25,No
3058-HJCUY,0.3155,One year,Fiber optic,41,102.6,4213.35,Yes
2974-GGUXS,0.4649,Month-to-month,Fiber optic,36,91.95,3301.05,No
7994-XIRTR,0.035,One year,DSL,54,65.25,3529.95,No
3259-FDWOY,0.0898,Two year,Fiber optic,71,106.0,7723.7,Yes
2101-RANCD,0.342,Month-to-month,Fiber optic,55,73.1,4144.9,No
7921-BEPCI,0.0056,Two year,DSL,72,59.75,4265.0,No
0807-ZABDG,0.2158,Month-to-month,DSL,3,55.1,154.65,Yes
8510-TMWYB,0.0192,Two year,DSL,54,59.8,3246.45,No
3258-ZKPAI,0.0473,Two year,Fiber optic,72,116.6,8337.45,No
1428-IEDPR,0.1287,Two year,Fiber optic,52,109.3,5731.4,No
5298-GSTLM,0.1983,One year,Fiber optic,60,101.4,6176.6,No
4450-YOOHP,0.263,Month-to-month,DSL,39,50.65,1905.4,No
6728-CZFEI,0.1683,One year,DSL,15,56.15,931.9,No
5748-RNCJT,0.0773,Two year,Fiber optic,69,106.5,7348.8,Yes
3653-NCRDJ,0.0183,One year,No,43,19.2,776.25,No
6121-TNHBO,0.0241,One year,DSL,63,83.0,5243.05,No
5119-NZPTV,0.6745,Month-to-month,Fiber optic,2,70.1,141.65,No
6519-ZHPXP,0.0344,Two year,Fiber optic,72,108.3,7679.65,No
7739-LAXOG,0.4529,Month-to-month,Fiber optic,32,91.05,2954.5,Yes
3472-QPRCH,0.0113,Two year,No,40,25.25,1006.9,No
8224-UAXBZ,0.0472,One year,DSL,58,45.35,2540.1,No
9610-WCESF,0.0111,Two year,DSL,67,43.9,3097.2,No
9776-CLUJA,0.3005,Month-to-month,Fiber optic,51,77.5,3807.35,Yes
2486-WYVVE,0.1361,One year,DSL,31,79.3,2484.0,No
3865-ZYKAD,0.1194,Month-to-month,Fiber optic,69,84.9,5785.65,No
1422-DGUBX,0.2863,One year,Fiber optic,32,79.25,2619.15,No
2999-AANRQ,0.03,Two year,DSL,21,71.05,1524.85,No
8668-KNZTI,0.0312,One year,DSL,52,53.75,2790.65,No
0480-KYJVA,0.0026,Two year,No,72,24.25,1784.5,No
6034-ZRYCV,0.0307,Two year,DSL,72,54.2,3937.45,Yes
9746-YKGXB,0.0353,One year,DSL,52,44.25,2276.1,No
3926-YZVVX,0.0359,One year,DSL,41,50.05,2029.05,No
6000-UKLWI,0.0087,Two year,No,41,20.15,802.35,No
2079-FBMZK,0.5749,Month-to-month,Fiber optic,6,69.25,418.4,Yes
6332-FBZRI,0.0126,One year,DSL,67,69.35,4653.25,No
2096-XOTMO,0.0931,Month-to-month,No,16,19.35,275.9,No
3266-FTKHB,0.0291,Two year,No,17,19.15,343.45,No
8221-EQDGL,0.072,Month-to-month,DSL,35,61.0,2130.45,No
2346-LOCWC,0.0035,Two year,No,58,20.5,1191.4,No
6608-QQLVK,0.5066,Month-to-month,DSL,1,50.5,50.5,Yes
0298-XACET,0.0161,Two year,DSL,52,50.2,2554.0,No
7560-QJAVJ,0.0092,Two year,DSL,70,79.6,5589.45,No
2995-YWTCD,0.038,Two year,No,19,24.9,467.7,No
3551-HUAZH,0.7994,Month-to-month,Fiber optic,1,74.4,74.4,Yes
9137-UIYPG,0.3583,Month-to-month,Fiber optic,35,106.9,3756.45,No
2809-ZMYOQ,0.6496,Month-to-month,Fiber optic,32,101.35,3334.9,No
5084-OOVCJ,0.119,Month-to-month,DSL,17,55.35,920.5,No
0254-WWRKD,0.0128,One year,DSL,67,50.55,3431.75,No
7727-SHVZV,0.1396,Month-to-month,No,9,19.5,150.35,No
6302-JGYRJ,0.1304,One year,DSL,31,79.45,2587.7,Yes
5339-PXDVH,0.6375,Month-to-month,Fiber optic,4,90.65,367.95,No
2205-LPVGL,0.068,One year,Fiber optic,58,89.85,5125.75,No
8782-NUUOL,0.0234,One year,DSL,60,79.0,4801.1,No
3685-YLCMQ,0.2717,One year,Fiber optic,58,104.65,6219.6,Yes
7601-WFVZV,0.197,Month-to-month,No,1,19.55,19.55,No
4609-KNNWG,0.0135,Two year,No,27,19.9,550.1,No
4868-AADLV,0.1832,One year,Fiber optic,66,116.25,7862.25,No
9529-OFXHY,0.5377,Month-to-month,Fiber optic,15,87.75,1242.2,No
8634-MPHTR,0.6033,Month-to-month,Fiber optic,47,100.05,4871.05,Yes
2669-QVCRG,0.2469,Month-to-month,Fiber optic,41,81.3,3190.65,No
2478-EEWWM,0.1909,Month-to-month,DSL,59,44.3,2666.75,No
9174-IHETN,0.035,Two year,Fiber optic,50,70.35,3533.6,No
2233-TXSIU,0.1437,One year,DSL,17,44.45,792.15,No
9644-UMGQA,0.3121,Month-to-month,DSL,6,49.15,295.65,No
3256-EZDBI,0.1073,Month-to-month,DSL,51,29.45,1459.35,No
8761-NSOBC,0.2935,Month-to-month,Fiber optic,44,100.55,4398.15,Yes
0419-YAAPX,0.2617,Month-to-month,Fiber optic,49,85.3,4297.95,No
8413-VONUO,0.6498,Month-to-month,Fiber optic,2,95.65,167.3,Yes
0872-CASZJ,0.0374,One year,DSL,59,69.1,4096.9,No
4726-DLWQN,0.1371,Month-to-month,DSL,50,70.35,3454.6,No
8164-OCKUJ,0.0031,Two year,No,59,20.6,1286.0,No
3094-JOJAI,0.4433,Month-to-month,Fiber optic,18,74.15,1387.0,No
9494-MRNYX,0.622,Month-to-month,Fiber optic,10,75.05,786.3,No
2599-CZABP,0.185,One year,DSL,14,44.6,641.25,No
7945-PRBVF,0.0098,Two year,No,35,21.45,705.45,No
4544-RXFMG,0.1933,One year,DSL,8,43.45,345.5,No
0859-YGKFW,0.0426,One year,No,18,20.05,345.9,No
1150-FTQGN,0.0675,One year,Fiber optic,60,94.15,5811.8,No
9223-UCPVT,0.6913,Month-to-month,Fiber optic,1,94.4,94.4,Yes
7196-LIWRH,0.0438,Two year,No,6,19.55,124.45,No
5448-VWNAM,0.1891,Month-to-month,DSL,19,75.9,1375.6,No
1177-XZBJL,0.0146,One year,DSL,53,64.15,3491.55,No
3518-FSTWG,0.0909,Two year,Fiber optic,72,109.55,7920.7,No
9330-VOFSZ,0.0865,Two year,Fiber optic,60,110.8,6640.7,No
4351-QLCSU,0.4638,Month-to-month,DSL,1,55.0,55.0,Yes
0939-EREMR,0.1863,Month-to-month,DSL,13,53.45,718.1,No
9389-ACWBI,0.4608,Month-to-month,Fiber optic,5,69.95,320.4,No
5419-JPRRN,0.7898,Month-to-month,Fiber optic,1,101.45,101.45,Yes
3644-QXEHN,0.598,Month-to-month,Fiber optic,13,97.0,1334.45,No
2911-IJORQ,0.0917,One year,DSL,37,90.6,3358.65,No
5921-NGYRH,0.1149,Month-to-month,Fiber optic,64,73.55,4764.0,No
2100-BDNSN,0.335,Month-to-month,DSL,5,67.95,350.3,Yes
5998-DZLYR,0.0655,Two year,Fiber optic,61,94.35,5703.0,No
0488-GSLFR,0.7053,Month-to-month,Fiber optic,1,69.5,69.5,Yes
9318-NKNFC,0.2526,Month-to-month,No,1,18.85,18.85,Yes
3985-HOYPM,0.0292,One year,No,26,19.4,525.55,No
9728-FTTVZ,0.694,Month-to-month,Fiber optic,1,69.2,69.2,Yes
9548-LERKT,0.019,Two year,No,24,19.75,483.15,No
6576-FBXOJ,0.2887,One year,DSL,17,54.6,934.8,No
4310-KEDTB,0.2254,Month-to-month,DSL,26,29.8,786.5,No
7254-IQWOZ,0.6999,Month-to-month,Fiber optic,1,69.65,69.65,Yes
2474-BRUCM,0.5002,Month-to-month,Fiber optic,40,101.85,4086.3,Yes
4062-HBMOS,0.4996,Month-to-month,Fiber optic,52,103.05,5364.8,No
0742-NXBGR,0.6253,Month-to-month,Fiber optic,1,82.3,82.3,Yes
2676-ISHSF,0.1836,Month-to-month,No,1,20.3,20.3,No
9236-NDUCW,0.0478,Two year,DSL,21,35.1,770.4,No
4753-PADAS,0.1685,One year,Fiber optic,67,105.7,6816.95,No
6103-QCKFX,0.0349,Month-to-month,DSL,44,56.25,2419.55,No
7781-EWARA,0.0369,One year,DSL,70,60.35,4138.7,No
6110-OHIHY,0.6491,Month-to-month,Fiber optic,3,79.25,267.6,Yes
7018-FPXHH,0.0124,Two year,DSL,56,59.8,3457.45,No
5889-LFOLL,0.7283,Month-to-month,Fiber optic,13,84.6,1115.2,Yes
5708-EVONK,0.205,Month-to-month,Fiber optic,58,93.4,5435.6,Yes
8708-XPXHZ,0.5323,Month-to-month,Fiber optic,42,94.2,4186.3,Yes
0616-ATFGB,0.664,Month-to-month,DSL,1,25.05,25.05,Yes
0572-ZJKLT,0.0487,Two year,Fiber optic,46,99.65,4630.2,No
5135-RDDQL,0.0075,Two year,DSL,63,50.65,3221.25,No
1353-LJWEM,0.2784,Month-to-month,DSL,11,60.9,688.5,No
1794-SWWKL,0.233,Month-to-month,DSL,15,59.65,867.1,No
6166-YIPFO,0.0167,Two year,DSL,72,64.7,4746.05,No
7016-BPGEU,0.2651,Month-to-month,DSL,29,25.1,712.85,Yes
6876-ADESB,0.4169,Month-to-month,DSL,1,48.95,48.95,Yes
9332-GYWLO,0.4279,Month-to-month,DSL,6,54.85,355.1,No
1963-SVUCV,0.441,Month-to-month,DSL,1,45.3,45.3,Yes
4184-VODJZ,0.1847,One year,Fiber optic,63,91.35,5764.7,No
0220-EBGCE,0.7338,Month-to-month,Fiber optic,2,85.85,167.3,Yes
1092-WPIVQ,0.0335,Two year,No,18,25.1,428.45,No
7233-IOQNP,0.0566,Month-to-month,DSL,43,34.0,1505.35,No
2834-JKOOW,0.1094,One year,DSL,15,45.9,693.45,No
2754-VDLTR,0.6279,Month-to-month,Fiber optic,10,95.2,930.4,Yes
2400-FEQME,0.0037,Two year,No,55,20.5,1177.95,No
3190-XFANI,0.202,One year,Fiber optic,49,100.6,5069.65,Yes
7551-DACSP,0.2739,Month-to-month,DSL,6,55.3,324.25,Yes
4957-SREEC,0.0018,Two year,No,70,20.35,1458.1,No
7235-NXZCP,0.7241,Month-to-month,Fiber optic,2,74.85,156.4,Yes
0230-UBYPQ,0.0212,One year,DSL,63,36.1,2298.9,No
4923-ADWXJ,0.1876,Month-to-month,DSL,25,65.8,1679.65,No
1763-KUAAW,0.0549,One year,No,18,20.35,369.6,No
1104-TNLZA,0.5826,Month-to-month,Fiber optic,28,105.8,2998.0,No
5195-KPUNQ,0.0889,One year,Fiber optic,53,96.75,5206.55,No
0520-FDVVT,0.288,One year,Fiber optic,35,102.35,3626.1,Yes
3439-GVUSX,0.5057,Month-to-month,DSL,1,24.4,24.4,No
1444-VVSGW,0.0655,One year,Fiber optic,70,115.65,7968.85,Yes
5712-PTIWW,0.5868,Month-to-month,Fiber optic,2,79.85,152.45,Yes
5949-HGVJL,0.2755,Month-to-month,DSL,26,73.05,1959.5,No
5203-XEHAX,0.0714,One year,DSL,34,64.35,2053.05,No
1635-HDGFT,0.0242,Two year,No,19,20.5,398.55,No
3315-TOTBP,0.5473,Month-to-month,Fiber optic,15,76.0,1130.85,Yes
8050-XGRVL,0.0107,One year,DSL,62,54.75,3425.35,No
6661-HBGWL,0.482,Month-to-month,Fiber optic,42,104.75,4323.45,Yes
1518-VOWAV,0.4143,Month-to-month,DSL,9,74.65,703.55,Yes
9828-QHFBK,0.2139,Month-to-month,DSL,24,51.15,1275.7,No
3908-MKIMJ,0.0171,Two year,DSL,68,41.95,2965.75,No
5012-YSPJJ,0.0726,Month-to-month,DSL,31,54.35,1647.0,No
5909-ECHUI,0.5453,Month-to-month,DSL,1,56.25,56.25,Yes
1309-BXVOQ,0.6259,Month-to-month,Fiber optic,21,106.1,2249.95,Yes
6728-VOIFY,0.1782,One year,Fiber optic,63,96.0,6109.75,No
9317-WZPGV,0.7191,Month-to-month,Fiber optic,2,79.75,159.4,Yes
4891-NLUBA,0.0235,Two year,DSL,61,61.45,3751.15,No
2856-HYAPG,0.6347,Month-to-month,Fiber optic,1,68.65,68.65,Yes
8969-PRHFK,0.0529,One year,No,18,19.65,411.25,No
0661-KQHNK,0.0848,One year,No,6,19.0,105.5,No
8709-KRDVL,0.6212,Month-to-month,Fiber optic,33,100.0,3320.6,No
4488-PSYCG,0.1055,Month-to-month,No,16,20.25,327.45,Yes
1427-VERSM,0.3279,Month-to-month,Fiber optic,56,98.7,5669.5,No
9801-NOSHQ,0.0341,One year,No,23,19.8,465.45,No
6339-YPSAH,0.6237,Month-to-month,Fiber optic,9,73.8,704.3,No
3621-CEOVK,0.7735,Month-to-month,Fiber optic,14,100.2,1369.8,Yes
6906-ANDWJ,0.5558,Month-to-month,Fiber optic,15,74.9,1107.25,Yes
2159-TURXX,0.1614,Month-to-month,No,5,20.05,95.55,No
1548-FEHVL,0.3522,Month-to-month,Fiber optic,61,106.2,6375.2,No
3795-CAWEX,0.0473,Two year,Fiber optic,70,116.55,8152.3,No
6215-NQCPY,0.6869,Month-to-month,Fiber optic,15,99.7,1566.75,No
5647-URDKA,0.0386,Two year,No,8,19.7,130.25,No
2229-DPMBI,0.0401,Two year,No,8,19.5,162.15,No
9626-WEQRM,0.4491,Month-to-month,DSL,4,29.15,110.05,No
2188-SXWVT,0.0393,One year,DSL,34,55.0,1885.15,No
6258-PVZWJ,0.0169,Two year,DSL,68,90.8,6302.85,No
1094-BKOSX,0.0441,One year,DSL,45,51.0,2264.5,No
6969-MVBAI,0.7901,Month-to-month,Fiber optic,9,90.1,816.8,No
2978-XXSOG,0.1567,Month-to-month,DSL,22,59.05,1253.5,No
2342-CKIAO,0.1921,Month-to-month,No,2,20.3,41.2,No
6953-PBDIN,0.0117,Two year,DSL,70,72.95,5265.55,No
3898-BSJYF,0.094,One year,DSL,10,73.55,693.3,No
3938-YFPXD,0.0109,Two year,DSL,72,84.3,5997.1,No
7696-AMHOD,0.0512,One year,DSL,49,78.0,3824.2,No
2453-SAFNS,0.0458,One year,DSL,54,72.1,3886.05,No
9558-IHEZX,0.056,Two year,Fiber optic,71,106.75,7283.25,No
9617-UDPEU,0.0533,One year,No,22,19.25,412.55,No
6340-DACFT,0.0032,Two year,No,50,20.55,1070.25,No
4955-VCWBI,0.012,One year,No,43,20.0,817.95,No
6813-GZQCG,0.0083,Two year,No,45,24.65,1171.3,No
7426-GSWPO,0.2822,Month-to-month,Fiber optic,64,103.5,6548.65,No
3389-KTRXV,0.0273,Two year,No,23,23.85,625.65,No
3118-UHVVQ,0.0027,Two year,No,68,25.8,1911.5,No
1031-IIDEO,0.7068,Month-to-month,Fiber optic,1,70.85,70.85,Yes
5832-XKAES,0.5995,Month-to-month,Fiber optic,2,69.8,134.7,Yes
3205-MXZRA,0.0725,One year,DSL,26,59.45,1507.0,No
4701-AHWMW,0.1312,Month-to-month,DSL,55,54.55,2978.3,Yes
8317-BVKSO,0.2117,Month-to-month,No,14,20.05,299.3,No
5702-KVQRD,0.0187,Two year,DSL,71,82.55,5832.65,No
0083-PIVIK,0.0293,One year,DSL,64,81.25,5567.55,No
9210-IAHGH,0.3557,Month-to-month,DSL,7,70.75,450.8,Yes
6169-PGNCD,0.0099,Two year,DSL,57,74.3,4166.35,No
0023-XUOPT,0.5991,Month-to-month,Fiber optic,13,94.1,1215.6,Yes
4592-IWTJI,0.3559,Month-to-month,DSL,3,29.7,91.7,Yes
4909-JOUPP,0.056,Two year,Fiber optic,72,109.7,7898.45,No
4657-FWVFY,0.3367,Month-to-month,Fiber optic,40,96.35,3915.4,No
2257-BOVXD,0.3127,Month-to-month,DSL,14,66.6,979.5,No
7729-JTEEC,0.4923,Month-to-month,DSL,2,44.5,90.05,No
7632-MNYOY,0.1404,One year,Fiber optic,66,110.9,7432.05,Yes
6518-LGAOV,0.5551,Month-to-month,Fiber optic,38,105.0,4026.4,Yes
7242-QZLXF,0.6338,Month-to-month,DSL,1,25.3,25.3,Yes
4576-CSAJH,0.0813,One year,DSL,22,55.15,1193.05,Yes
1000-AJSLD,0.2391,Month-to-month,No,1,20.1,20.1,Yes
9696-RMYBA,0.6234,Month-to-month,Fiber optic,5,80.1,398.55,No
8690-UPCZI,0.0617,One year,DSL,29,69.05,1958.45,No
1062-LHZOD,0.578,Month-to-month,Fiber optic,1,69.9,69.9,Yes
9770-LXDBK,0.1842,Month-to-month,No,3,20.4,63.15,No
4086-WITJG,0.0013,Two year,No,71,19.7,1301.1,No
8344-WFMFH,0.3645,Month-to-month,DSL,9,50.1,484.05,No
9600-NAXZN,0.5647,Month-to-month,Fiber optic,43,101.4,4528.0,Yes
8822-KNBHV,0.0879,One year,DSL,48,83.45,3887.85,No
8404-FYDIB,0.332,Month-to-month,Fiber optic,26,86.65,2208.75,No
2791-SFVEW,0.1446,Month-to-month,No,9,20.15,238.15,No
6457-USBER,0.7532,Month-to-month,Fiber optic,1,80.8,80.8,Yes
6762-NSODU,0.0057,Two year,No,46,19.4,958.15,No
4662-EKDPQ,0.5004,Month-to-month,DSL,2,62.05,118.3,Yes
9248-OJYKK,0.76,Month-to-month,Fiber optic,1,76.45,76.45,Yes
9888-ZCUMM,0.0173,Two year,DSL,64,60.05,3845.45,No
3398-FSHON,0.7423,Month-to-month,Fiber optic,12,91.3,1094.5,Yes
3319-DWOEP,0.7685,Month-to-month,Fiber optic,6,95.75,573.75,Yes
1074-WVEVG,0.0077,One year,No,59,20.35,1267.0,No
9979-RGMZT,0.496,One year,Fiber optic,7,94.05,633.45,No
6437-UDQJM,0.0272,Two year,DSL,72,84.1,6129.65,No
1226-IENZN,0.6826,Month-to-month,Fiber optic,16,78.75,1218.25,No
2108-GLPQB,0.1858,Month-to-month,DSL,25,55.55,1405.3,No
9259-PACGQ,0.1225,Month-to-month,DSL,34,62.65,2274.9,Yes
4415-IJZTP,0.7531,Month-to-month,Fiber optic,1,74.5,74.5,Yes
1465-VINDH,0.6387,Month-to-month,Fiber optic,10,102.1,1068.85,Yes
5474-LAMUQ,0.0366,One year,No,24,20.1,533.9,No
3468-DRVQJ,0.1725,One year,DSL,10,70.3,676.15,No
1122-YJBCS,0.0137,One year,DSL,69,53.65,3804.4,No
4990-ALDGW,0.0033,Two year,No,57,20.75,1118.8,No
4816-OKWNX,0.1388,One year,Fiber optic,50,103.4,5236.4,No
3315-IKYZQ,0.0796,One year,DSL,28,50.8,1386.8,No
2810-FTLEM,0.2849,Month-to-month,DSL,16,50.15,762.25,Yes
4747-LCAQL,0.1383,Month-to-month,DSL,25,79.0,1902.0,No
3411-WLRSQ,0.6153,Month-to-month,Fiber optic,3,74.6,239.05,No
0898-XCGTF,0.2286,One year,Fiber optic,61,96.5,5673.7,No
8006-PYCSW,0.2061,Month-to-month,No,2,20.1,39.8,No
8249-THVEC,0.0088,One year,No,51,19.4,997.75,No
8722-PRFDV,0.0089,Two year,DSL,71,77.55,5574.35,No
2164-SOQXL,0.0753,Month-to-month,No,20,20.05,406.05,No
4020-KIUDI,0.1413,Month-to-month,No,6,19.85,138.85,No
5850-BDWCY,0.1633,Month-to-month,No,6,20.2,123.65,No
2038-YSEZE,0.0889,Month-to-month,DSL,29,67.45,1801.1,No
0827-ITJPH,0.0145,Two year,No,36,18.55,689.0,No
8799-OXZMD,0.2555,Month-to-month,DSL,28,29.75,790.7,No
1925-TIBLE,0.7386,Month-to-month,Fiber optic,7,86.5,582.5,Yes
1705-GUHPV,0.0035,Two year,No,63,24.2,1618.2,No
4779-ZGICK,0.0066,Two year,No,48,23.55,1173.35,No
0048-PIHNL,0.0126,One year,No,49,20.45,900.9,No
0818-OCPZO,0.5734,Month-to-month,Fiber optic,27,81.45,2122.05,Yes
3967-KXAPS,0.0109,Two year,DSL,72,92.3,6719.9,No
1447-GIQMR,0.6983,Month-to-month,Fiber optic,1,69.15,69.15,Yes
3704-IEAXF,0.0092,Two year,DSL,72,53.65,3784.0,No
6810-VCAEX,0.0227,One year,DSL,47,39.65,1798.65,No
0674-EYYZV,0.593,Month-to-month,DSL,1,54.65,54.65,No
4480-MBMLB,0.3287,One year,Fiber optic,36,104.8,3886.45,No
1395-OFUWC,0.0821,Month-to-month,DSL,43,29.3,1224.05,No
0822-QGCXA,0.2903,Month-to-month,DSL,27,83.85,2310.2,No
0872-NXJYS,0.6909,Month-to-month,Fiber optic,9,79.55,723.4,Yes
2832-KJCRD,0.538,Month-to-month,Fiber optic,38,103.65,3988.5,No
3588-WSTTJ,0.6139,Month-to-month,Fiber optic,35,99.05,3554.6,No
4075-WKNIU,0.0965,Two year,DSL,0,73.35,0.0,No
5090-EMGTC,0.0755,Two year,Fiber optic,59,100.05,6034.85,No
2346-CZYIL,0.0173,Two year,No,27,20.35,531.6,No
3798-EPWRR,0.4842,Month-to-month,DSL,2,43.95,85.1,No
6258-NGCNG,0.1788,Month-to-month,No,7,23.5,173.0,No
4186-ZBUEW,0.0874,One year,DSL,36,70.7,2511.95,No
5274-XHAKY,0.2855,Month-to-month,Fiber optic,41,94.3,3893.6,No
1442-BQPVU,0.4138,Month-to-month,DSL,13,29.15,357.15,No
3978-YNKDD,0.0236,Two year,No,19,20.85,467.5,No
4940-KHCWD,0.0064,Two year,DSL,60,37.7,2288.7,No
9412-ARGBX,0.0589,Two year,Fiber optic,48,95.5,4627.85,Yes
1389-CXMLU,0.7106,Month-to-month,Fiber optic,3,91.05,289.1,Yes
9589-ABEPT,0.0519,Two year,Fiber optic,69,92.45,6460.55,No
9388-ZEYVT,0.0826,One year,DSL,43,44.15,1931.3,No
0305-SQECB,0.1413,One year,DSL,11,36.05,402.6,No
7605-SNLQG,0.0969,Month-to-month,DSL,45,50.25,2221.55,No
4670-TABXH,0.0638,Two year,Fiber optic,72,109.75,7758.9,No
5561-NWEVX,0.7163,Month-to-month,Fiber optic,2,79.2,172.85,Yes
0064-SUDOG,0.0337,Two year,No,12,20.3,224.5,No
8561-NMTBD,0.1239,One year,Fiber optic,67,112.35,7388.45,No
5161-XEUVX,0.0878,Two year,Fiber optic,37,94.3,3460.95,No
8292-FRFZQ,0.0425,One year,DSL,39,41.15,1700.9,No
8591-NXRCV,0.1261,Month-to-month,DSL,41,74.65,3090.65,No
7895-VONWT,0.5183,Month-to-month,DSL,25,48.25,1293.8,No
4526-RMTLL,0.0766,Two year,DSL,8,76.15,645.8,No
6253-GNHWH,0.0048,Two year,DSL,71,71.1,5224.95,No
4566-NECEV,0.6625,Month-to-month,Fiber optic,5,96.55,500.1,No
8080-POTJR,0.1586,One year,DSL,30,79.3,2427.1,No
6906-MPARY,0.1544,One year,Fiber optic,40,89.6,3488.15,No
3662-FXJFO,0.0042,Two year,No,54,20.5,1035.7,No
8107-RZLNV,0.0856,Two year,Fiber optic,72,106.3,7565.35,No
0516-OOHAR,0.2203,One year,Fiber optic,28,100.35,2799.0,No
2027-CWDNU,0.5366,Month-to-month,Fiber optic,18,85.6,1601.5,No
2737-WFVYW,0.7395,Month-to-month,DSL,2,45.25,85.5,Yes
9912-OMZDS,0.2786,One year,Fiber optic,59,106.15,6256.2,No
3733-ZEECP,0.2428,Month-to-month,DSL,22,51.1,1232.9,No
7878-RTCZG,0.1838,Month-to-month,No,1,19.9,19.9,No
2452-MRMZF,0.0051,Two year,No,72,25.7,1937.4,No
2272-QAGFO,0.6894,Month-to-month,Fiber optic,14,74.3,1096.25,Yes
7103-IPXPJ,0.2442,One year,Fiber optic,50,99.4,5059.75,No
4342-HFXWS,0.0178,One year,DSL,48,69.7,3023.65,No
3545-CNWRG,0.4513,Month-to-month,Fiber optic,49,98.35,4889.2,No
1785-BPHTP,0.4059,Month-to-month,Fiber optic,28,85.45,2289.9,No
4989-LIXVT,0.3565,Month-to-month,Fiber optic,68,95.9,6503.2,No
7315-WYOAW,0.6103,Month-to-month,Fiber optic,13,100.75,1313.25,No
1173-XZPYF,0.726,Month-to-month,Fiber optic,11,89.2,990.3,No
9850-OWRHQ,0.664,Month-to-month,Fiber optic,3,74.1,228.0,Yes
3768-NLUBH,0.4468,Month-to-month,Fiber optic,57,100.6,5746.15,Yes
8676-TRMJS,0.5652,Month-to-month,Fiber optic,3,75.0,209.1,Yes
2509-TFPJU,0.0022,Two year,No,72,25.75,1864.2,No
9530-GRMJG,0.024,Two year,DSL,70,84.1,5979.7,No
6898-RBTLU,0.0249,Two year,DSL,49,79.3,3902.45,No
5481-NTDOH,0.1884,One year,Fiber optic,67,107.05,7142.5,No
2068-WWXQZ,0.0057,Two year,No,46,20.05,902.0,No
7359-SSBJK,0.0096,Two year,DSL,64,70.2,4481.0,Yes
2061-VVFST,0.0441,Month-to-month,No,37,19.5,805.2,No
0685-MLYYM,0.6574,Month-to-month,Fiber optic,2,70.75,154.85,Yes
0749-IRGQE,0.6183,Month-to-month,DSL,13,45.3,528.45,No
2380-DAMQP,0.051,Two year,Fiber optic,72,115.15,8349.7,No
2256-YLYLP,0.0141,Two year,DSL,68,72.95,4953.25,No
1272-ILHFG,0.0446,One year,No,15,19.65,332.65,No
0164-XAIRP,0.0287,Two year,No,24,19.55,470.2,No
5666-CYCYZ,0.5779,Month-to-month,Fiber optic,24,89.55,2259.35,No
4011-ARPHK,0.1021,Month-to-month,DSL,27,50.35,1411.35,No
8182-PNAGI,0.1824,Month-to-month,DSL,12,50.25,593.75,Yes
6365-HITVU,0.0064,Two year,DSL,71,87.25,6328.7,No
7558-IMLMT,0.0027,Two year,No,67,20.8,1411.9,No
9488-FYQAU,0.091,Two year,Fiber optic,63,109.25,6841.4,No
3590-TCXTB,0.1904,Month-to-month,No,1,20.35,20.35,No
6994-KERXL,0.5531,Month-to-month,DSL,4,55.9,238.5,No
7957-RYHQD,0.2416,Month-to-month,Fiber optic,40,79.2,3233.85,Yes
2180-DXNEG,0.71,Month-to-month,Fiber optic,12,96.0,1062.1,Yes
1960-UOTYM,0.0205,Two year,DSL,52,79.2,4016.3,No
2740-JFBOK,0.2708,Month-to-month,No,10,24.0,226.55,No
6500-JVEGC,0.0744,One year,Fiber optic,68,101.35,7110.75,No
5515-AKOAJ,0.3827,Month-to-month,Fiber optic,54,100.1,5440.9,Yes
8976-OQHGT,0.1834,Month-to-month,DSL,4,56.5,235.1,Yes
5245-VDBUR,0.0289,One year,DSL,52,35.45,1958.95,No
6230-BSUXY,0.7686,Month-to-month,Fiber optic,1,85.0,85.0,Yes
8469-SNFFH,0.0167,One year,DSL,70,79.4,5528.9,No
2144-ESWKO,0.0645,One year,DSL,43,35.2,1463.7,No
1241-FPMOF,0.0043,Two year,No,52,19.65,1025.05,No
9928-BZVLZ,0.069,Two year,DSL,12,49.85,552.1,No
4114-QMKVN,0.0271,One year,DSL,56,68.75,3815.4,No
2775-SEFEE,0.0823,Two year,DSL,0,61.9,0.0,No
9003-CPATH,0.3547,Month-to-month,Fiber optic,42,79.9,3313.4,No
1754-GKYPY,0.6442,Month-to-month,Fiber optic,22,89.75,1938.9,No
5294-CDGWY,0.0656,One year,DSL,51,59.3,3014.65,Yes
7956-XQWGU,0.0839,Month-to-month,No,27,19.4,460.25,No
1591-MQJTP,0.2233,One year,Fiber optic,51,93.65,4839.15,No
5295-PCJOO,0.3469,Month-to-month,DSL,4,49.4,184.4,Yes
2369-FEVNO,0.2657,Month-to-month,No,1,19.9,19.9,No
9863-JZAIC,0.1311,Month-to-month,DSL,35,55.0,2010.55,Yes
7471-MQPOS,0.0312,One year,DSL,71,72.9,5139.65,No
7660-HDPJV,0.7039,Month-to-month,Fiber optic,1,69.2,69.2,Yes
5115-SQAAU,0.0046,Two year,No,69,25.6,1673.4,No
9845-QOMAD,0.0595,One year,No,14,19.75,309.35,No
7672-VFMXZ,0.0436,Month-to-month,DSL,57,55.7,3171.6,No
9739-JLPQJ,0.0361,Two year,Fiber optic,72,117.5,8670.1,No
9916-AYHTC,0.0058,Two year,No,48,19.85,916.0,No
3855-ONCAR,0.6418,Month-to-month,Fiber optic,4,78.9,299.75,No
1488-SYSFC,0.0684,Month-to-month,No,31,20.65,702.05,No
7931-PXHFC,0.0727,One year,DSL,38,62.3,2354.8,Yes
3990-QYKBE,0.6645,Month-to-month,Fiber optic,37,92.5,3473.4,Yes
0970-QXPXW,0.201,Month-to-month,No,1,19.65,19.65,No
3259-KNMRR,0.0534,Two year,DSL,57,79.75,4438.2,No
6120-RJKLU,0.0198,Two year,DSL,62,79.95,4819.75,No
9572-WUKSB,0.5232,Month-to-month,DSL,3,29.9,92.25,No
5893-KCLGT,0.0019,Two year,No,72,19.75,1567.0,No
0076-LVEPS,0.1131,Month-to-month,DSL,29,45.0,1242.45,No
3640-JQGJG,0.1967,Month-to-month,DSL,13,44.8,559.2,No
4919-MOAVT,0.593,Month-to-month,Fiber optic,3,69.65,220.1,Yes
1596-OQSPS,0.3028,Month-to-month,DSL,11,51.1,531.15,No
9867-XOBQA,0.0461,Two year,DSL,21,53.15,1183.2,No
9546-KDTRB,0.1297,Month-to-month,No,19,24.7,465.85,No
3090-HAWSU,0.079,Two year,Fiber optic,61,111.6,6876.05,Yes
9820-RMCQV,0.1816,Month-to-month,DSL,11,48.55,501.0,Yes
3174-RKMOW,0.4665,Month-to-month,Fiber optic,35,109.95,3782.4,No
1760-CAZHT,0.0587,Month-to-month,No,25,20.8,460.2,No
7839-QRKXN,0.249,Month-to-month,No,1,20.2,20.2,Yes
8441-SHIPE,0.0036,Two year,No,67,25.6,1790.35,No
5204-QZXPU,0.5035,Month-to-month,DSL,19,39.65,733.35,Yes
4597-ELFTS,0.0145,One year,No,56,24.9,1334.0,Yes
1320-GVNHT,0.0531,Two year,Fiber optic,72,108.4,7767.25,No
1047-RNXZV,0.0074,Two year,No,43,19.55,876.15,No
3541-ZNUHK,0.2104,Month-to-month,Fiber optic,55,85.1,4600.95,No
8450-JOVAH,0.2771,Month-to-month,DSL,2,56.7,113.55,Yes
8725-JEDFD,0.398,Month-to-month,Fiber optic,27,69.05,1793.25,No
7562-UXTPG,0.502,Month-to-month,Fiber optic,13,70.15,886.7,No
8071-SBTRN,0.0763,Two year,Fiber optic,70,111.15,7737.55,No
1113-IUJYX,0.1659,One year,Fiber optic,14,105.95,1348.9,Yes
6668-CNMFP,0.2789,One year,Fiber optic,19,89.35,1686.85,No
5626-MGTUK,0.5341,Month-to-month,Fiber optic,20,89.1,1879.25,No
5681-LLOEI,0.0983,One year,Fiber optic,43,91.25,4013.8,No
8212-DJRCH,0.4688,Month-to-month,Fiber optic,5,90.35,434.5,No
4323-OHFOW,0.1386,One year,Fiber optic,70,105.55,7195.35,No
4933-BSAIP,0.008,Two year,No,40,19.1,780.1,No
2030-BTZRO,0.0485,Two year,No,6,20.4,107.6,No
1116-DXXDF,0.1517,Two year,Fiber optic,39,100.45,3801.7,No
9274-CNFMO,0.7196,Month-to-month,Fiber optic,4,74.95,308.7,Yes
7758-XKCBS,0.3844,Month-to-month,DSL,15,29.7,438.25,Yes
8992-JQYUN,0.747,Month-to-month,DSL,1,50.35,50.35,Yes
6563-VNPMN,0.1626,Month-to-month,Fiber optic,45,85.7,3778.1,No
0617-AQNWT,0.0117,Two year,DSL,64,47.85,3147.5,Yes
2267-WTPYD,0.2408,Month-to-month,Fiber optic,57,94.0,5438.95,No
0270-THENM,0.0043,Two year,DSL,72,69.85,5102.35,No
2446-PLQVO,0.6977,Month-to-month,Fiber optic,1,70.3,70.3,Yes
4707-MAXGU,0.0024,Two year,No,72,25.85,1872.2,No
2710-WYVXG,0.0559,Two year,DSL,3,71.1,213.35,No
3005-NFMTA,0.4341,Month-to-month,Fiber optic,55,98.8,5617.75,Yes
6300-BWMJX,0.2168,Month-to-month,Fiber optic,59,93.35,5386.5,No
8784-CGILN,0.5795,Month-to-month,Fiber optic,18,99.85,1776.95,Yes
5389-FFVKB,0.4386,Month-to-month,Fiber optic,32,80.3,2483.05,Yes
7009-LGECI,0.3417,Month-to-month,DSL,4,50.55,235.65,No
8444-WRIDW,0.1996,Month-to-month,Fiber optic,66,80.45,5224.35,Yes
5022-KVDQT,0.5509,Month-to-month,Fiber optic,27,81.3,2272.8,No
7976-CICYS,0.2071,Month-to-month,No,4,20.7,83.75,No
1036-GUDCL,0.0397,Month-to-month,DSL,60,79.05,4663.4,No
2005-DWQZJ,0.0407,Two year,No,8,19.05,201.7,No
8148-WOCMK,0.0391,Two year,No,8,19.6,125.0,No
7815-PDTHL,0.0167,Two year,No,35,20.2,684.4,No
9451-LPGOO,0.7551,Month-to-month,Fiber optic,7,86.8,620.35,Yes
9173-IVZVP,0.0028,Two year,No,53,20.9,1146.05,No
9129-UXERG,0.6163,Month-to-month,Fiber optic,18,103.6,1806.35,No
3635-JBPSG,0.1833,Two year,DSL,15,38.8,603.0,No
7964-ZRKKG,0.1359,One year,Fiber optic,67,88.4,5798.3,No
5868-YWPDW,0.7224,Month-to-month,Fiber optic,6,84.2,519.15,Yes
6229-LSCKB,0.7606,Month-to-month,Fiber optic,6,79.7,497.6,No
2025-JKFWI,0.592,Month-to-month,Fiber optic,13,99.0,1301.7,Yes
4078-SAYYN,0.7524,Month-to-month,Fiber optic,11,100.75,1129.75,Yes
1724-IQWNM,0.2274,Month-to-month,No,1,19.3,19.3,No
8217-QYOHV,0.2316,Month-to-month,DSL,5,55.75,266.95,No
5546-QUERU,0.0956,One year,No,13,19.95,257.0,No
9940-HPQPG,0.3578,Month-to-month,Fiber optic,9,91.75,865.8,Yes
6897-UUBNU,0.2816,Month-to-month,Fiber optic,29,89.65,2623.65,No
6127-IYJOZ,0.4859,Month-to-month,DSL,1,45.85,45.85,No
6618-RYATB,0.6924,Month-to-month,Fiber optic,1,79.55,79.55,Yes
8930-XOTDP,0.2223,Month-to-month,DSL,18,55.95,1082.8,No
5916-QEWPT,0.4095,Month-to-month,DSL,2,69.0,147.8,No
5060-TQUQN,0.3266,Month-to-month,Fiber optic,30,83.55,2570.2,No
0531-XBKMM,0.0049,Two year,DSL,66,65.7,4378.9,No
8465-SBRXP,0.0987,Two year,Fiber optic,38,94.9,3616.25,No
2408-PSJVE,0.0546,Month-to-month,DSL,44,61.9,2924.05,No
9079-YEXQJ,0.2928,Month-to-month,Fiber optic,54,111.1,6014.85,Yes
9700-ZCLOT,0.2036,Month-to-month,No,2,20.0,32.7,No
8738-JOKAR,0.0456,One year,DSL,42,67.7,2882.25,No
4534-WGCIR,0.0037,Two year,No,58,25.15,1509.9,No
1930-WNXSB,0.3153,Month-to-month,Fiber optic,58,92.85,5305.05,No
2685-SREOM,0.6189,Month-to-month,Fiber optic,25,89.1,2368.4,Yes
3508-CFVZL,0.045,Two year,Fiber optic,71,111.3,7985.9,No
0402-CQAJN,0.4857,Month-to-month,Fiber optic,37,101.9,3545.35,Yes
6692-UDPJC,0.5995,Month-to-month,Fiber optic,14,91.65,1301.0,Yes
1273-MTETI,0.802,Month-to-month,Fiber optic,4,88.85,372.45,Yes
0657-DOGUM,0.0375,One year,DSL,48,60.6,2985.25,No
5480-HPRRX,0.6293,Month-to-month,DSL,3,25.3,77.75,Yes
8792-AOROI,0.0623,Two year,DSL,8,65.5,564.35,No
0295-PPHDO,0.8077,Month-to-month,Fiber optic,1,95.45,95.45,Yes
5146-YYFRZ,0.0017,Two year,No,67,19.95,1311.75,No
1195-OIYEJ,0.698,Month-to-month,Fiber optic,13,91.1,1135.7,Yes
5906-CVLHP,0.0245,One year,DSL,45,54.15,2319.8,Yes
3452-SRFEG,0.2839,Month-to-month,Fiber optic,49,74.6,3720.35,No
4070-OKWVH,0.2662,Month-to-month,Fiber optic,52,94.6,5025.8,No
5297-MDOIR,0.0533,One year,Fiber optic,63,81.15,5224.5,No
6369-MCAKO,0.0156,Two year,DSL,68,89.05,6185.8,No
4926-UMJZD,0.1404,Month-to-month,DSL,31,49.2,1498.55,No
6848-HJTXY,0.0026,Two year,No,64,19.45,1208.6,No
6341-AEVKX,0.1173,One year,Fiber optic,62,104.3,6613.65,No
4501-EQDRN,0.5601,Month-to-month,Fiber optic,1,69.7,69.7,Yes
2990-HWIML,0.7634,Month-to-month,Fiber optic,6,89.5,573.3,Yes
0682-USIXD,0.5026,Month-to-month,Fiber optic,21,86.05,1818.9,No
6976-BWGLQ,0.0019,Two year,No,72,25.2,1787.35,No
7078-NVFAM,0.1931,Month-to-month,DSL,32,35.15,1051.05,No
8065-QBYTO,0.0882,One year,Fiber optic,71,99.65,7181.25,No
2133-TSRRM,0.3545,Month-to-month,Fiber optic,34,105.35,3688.6,No
7384-GHBPI,0.6952,Month-to-month,DSL,3,35.15,99.75,Yes
7603-USHJS,0.5322,Month-to-month,Fiber optic,12,73.75,871.4,Yes
7234-FECYN,0.7549,Month-to-month,Fiber optic,8,101.35,780.5,Yes
2511-ALLCS,0.0127,Two year,No,35,24.3,821.6,No
3191-CSNMG,0.7175,Month-to-month,Fiber optic,3,80.7,239.45,No
7952-OBOYL,0.5611,Month-to-month,Fiber optic,3,89.85,244.45,No
7470-DYNOE,0.0811,One year,DSL,53,61.1,3357.9,No
7853-OETYL,0.5475,Month-to-month,DSL,4,29.05,129.6,No
1545-ACTAS,0.1809,One year,Fiber optic,48,99.7,4977.2,No
5876-HZVZM,0.1749,Month-to-month,DSL,6,55.9,365.35,Yes
1400-MMYXY,0.8205,Month-to-month,Fiber optic,3,105.9,334.65,Yes
5126-RCXYW,0.0169,Two year,DSL,54,46.0,2424.05,No
3085-QUOZK,0.3451,Month-to-month,DSL,1,43.95,43.95,Yes
2363-BJLSL,0.0817,Month-to-month,DSL,62,80.4,4981.15,No
1956-YIFGE,0.3535,One year,Fiber optic,22,100.05,2090.25,No
3926-CUQZX,0.4376,Month-to-month,DSL,1,45.1,45.1,Yes
7921-LMDFQ,0.2449,One year,Fiber optic,51,94.0,4905.75,No
2925-MXLSX,0.1271,One year,DSL,30,68.95,2038.7,No
5820-PTRYM,0.0297,One year,DSL,56,68.45,4014.0,No
9609-BENEA,0.1267,One year,DSL,35,69.0,2441.7,No
6211-WHMYA,0.0986,Month-to-month,DSL,64,43.85,2751.0,No
4459-BBGHE,0.4262,Month-to-month,DSL,30,44.5,1307.8,No
9945-PSVIP,0.0192,Two year,No,25,18.7,383.65,No
1041-RXHRA,0.2231,Month-to-month,Fiber optic,41,70.25,2868.05,Yes
1750-CSKKM,0.3579,Month-to-month,DSL,9,55.35,449.75,Yes
9108-EJFJP,0.3122,Month-to-month,DSL,1,53.55,53.55,No
0530-IJVDB,0.0651,Two year,Fiber optic,70,114.6,7882.5,No
0508-SQWPL,0.0038,Two year,No,57,20.1,1087.7,No
2215-ZAFGX,0.726,Month-to-month,Fiber optic,9,85.5,791.7,No
8213-TAZPM,0.1289,One year,Fiber optic,69,108.75,7493.05,No
7142-HVGBG,0.5796,Month-to-month,Fiber optic,43,103.0,4414.3,Yes
1304-SEGFY,0.1134,Two year,Fiber optic,72,97.85,6841.3,No
7242-EDTYC,0.0061,Two year,No,44,19.55,819.95,No
2904-GGUAZ,0.0368,Two year,Fiber optic,72,84.05,6052.25,No
8267-ZNYVZ,0.2581,One year,Fiber optic,33,103.75,3361.05,Yes
5136-GFPMB,0.2216,Month-to-month,Fiber optic,54,89.4,4869.5,No
2595-KIWPV,0.0126,Two year,No,27,19.7,509.3,No
5243-SAOTC,0.2348,Month-to-month,Fiber optic,54,79.85,4308.25,No
9398-MMQTO,0.4661,Month-to-month,Fiber optic,3,74.45,221.1,No
7619-PLRLP,0.0391,One year,DSL,53,74.1,3833.95,No
6457-GIRWB,0.6994,Month-to-month,Fiber optic,1,69.35,69.35,Yes
6508-NJYRO,0.0527,One year,No,15,18.8,294.95,No
1450-SKCVI,0.187,Month-to-month,Fiber optic,56,73.85,4092.85,Yes
4710-NKCAW,0.156,Month-to-month,DSL,5,64.4,316.9,No
5306-BVTKJ,0.0383,One year,DSL,48,55.8,2651.2,No
0357-NVCRI,0.0639,Month-to-month,No,25,20.05,471.7,No
5570-PTWEH,0.6676,Month-to-month,Fiber optic,3,75.15,216.75,Yes
2371-KFUOG,0.0871,One year,Fiber optic,58,99.15,5720.95,No
0463-ZSDNT,0.4197,Month-to-month,DSL,10,56.75,503.25,No
6502-MJQAE,0.7051,Month-to-month,Fiber optic,1,69.6,69.6,Yes
6257-DTAYD,0.0589,Two year,Fiber optic,71,104.15,7365.3,No
4616-ULAOA,0.0707,Two year,Fiber optic,65,110.8,7245.9,No
7693-LCKZL,0.6438,Month-to-month,Fiber optic,5,80.15,385.0,Yes
7746-AWNQW,0.1855,Month-to-month,DSL,28,35.75,961.4,No
5996-EBTKM,0.0174,Two year,DSL,67,69.9,4615.9,No
2758-RNWXS,0.181,One year,Fiber optic,35,89.2,3251.3,No
2314-TNDJQ,0.0057,Two year,DSL,72,55.65,3880.05,No
2405-LBMUW,0.0222,One year,DSL,61,50.7,3088.75,No
3454-JFUBC,0.004,Two year,No,68,20.0,1396.0,No
0032-PGELS,0.3416,Month-to-month,DSL,1,30.5,30.5,Yes
9039-ZVJDC,0.2181,Month-to-month,No,3,19.1,53.05,No
6797-LNAQX,0.065,Two year,Fiber optic,70,98.3,6859.5,Yes
9013-AQORL,0.1052,Month-to-month,DSL,48,45.55,2108.35,No
2898-MRKPI,0.1544,One year,Fiber optic,68,101.05,6770.5,No
2750-BJLSB,0.1866,One year,Fiber optic,47,103.7,4730.6,No
3648-GZPHF,0.0776,One year,DSL,32,36.25,1151.05,No
2075-RMJIK,0.2808,Month-to-month,DSL,5,49.4,232.55,No
9588-YRFHY,0.0081,Two year,No,49,19.9,1022.6,No
6394-MFYNG,0.4166,Month-to-month,Fiber optic,48,107.4,5121.3,Yes
1564-NTYXF,0.7587,Month-to-month,Fiber optic,13,82.0,1127.2,Yes
9364-YKUVW,0.1511,Month-to-month,No,15,19.8,309.4,No
5392-AKEMH,0.3937,Month-to-month,DSL,12,45.05,523.1,No
2451-YMUXS,0.0088,Two year,DSL,67,64.55,4250.1,No
3914-FDRHP,0.5311,Month-to-month,Fiber optic,9,86.25,770.5,No
3078-ZKNTS,0.0512,Two year,No,13,19.75,246.7,No
1024-KPRBB,0.2873,One year,Fiber optic,38,89.1,3342.0,No
4690-PKDQG,0.5051,Month-to-month,Fiber optic,42,95.55,3930.6,No
8155-IBNHG,0.4585,Month-to-month,Fiber optic,24,75.4,1747.85,Yes
0886-QGENL,0.5894,Month-to-month,Fiber optic,27,101.25,2754.45,Yes
9547-ITEFG,0.6331,Month-to-month,Fiber optic,9,102.6,897.75,No
1264-FUHCX,0.0913,One year,DSL,49,56.3,2780.6,No
7789-CRUVC,0.1316,Month-to-month,Fiber optic,61,94.2,5895.45,No
6598-KELSS,0.0534,One year,DSL,50,43.05,2208.05,No
8739-WWKDU,0.6427,Month-to-month,Fiber optic,25,89.5,2196.15,Yes
8685-WHQPW,0.5709,Month-to-month,Fiber optic,22,74.4,1692.6,Yes
4745-LSPLO,0.1902,Month-to-month,No,1,20.5,20.5,Yes
8083-YTZES,0.7281,Month-to-month,Fiber optic,4,74.35,265.35,Yes
7240-FQLHE,0.5423,Month-to-month,Fiber optic,18,99.75,1836.25,Yes
6664-FPDAC,0.2965,One year,Fiber optic,56,111.95,6418.9,Yes
9972-VAFJJ,0.1655,One year,Fiber optic,53,94.0,4871.45,No
0422-UXFAP,0.3648,One year,Fiber optic,51,98.85,4947.55,No
1904-WAJAA,0.0451,Two year,DSL,24,64.35,1558.65,No
5130-YPIRV,0.0134,Two year,DSL,62,72.0,4284.2,No
2843-CQMEG,0.1991,Month-to-month,DSL,24,49.7,1218.25,No
6439-PKTRR,0.0106,Two year,DSL,70,80.7,5617.95,No
5351-QESIO,0.4796,Month-to-month,DSL,1,24.2,24.2,No
0786-VSSUD,0.5176,Month-to-month,DSL,16,39.0,679.85,Yes
5568-DMXZS,0.3691,Month-to-month,DSL,8,65.45,554.45,No
8468-FZTOE,0.0089,Two year,DSL,72,74.35,5237.4,No
6633-SYEUS,0.2794,Month-to-month,Fiber optic,23,83.2,2032.3,No
6447-GORXK,0.1645,Month-to-month,DSL,31,25.0,789.2,No
6967-PEJLL,0.0673,One year,DSL,37,40.2,1525.35,No
3976-BWUCK,0.3716,Month-to-month,Fiber optic,30,94.1,2804.45,Yes
5981-ZVXOT,0.3563,One year,Fiber optic,35,108.35,3726.15,No
1684-FLBGS,0.2158,Month-to-month,DSL,23,69.5,1652.1,No
1389-WNUIB,0.1616,One year,DSL,20,76.0,1588.75,No
0376-OIWME,0.456,Month-to-month,Fiber optic,36,93.6,3366.05,No
3585-ISXZP,0.6681,Month-to-month,Fiber optic,8,95.65,778.1,Yes
0218-QNVAS,0.1125,One year,Fiber optic,71,100.55,7113.75,No
6583-QGCSI,0.4301,Month-to-month,Fiber optic,50,88.05,4367.35,Yes
0804-YGEQV,0.0209,One year,No,43,24.45,993.15,No
7164-BPTUT,0.012,Two year,DSL,57,89.55,5012.35,No
4174-LPGTI,0.0448,One year,DSL,41,66.5,2728.6,Yes
2523-EWWZL,0.4799,Month-to-month,Fiber optic,27,76.1,2093.4,No
0928-XUTSN,0.651,Month-to-month,Fiber optic,13,80.5,1011.8,No
2108-XWMPY,0.3894,Month-to-month,DSL,3,35.45,106.85,Yes
0052-YNYOT,0.0064,One year,No,67,20.55,1343.4,No
6304-IJFSQ,0.3515,Month-to-month,DSL,3,49.9,130.1,Yes
9586-JGQKH,0.0876,Two year,Fiber optic,64,105.4,6794.75,No
4501-VCPFK,0.2507,Month-to-month,DSL,26,35.75,1022.5,No
6075-SLNIL,0.3967,Month-to-month,Fiber optic,38,95.1,3691.2,No
9347-AERRL,0.0423,One year,No,23,19.3,486.2,No
0093-XWZFY,0.4436,Month-to-month,Fiber optic,40,104.5,4036.85,Yes
2274-XUATA,0.016,Two year,DSL,72,63.1,4685.55,No
1980-KXVPM,0.7142,Month-to-month,Fiber optic,3,75.05,256.25,Yes
7703-ZEKEF,0.5662,Month-to-month,Fiber optic,23,81.0,1917.1,Yes
0723-DRCLG,0.807,Month-to-month,Fiber optic,1,74.45,74.45,Yes
5482-NUPNA,0.2164,Month-to-month,DSL,4,60.4,272.15,Yes
6691-CCIHA,0.0296,Two year,DSL,62,84.95,5150.55,No
1685-BQULA,0.4109,Month-to-month,Fiber optic,40,93.4,3756.4,No
9053-EJUNL,0.4759,Month-to-month,Fiber optic,41,89.2,3645.75,No
0666-UXTJO,0.4787,Month-to-month,Fiber optic,34,85.2,2874.45,No
1471-GIQKQ,0.4005,Month-to-month,DSL,1,49.95,49.95,No
4807-IZYOZ,0.0045,Two year,No,51,20.65,1020.75,No
1122-JWTJW,0.575,Month-to-month,Fiber optic,1,70.65,70.65,Yes
9710-NJERN,0.01,Two year,No,39,20.15,826.0,No
9837-FWLCH,0.1707,Month-to-month,No,12,19.2,239.0,No
1699-HPSBG,0.2282,One year,DSL,12,59.8,727.8,Yes
7203-OYKCT,0.217,One year,Fiber optic,72,104.95,7544.3,No
1035-IPQPU,0.4688,Month-to-month,Fiber optic,63,103.5,6479.4,No
7398-LXGYX,0.2458,Month-to-month,Fiber optic,44,84.8,3626.35,No
2823-LKABH,0.5219,Month-to-month,Fiber optic,18,95.05,1679.4,No
8775-CEBBJ,0.3569,Month-to-month,DSL,9,44.2,403.35,Yes
0550-DCXLH,0.267,Month-to-month,DSL,13,73.35,931.55,No
9281-CEDRU,0.0084,Two year,DSL,68,64.1,4326.25,No
2235-DWLJU,0.7499,Month-to-month,DSL,6,44.4,263.05,No
0871-OPBXW,0.2609,Month-to-month,No,2,20.05,39.25,No
3605-JISKB,0.0285,One year,DSL,55,60.0,3316.1,No
6894-LFHLY,0.7876,Month-to-month,Fiber optic,1,75.75,75.75,Yes
9767-FFLEM,0.293,Month-to-month,Fiber optic,38,69.5,2625.25,No
0639-TSIQW,0.172,Month-to-month,Fiber optic,67,102.95,6886.25,Yes
8456-QDAVC,0.5409,Month-to-month,Fiber optic,19,78.7,1495.1,No
7750-EYXWZ,0.2973,One year,DSL,12,60.65,743.3,No
2569-WGERO,0.0026,Two year,No,72,21.15,1419.4,No
6840-RESVB,0.1079,One year,DSL,24,84.8,1990.5,No
2234-XADUH,0.1434,One year,Fiber optic,72,103.2,7362.9,No
4801-JZAZL,0.4099,Month-to-month,DSL,11,29.6,346.45,No
8361-LTMKD,0.7021,Month-to-month,Fiber optic,4,74.4,306.6,Yes
3186-AJIEK,0.047,Two year,Fiber optic,66,105.65,6844.5,No
